{
 "type": "FeatureCollection",
 "meta": {
  "title": "Greater Manchester masterplans",
  "asOf": "2026-09-27",
  "crs": "EPSG:4326",
  "note": "Boundaries: PfE 2024 allocations and MDC boundaries from GMCA (OGL v3); MCC SRF areas from the council's illustrative My Maps layer; other sites from GMCA 2025 land supply plots; remainder hand-digitised indicative. See properties.boundary_source / confidence.",
  "boundariesUpdated": "2026-09-27"
 },
 "features": [
  {
   "type": "Feature",
   "properties": {
    "id": "victoria-north",
    "name": "Victoria North",
    "borough": "Manchester",
    "category": "housing",
    "status": "on-site",
    "lead": "Manchester City Council + Far East Consortium (FEC)",
    "architects": "Hawkins\\Brown (Kingfisher); various per phase",
    "stated_area_ha": 155,
    "homes": 15000,
    "jobs": null,
    "commercial": "City River Park c.46 ha; Sandhills Metrolink stop; schools, health centre",
    "investment": "£4bn+",
    "milestone": "430 homes complete, 550 on site, 4,800+ consented. Shortlisted as a New Town (final list due end 2026). St Catherine's Wood delivered Jul 2026. Collyhurst Ph2 (550 homes) application due autumn 2026.",
    "milestone_date": "2026-09",
    "summary": "Formerly Northern Gateway. Seven neighbourhoods along the Irk valley north of Victoria: Red Bank (5,500 homes), Collyhurst, New Cross, Lower Irk Valley, Sandhills and Vauxhall. Victoria Riverside (634 homes) complete; Falcon and Kingfisher next.",
    "links": [
     {
      "label": "Wikipedia",
      "url": "https://en.wikipedia.org/wiki/Victoria_North,_Manchester"
     },
     {
      "label": "New Town shortlist (PNW)",
      "url": "https://www.placenorthwest.co.uk/new-towns-announced-adlington-ditched-as-manchesters-victoria-north-makes-the-cut/"
     },
     {
      "label": "FEC Kingfisher",
      "url": "https://fecil.uk/latest-news/victoria-north-fec-to-launch-322-new-homes-in-the-next-phase-of-red-bank-riverside/"
     }
    ],
    "images": [
     {
      "src": "assets/images/victoria-north/01.jpg",
      "caption": "Victoria Riverside - geograph.org.uk - 7821023",
      "credit": "Peter McDermott",
      "source_url": "https://commons.wikimedia.org/wiki/File:Victoria_Riverside_-_geograph.org.uk_-_7821023.jpg",
      "licence": "CC BY-SA 2.0",
      "px": [
       1600,
       1600
      ]
     },
     {
      "src": "assets/images/victoria-north/02.jpg",
      "caption": "New towns update: Adlington ditched as Manchester’s Victoria North makes the cut - Place North West",
      "credit": "Place North West",
      "source_url": "https://www.placenorthwest.co.uk/new-towns-announced-adlington-ditched-as-manchesters-victoria-north-makes-the-cut/",
      "licence": "all rights reserved — research use with attribution",
      "px": [
       1024,
       721
      ]
     },
     {
      "src": "assets/images/victoria-north/03.jpg",
      "caption": "FEC to launch 322 new homes in the next phase of Red Bank Riverside - FEC",
      "credit": "FEC",
      "source_url": "https://fecil.uk/latest-news/victoria-north-fec-to-launch-322-new-homes-in-the-next-phase-of-red-bank-riverside/",
      "licence": "all rights reserved — research use with attribution",
      "px": [
       1600,
       1067
      ]
     }
    ],
    "confidence": "land-supply-plots",
    "boundary_source": "GMCA 2025 housing land supply plots (dissolved; not the SRF boundary)",
    "boundary_features": 13
   },
   "geometry": {
    "coordinates": [
     [
      [
       [
        -2.225963,
        53.489646
       ],
       [
        -2.224129,
        53.488423
       ],
       [
        -2.224116,
        53.488399
       ],
       [
        -2.224148,
        53.488367
       ],
       [
        -2.225593,
        53.487767
       ],
       [
        -2.22632,
        53.487516
       ],
       [
        -2.229707,
        53.486238
       ],
       [
        -2.232687,
        53.48779
       ],
       [
        -2.231968,
        53.488058
       ],
       [
        -2.231101,
        53.488479
       ],
       [
        -2.229518,
        53.48878
       ],
       [
        -2.229506,
        53.488927
       ],
       [
        -2.23003,
        53.489252
       ],
       [
        -2.229021,
        53.48993
       ],
       [
        -2.227859,
        53.490777
       ],
       [
        -2.226968,
        53.490222
       ],
       [
        -2.225963,
        53.489646
       ]
      ]
     ],
     [
      [
       [
        -2.232398,
        53.490728
       ],
       [
        -2.231516,
        53.490292
       ],
       [
        -2.231498,
        53.490257
       ],
       [
        -2.231037,
        53.489886
       ],
       [
        -2.23111,
        53.489855
       ],
       [
        -2.230874,
        53.489653
       ],
       [
        -2.231053,
        53.489571
       ],
       [
        -2.231004,
        53.489531
       ],
       [
        -2.231256,
        53.489421
       ],
       [
        -2.231159,
        53.489343
       ],
       [
        -2.232369,
        53.488832
       ],
       [
        -2.232382,
        53.488843
       ],
       [
        -2.232589,
        53.488763
       ],
       [
        -2.232629,
        53.488803
       ],
       [
        -2.23299,
        53.488679
       ],
       [
        -2.233528,
        53.489198
       ],
       [
        -2.234142,
        53.489625
       ],
       [
        -2.234081,
        53.489665
       ],
       [
        -2.2338,
        53.490053
       ],
       [
        -2.233872,
        53.490093
       ],
       [
        -2.233945,
        53.490168
       ],
       [
        -2.234079,
        53.490363
       ],
       [
        -2.233751,
        53.490445
       ],
       [
        -2.232398,
        53.490728
       ]
      ]
     ],
     [
      [
       [
        -2.237774,
        53.490995
       ],
       [
        -2.237227,
        53.490828
       ],
       [
        -2.235999,
        53.490544
       ],
       [
        -2.236415,
        53.490358
       ],
       [
        -2.23673,
        53.49024
       ],
       [
        -2.237505,
        53.489967
       ],
       [
        -2.23817,
        53.489763
       ],
       [
        -2.238261,
        53.489671
       ],
       [
        -2.238949,
        53.489458
       ],
       [
        -2.238579,
        53.490056
       ],
       [
        -2.237774,
        53.490995
       ]
      ]
     ],
     [
      [
       [
        -2.231984,
        53.490717
       ],
       [
        -2.229326,
        53.491089
       ],
       [
        -2.229004,
        53.491168
       ],
       [
        -2.228774,
        53.491261
       ],
       [
        -2.228254,
        53.491427
       ],
       [
        -2.227687,
        53.491629
       ],
       [
        -2.22722,
        53.49183
       ],
       [
        -2.226552,
        53.491979
       ],
       [
        -2.230388,
        53.48927
       ],
       [
        -2.23012,
        53.489144
       ],
       [
        -2.229898,
        53.489006
       ],
       [
        -2.229721,
        53.488868
       ],
       [
        -2.230432,
        53.488682
       ],
       [
        -2.230902,
        53.488918
       ],
       [
        -2.231209,
        53.48871
       ],
       [
        -2.231401,
        53.488933
       ],
       [
        -2.23061,
        53.489529
       ],
       [
        -2.231553,
        53.490348
       ],
       [
        -2.232016,
        53.490584
       ],
       [
        -2.23207,
        53.490629
       ],
       [
        -2.232077,
        53.490659
       ],
       [
        -2.232052,
        53.490693
       ],
       [
        -2.231984,
        53.490717
       ]
      ]
     ],
     [
      [
       [
        -2.234093,
        53.491487
       ],
       [
        -2.233512,
        53.490866
       ],
       [
        -2.234369,
        53.490675
       ],
       [
        -2.23459,
        53.490497
       ],
       [
        -2.234863,
        53.490431
       ],
       [
        -2.23497,
        53.490507
       ],
       [
        -2.235264,
        53.49033
       ],
       [
        -2.235348,
        53.490364
       ],
       [
        -2.235554,
        53.490491
       ],
       [
        -2.234898,
        53.491139
       ],
       [
        -2.234737,
        53.49124
       ],
       [
        -2.234093,
        53.491487
       ]
      ]
     ],
     [
      [
       [
        -2.229489,
        53.492004
       ],
       [
        -2.231196,
        53.491453
       ],
       [
        -2.231544,
        53.49123
       ],
       [
        -2.23277,
        53.490949
       ],
       [
        -2.232873,
        53.491015
       ],
       [
        -2.233474,
        53.490867
       ],
       [
        -2.234039,
        53.491485
       ],
       [
        -2.232728,
        53.49196
       ],
       [
        -2.231597,
        53.492264
       ],
       [
        -2.229489,
        53.492004
       ]
      ]
     ],
     [
      [
       [
        -2.23664,
        53.492145
       ],
       [
        -2.237182,
        53.492352
       ],
       [
        -2.236592,
        53.49273
       ],
       [
        -2.236088,
        53.492486
       ],
       [
        -2.23517,
        53.492977
       ],
       [
        -2.23393,
        53.49342
       ],
       [
        -2.233198,
        53.493737
       ],
       [
        -2.232841,
        53.493907
       ],
       [
        -2.232877,
        53.49393
       ],
       [
        -2.23284,
        53.493951
       ],
       [
        -2.232869,
        53.493969
       ],
       [
        -2.232906,
        53.49395
       ],
       [
        -2.232938,
        53.493972
       ],
       [
        -2.232318,
        53.494338
       ],
       [
        -2.231266,
        53.495181
       ],
       [
        -2.229974,
        53.494724
       ],
       [
        -2.231271,
        53.49404
       ],
       [
        -2.23249,
        53.493549
       ],
       [
        -2.234795,
        53.492757
       ],
       [
        -2.235605,
        53.492289
       ],
       [
        -2.234301,
        53.491902
       ],
       [
        -2.234068,
        53.492097
       ],
       [
        -2.23316,
        53.4924
       ],
       [
        -2.232338,
        53.492562
       ],
       [
        -2.231551,
        53.492401
       ],
       [
        -2.232254,
        53.492192
       ],
       [
        -2.234839,
        53.491346
       ],
       [
        -2.235155,
        53.491315
       ],
       [
        -2.235879,
        53.490602
       ],
       [
        -2.23611,
        53.490678
       ],
       [
        -2.237811,
        53.491124
       ],
       [
        -2.23754,
        53.491327
       ],
       [
        -2.236508,
        53.492004
       ],
       [
        -2.23664,
        53.492145
       ]
      ]
     ],
     [
      [
       [
        -2.22184,
        53.493518
       ],
       [
        -2.222353,
        53.49374
       ],
       [
        -2.222229,
        53.493848
       ],
       [
        -2.222351,
        53.493896
       ],
       [
        -2.221862,
        53.494284
       ],
       [
        -2.221238,
        53.493999
       ],
       [
        -2.221244,
        53.493959
       ],
       [
        -2.22184,
        53.493518
       ]
      ]
     ],
     [
      [
       [
        -2.22706,
        53.496896
       ],
       [
        -2.226259,
        53.496771
       ],
       [
        -2.226283,
        53.496378
       ],
       [
        -2.226096,
        53.496381
       ],
       [
        -2.225891,
        53.496416
       ],
       [
        -2.225655,
        53.496372
       ],
       [
        -2.22521,
        53.496114
       ],
       [
        -2.224691,
        53.495991
       ],
       [
        -2.223917,
        53.495695
       ],
       [
        -2.223766,
        53.495687
       ],
       [
        -2.223616,
        53.495661
       ],
       [
        -2.223518,
        53.495739
       ],
       [
        -2.223065,
        53.495532
       ],
       [
        -2.223706,
        53.495033
       ],
       [
        -2.224622,
        53.494111
       ],
       [
        -2.225201,
        53.49329
       ],
       [
        -2.225863,
        53.492479
       ],
       [
        -2.226088,
        53.492307
       ],
       [
        -2.228372,
        53.491808
       ],
       [
        -2.228749,
        53.491807
       ],
       [
        -2.228901,
        53.491949
       ],
       [
        -2.22909,
        53.491994
       ],
       [
        -2.231202,
        53.492319
       ],
       [
        -2.230457,
        53.492462
       ],
       [
        -2.230058,
        53.492625
       ],
       [
        -2.229735,
        53.492824
       ],
       [
        -2.22952,
        53.493017
       ],
       [
        -2.228927,
        53.493972
       ],
       [
        -2.228114,
        53.495135
       ],
       [
        -2.227378,
        53.496246
       ],
       [
        -2.227136,
        53.496538
       ],
       [
        -2.22706,
        53.496896
       ]
      ]
     ],
     [
      [
       [
        -2.217776,
        53.494534
       ],
       [
        -2.218226,
        53.494336
       ],
       [
        -2.219111,
        53.49403
       ],
       [
        -2.220395,
        53.493682
       ],
       [
        -2.221152,
        53.494101
       ],
       [
        -2.221806,
        53.494385
       ],
       [
        -2.222522,
        53.493799
       ],
       [
        -2.221498,
        53.493367
       ],
       [
        -2.221482,
        53.49331
       ],
       [
        -2.224731,
        53.492597
       ],
       [
        -2.225106,
        53.492535
       ],
       [
        -2.225771,
        53.492386
       ],
       [
        -2.224546,
        53.494023
       ],
       [
        -2.223815,
        53.494849
       ],
       [
        -2.223064,
        53.495376
       ],
       [
        -2.22183,
        53.496353
       ],
       [
        -2.220556,
        53.495784
       ],
       [
        -2.218083,
        53.494629
       ],
       [
        -2.217776,
        53.494534
       ]
      ]
     ],
     [
      [
       [
        -2.216553,
        53.50094
       ],
       [
        -2.215006,
        53.499242
       ],
       [
        -2.214848,
        53.498824
       ],
       [
        -2.212502,
        53.496817
       ],
       [
        -2.214289,
        53.496071
       ],
       [
        -2.217655,
        53.494625
       ],
       [
        -2.218826,
        53.495134
       ],
       [
        -2.221087,
        53.496202
       ],
       [
        -2.221687,
        53.496436
       ],
       [
        -2.220873,
        53.497282
       ],
       [
        -2.220477,
        53.497842
       ],
       [
        -2.220277,
        53.497775
       ],
       [
        -2.220216,
        53.497718
       ],
       [
        -2.219928,
        53.497546
       ],
       [
        -2.219129,
        53.497192
       ],
       [
        -2.217098,
        53.498769
       ],
       [
        -2.217154,
        53.498752
       ],
       [
        -2.217804,
        53.49826
       ],
       [
        -2.219068,
        53.497264
       ],
       [
        -2.219785,
        53.497597
       ],
       [
        -2.220162,
        53.497832
       ],
       [
        -2.220291,
        53.497874
       ],
       [
        -2.220463,
        53.497907
       ],
       [
        -2.220011,
        53.498725
       ],
       [
        -2.219742,
        53.499266
       ],
       [
        -2.21914,
        53.500578
       ],
       [
        -2.218021,
        53.500448
       ],
       [
        -2.219165,
        53.500586
       ],
       [
        -2.218678,
        53.50168
       ],
       [
        -2.218448,
        53.502346
       ],
       [
        -2.21746,
        53.5021
       ],
       [
        -2.216774,
        53.501262
       ],
       [
        -2.216553,
        53.50094
       ]
      ],
      [
       [
        -2.218001,
        53.499242
       ],
       [
        -2.21802,
        53.499208
       ],
       [
        -2.218009,
        53.499193
       ],
       [
        -2.217956,
        53.499171
       ],
       [
        -2.218011,
        53.499112
       ],
       [
        -2.217091,
        53.498774
       ],
       [
        -2.217029,
        53.498823
       ],
       [
        -2.217985,
        53.499187
       ],
       [
        -2.218001,
        53.499242
       ]
      ],
      [
       [
        -2.217475,
        53.499776
       ],
       [
        -2.217555,
        53.499724
       ],
       [
        -2.217625,
        53.49963
       ],
       [
        -2.217942,
        53.499307
       ],
       [
        -2.217475,
        53.499776
       ]
      ],
      [
       [
        -2.217251,
        53.500024
       ],
       [
        -2.217271,
        53.49999
       ],
       [
        -2.217269,
        53.499983
       ],
       [
        -2.217234,
        53.500018
       ],
       [
        -2.217251,
        53.500024
       ]
      ]
     ],
     [
      [
       [
        -2.226083,
        53.500566
       ],
       [
        -2.226321,
        53.501222
       ],
       [
        -2.226496,
        53.501553
       ],
       [
        -2.226758,
        53.501987
       ],
       [
        -2.226264,
        53.502076
       ],
       [
        -2.225449,
        53.502174
       ],
       [
        -2.223251,
        53.502325
       ],
       [
        -2.221027,
        53.5023
       ],
       [
        -2.219791,
        53.502361
       ],
       [
        -2.219087,
        53.502421
       ],
       [
        -2.218778,
        53.5024
       ],
       [
        -2.219474,
        53.500652
       ],
       [
        -2.219643,
        53.500055
       ],
       [
        -2.220545,
        53.498212
       ],
       [
        -2.221787,
        53.498484
       ],
       [
        -2.221655,
        53.49872
       ],
       [
        -2.222346,
        53.499195
       ],
       [
        -2.222733,
        53.499491
       ],
       [
        -2.222934,
        53.49939
       ],
       [
        -2.223458,
        53.499054
       ],
       [
        -2.223728,
        53.498926
       ],
       [
        -2.225227,
        53.498413
       ],
       [
        -2.226045,
        53.498084
       ],
       [
        -2.22602,
        53.500242
       ],
       [
        -2.226083,
        53.500566
       ]
      ]
     ]
    ],
    "type": "MultiPolygon"
   }
  },
  {
   "type": "Feature",
   "properties": {
    "id": "piccadilly-srf",
    "name": "Piccadilly SRF / NPR station",
    "borough": "Manchester",
    "category": "framework",
    "status": "framework",
    "lead": "Manchester City Council; Bennetts Associates (2014/2018 SRF)",
    "architects": "Bennetts Associates (SRF); refresh team to be appointed Jan 2027",
    "stated_area_ha": 150,
    "homes": 13000,
    "jobs": 40000,
    "commercial": "c.820,000 m² commercial; Piccadilly Central c.8m sq ft",
    "investment": null,
    "milestone": "NPR agreements signed Jan 2026; underground vs surface station still undecided. £250k SRF refresh tendered Sep 2026 (also covers Mayfield, Sister, Portugal St East, East Village); contract from Jan 2027.",
    "milestone_date": "2026-09",
    "summary": "Station-led growth framework east of Piccadilly. HS2 Manchester leg cancelled 2023; Northern Powerhouse Rail Liverpool–Manchester line now the driver (2030s).",
    "links": [
     {
      "label": "SRF refresh (PNW)",
      "url": "https://www.placenorthwest.co.uk/manchester-on-hunt-for-team-to-refresh-piccadilly-vision-on-npr-opportunity/"
     },
     {
      "label": "DfT on underground option (NCE)",
      "url": "https://www.newcivilengineer.com/latest/dft-says-underground-manchester-piccadilly-needs-testing-further-as-npr-agreements-signed-23-01-2026/"
     }
    ],
    "images": [
     {
      "src": "assets/images/piccadilly-srf/01.jpg",
      "caption": "Manchester on hunt for team to refresh Piccadilly vision on NPR opportunity - Place North West",
      "credit": "Place North West",
      "source_url": "https://www.placenorthwest.co.uk/manchester-on-hunt-for-team-to-refresh-piccadilly-vision-on-npr-opportunity/",
      "licence": "all rights reserved — research use with attribution",
      "px": [
       1024,
       682
      ]
     },
     {
      "src": "assets/images/piccadilly-srf/02.jpg",
      "caption": "DfT says underground Manchester Piccadilly ‘needs testing further’ as NPR agreements signed | New Civil Engineer",
      "credit": "New Civil Engineer",
      "source_url": "https://www.newcivilengineer.com/latest/dft-says-underground-manchester-piccadilly-needs-testing-further-as-npr-agreements-signed-23-01-2026/",
      "licence": "all rights reserved — research use with attribution",
      "px": [
       1600,
       1066
      ]
     },
     {
      "src": "assets/images/piccadilly-srf/03.jpg",
      "caption": "Manchester Piccadilly station MMB 24 185135",
      "credit": "mattbuck (category)",
      "source_url": "https://commons.wikimedia.org/wiki/File:Manchester_Piccadilly_station_MMB_24_185135.jpg",
      "licence": "CC BY-SA 3.0",
      "px": [
       1600,
       1062
      ]
     }
    ],
    "confidence": "srf-georeferenced-partial",
    "boundary_source": "Manchester Piccadilly SRF Update Mar 2018 Appendix 1: union of study-scope sub-areas 04-11 (outer 150 ha scope line not closed on the plan)",
    "boundary_features": 1
   },
   "geometry": {
    "coordinates": [
     [
      [
       [
        -2.233668,
        53.479583
       ],
       [
        -2.233478,
        53.47964
       ],
       [
        -2.233199,
        53.479753
       ],
       [
        -2.233103,
        53.479758
       ],
       [
        -2.233041,
        53.479726
       ],
       [
        -2.232493,
        53.479166
       ],
       [
        -2.232442,
        53.479154
       ],
       [
        -2.230431,
        53.48002
       ],
       [
        -2.230339,
        53.480016
       ],
       [
        -2.230184,
        53.479909
       ],
       [
        -2.229778,
        53.479691
       ],
       [
        -2.229739,
        53.479655
       ],
       [
        -2.229627,
        53.479613
       ],
       [
        -2.22866,
        53.480018
       ],
       [
        -2.228588,
        53.480024
       ],
       [
        -2.228517,
        53.480002
       ],
       [
        -2.228447,
        53.47995
       ],
       [
        -2.227679,
        53.479224
       ],
       [
        -2.227602,
        53.479198
       ],
       [
        -2.227423,
        53.479244
       ],
       [
        -2.226954,
        53.479411
       ],
       [
        -2.226622,
        53.479504
       ],
       [
        -2.226412,
        53.479584
       ],
       [
        -2.225609,
        53.479832
       ],
       [
        -2.224881,
        53.480084
       ],
       [
        -2.224478,
        53.480195
       ],
       [
        -2.224174,
        53.480309
       ],
       [
        -2.223819,
        53.480415
       ],
       [
        -2.223724,
        53.480419
       ],
       [
        -2.223681,
        53.480387
       ],
       [
        -2.223694,
        53.480346
       ],
       [
        -2.224545,
        53.479733
       ],
       [
        -2.225179,
        53.479544
       ],
       [
        -2.225295,
        53.479497
       ],
       [
        -2.225533,
        53.479439
       ],
       [
        -2.226145,
        53.479236
       ],
       [
        -2.226383,
        53.479178
       ],
       [
        -2.226487,
        53.479137
       ],
       [
        -2.226483,
        53.479106
       ],
       [
        -2.225955,
        53.478894
       ],
       [
        -2.225812,
        53.478819
       ],
       [
        -2.225322,
        53.478613
       ],
       [
        -2.225016,
        53.4785
       ],
       [
        -2.224669,
        53.478337
       ],
       [
        -2.224449,
        53.478266
       ],
       [
        -2.224395,
        53.478286
       ],
       [
        -2.224298,
        53.478373
       ],
       [
        -2.224245,
        53.478393
       ],
       [
        -2.224076,
        53.478545
       ],
       [
        -2.223481,
        53.478976
       ],
       [
        -2.223452,
        53.479016
       ],
       [
        -2.222791,
        53.479509
       ],
       [
        -2.222762,
        53.479548
       ],
       [
        -2.222501,
        53.479728
       ],
       [
        -2.222249,
        53.47994
       ],
       [
        -2.222208,
        53.479965
       ],
       [
        -2.222137,
        53.479968
       ],
       [
        -2.220824,
        53.47936
       ],
       [
        -2.220244,
        53.479256
       ],
       [
        -2.219997,
        53.479253
       ],
       [
        -2.219872,
        53.47923
       ],
       [
        -2.219352,
        53.479208
       ],
       [
        -2.218826,
        53.479134
       ],
       [
        -2.218752,
        53.479135
       ],
       [
        -2.218317,
        53.479009
       ],
       [
        -2.218243,
        53.478975
       ],
       [
        -2.218086,
        53.478824
       ],
       [
        -2.218009,
        53.478652
       ],
       [
        -2.217956,
        53.478596
       ],
       [
        -2.21794,
        53.478509
       ],
       [
        -2.217875,
        53.478395
       ],
       [
        -2.217817,
        53.478148
       ],
       [
        -2.217789,
        53.478121
       ],
       [
        -2.217767,
        53.47796
       ],
       [
        -2.217738,
        53.477932
       ],
       [
        -2.217629,
        53.477278
       ],
       [
        -2.218581,
        53.476798
       ],
       [
        -2.218773,
        53.47668
       ],
       [
        -2.218922,
        53.476511
       ],
       [
        -2.219027,
        53.476344
       ],
       [
        -2.219386,
        53.475946
       ],
       [
        -2.219619,
        53.475641
       ],
       [
        -2.219809,
        53.475441
       ],
       [
        -2.219895,
        53.475319
       ],
       [
        -2.220001,
        53.475226
       ],
       [
        -2.220214,
        53.474951
       ],
       [
        -2.22029,
        53.47491
       ],
       [
        -2.220362,
        53.47491
       ],
       [
        -2.220803,
        53.475076
       ],
       [
        -2.221856,
        53.475407
       ],
       [
        -2.222085,
        53.475457
       ],
       [
        -2.222163,
        53.475494
       ],
       [
        -2.222801,
        53.475657
       ],
       [
        -2.223315,
        53.47582
       ],
       [
        -2.224176,
        53.476001
       ],
       [
        -2.224745,
        53.476205
       ],
       [
        -2.224871,
        53.476231
       ],
       [
        -2.22518,
        53.476331
       ],
       [
        -2.226091,
        53.476521
       ],
       [
        -2.226342,
        53.476553
       ],
       [
        -2.22644,
        53.476551
       ],
       [
        -2.227015,
        53.476623
       ],
       [
        -2.227581,
        53.47661
       ],
       [
        -2.22763,
        53.476623
       ],
       [
        -2.227802,
        53.476614
       ],
       [
        -2.227904,
        53.476624
       ],
       [
        -2.227949,
        53.476607
       ],
       [
        -2.228413,
        53.47657
       ],
       [
        -2.228458,
        53.476553
       ],
       [
        -2.228826,
        53.476535
       ],
       [
        -2.228872,
        53.476518
       ],
       [
        -2.229117,
        53.476506
       ],
       [
        -2.229163,
        53.476489
       ],
       [
        -2.229506,
        53.476473
       ],
       [
        -2.229672,
        53.476435
       ],
       [
        -2.230038,
        53.476403
       ],
       [
        -2.230179,
        53.476367
       ],
       [
        -2.23052,
        53.476335
       ],
       [
        -2.231048,
        53.476236
       ],
       [
        -2.231142,
        53.476205
       ],
       [
        -2.231358,
        53.47618
       ],
       [
        -2.231779,
        53.476502
       ],
       [
        -2.23249,
        53.477201
       ],
       [
        -2.2325,
        53.477245
       ],
       [
        -2.232784,
        53.477554
       ],
       [
        -2.232823,
        53.477625
       ],
       [
        -2.233169,
        53.478034
       ],
       [
        -2.23318,
        53.478078
       ],
       [
        -2.23347,
        53.47843
       ],
       [
        -2.23348,
        53.478474
       ],
       [
        -2.233561,
        53.478558
       ],
       [
        -2.233663,
        53.478729
       ],
       [
        -2.233831,
        53.478911
       ],
       [
        -2.234145,
        53.47938
       ],
       [
        -2.234112,
        53.479415
       ],
       [
        -2.233668,
        53.479583
       ]
      ]
     ],
     [
      [
       [
        -2.230652,
        53.476226
       ],
       [
        -2.230479,
        53.476235
       ],
       [
        -2.230314,
        53.476272
       ],
       [
        -2.229972,
        53.476303
       ],
       [
        -2.229806,
        53.476341
       ],
       [
        -2.229634,
        53.476349
       ],
       [
        -2.229444,
        53.476388
       ],
       [
        -2.228396,
        53.476468
       ],
       [
        -2.22835,
        53.476485
       ],
       [
        -2.228105,
        53.476497
       ],
       [
        -2.228059,
        53.476514
       ],
       [
        -2.227717,
        53.47653
       ],
       [
        -2.227668,
        53.476518
       ],
       [
        -2.227029,
        53.476534
       ],
       [
        -2.226781,
        53.476514
       ],
       [
        -2.22668,
        53.476493
       ],
       [
        -2.226582,
        53.476495
       ],
       [
        -2.226381,
        53.476463
       ],
       [
        -2.226283,
        53.476465
       ],
       [
        -2.225805,
        53.476386
       ],
       [
        -2.225702,
        53.47635
       ],
       [
        -2.225526,
        53.476326
       ],
       [
        -2.225095,
        53.47623
       ],
       [
        -2.224192,
        53.475924
       ],
       [
        -2.223305,
        53.47573
       ],
       [
        -2.222919,
        53.475604
       ],
       [
        -2.22264,
        53.475542
       ],
       [
        -2.22228,
        53.47543
       ],
       [
        -2.221745,
        53.475292
       ],
       [
        -2.220897,
        53.475025
       ],
       [
        -2.220661,
        53.474922
       ],
       [
        -2.220487,
        53.474875
       ],
       [
        -2.220393,
        53.474824
       ],
       [
        -2.220388,
        53.474782
       ],
       [
        -2.22055,
        53.474615
       ],
       [
        -2.220662,
        53.474536
       ],
       [
        -2.220797,
        53.474475
       ],
       [
        -2.220891,
        53.474408
       ],
       [
        -2.221207,
        53.474238
       ],
       [
        -2.221682,
        53.474112
       ],
       [
        -2.221827,
        53.474088
       ],
       [
        -2.221896,
        53.474058
       ],
       [
        -2.221969,
        53.474051
       ],
       [
        -2.222062,
        53.474017
       ],
       [
        -2.223063,
        53.473954
       ],
       [
        -2.223108,
        53.473937
       ],
       [
        -2.223475,
        53.473919
       ],
       [
        -2.223524,
        53.473932
       ],
       [
        -2.223843,
        53.473916
       ],
       [
        -2.223893,
        53.473928
       ],
       [
        -2.224285,
        53.473909
       ],
       [
        -2.224334,
        53.473922
       ],
       [
        -2.224604,
        53.473909
       ],
       [
        -2.224654,
        53.473921
       ],
       [
        -2.224924,
        53.473908
       ],
       [
        -2.224974,
        53.47392
       ],
       [
        -2.225295,
        53.473919
       ],
       [
        -2.225344,
        53.473931
       ],
       [
        -2.225541,
        53.473922
       ],
       [
        -2.225739,
        53.473941
       ],
       [
        -2.226109,
        53.473938
       ],
       [
        -2.226258,
        53.47396
       ],
       [
        -2.226382,
        53.473954
       ],
       [
        -2.226531,
        53.473976
       ],
       [
        -2.226802,
        53.473981
       ],
       [
        -2.226928,
        53.474001
       ],
       [
        -2.227075,
        53.473997
       ],
       [
        -2.228578,
        53.4742
       ],
       [
        -2.228677,
        53.474195
       ],
       [
        -2.228727,
        53.474207
       ],
       [
        -2.22951,
        53.474169
       ],
       [
        -2.229559,
        53.474181
       ],
       [
        -2.229706,
        53.474177
       ],
       [
        -2.229907,
        53.474319
       ],
       [
        -2.229939,
        53.474376
       ],
       [
        -2.229954,
        53.474449
       ],
       [
        -2.230049,
        53.474605
       ],
       [
        -2.230063,
        53.474708
       ],
       [
        -2.230117,
        53.474778
       ],
       [
        -2.230168,
        53.474937
       ],
       [
        -2.230229,
        53.475022
       ],
       [
        -2.230239,
        53.475095
       ],
       [
        -2.23034,
        53.475295
       ],
       [
        -2.230352,
        53.475383
       ],
       [
        -2.230404,
        53.475439
       ],
       [
        -2.230417,
        53.475497
       ],
       [
        -2.230495,
        53.475567
       ],
       [
        -2.230597,
        53.475738
       ],
       [
        -2.230713,
        53.475865
       ],
       [
        -2.230786,
        53.475916
       ],
       [
        -2.231074,
        53.476049
       ],
       [
        -2.231113,
        53.476094
       ],
       [
        -2.23108,
        53.476129
       ],
       [
        -2.230652,
        53.476226
       ]
      ]
     ],
     [
      [
       [
        -2.23804,
        53.474326
       ],
       [
        -2.237923,
        53.474373
       ],
       [
        -2.23785,
        53.474379
       ],
       [
        -2.236787,
        53.474692
       ],
       [
        -2.236666,
        53.474716
       ],
       [
        -2.236503,
        53.474779
       ],
       [
        -2.236312,
        53.474821
       ],
       [
        -2.235935,
        53.474942
       ],
       [
        -2.235904,
        53.474979
       ],
       [
        -2.23616,
        53.475262
       ],
       [
        -2.236286,
        53.475432
       ],
       [
        -2.236365,
        53.475501
       ],
       [
        -2.236375,
        53.475545
       ],
       [
        -2.236572,
        53.475755
       ],
       [
        -2.23667,
        53.475897
       ],
       [
        -2.236807,
        53.476037
       ],
       [
        -2.236846,
        53.476109
       ],
       [
        -2.236896,
        53.47615
       ],
       [
        -2.236891,
        53.476205
       ],
       [
        -2.23642,
        53.476327
       ],
       [
        -2.23635,
        53.476357
       ],
       [
        -2.236277,
        53.476363
       ],
       [
        -2.236208,
        53.476393
       ],
       [
        -2.236014,
        53.47642
       ],
       [
        -2.235827,
        53.476485
       ],
       [
        -2.23554,
        53.476546
       ],
       [
        -2.235305,
        53.476628
       ],
       [
        -2.234856,
        53.476755
       ],
       [
        -2.234759,
        53.476757
       ],
       [
        -2.234695,
        53.476711
       ],
       [
        -2.234386,
        53.476286
       ],
       [
        -2.234188,
        53.476061
       ],
       [
        -2.234177,
        53.476017
       ],
       [
        -2.234099,
        53.475948
       ],
       [
        -2.234088,
        53.475904
       ],
       [
        -2.233979,
        53.475792
       ],
       [
        -2.233857,
        53.475622
       ],
       [
        -2.233847,
        53.475578
       ],
       [
        -2.233734,
        53.475459
       ],
       [
        -2.233668,
        53.475448
       ],
       [
        -2.233456,
        53.475515
       ],
       [
        -2.233169,
        53.475575
       ],
       [
        -2.23291,
        53.475659
       ],
       [
        -2.232741,
        53.475684
       ],
       [
        -2.232624,
        53.475731
       ],
       [
        -2.231983,
        53.475895
       ],
       [
        -2.23191,
        53.475901
       ],
       [
        -2.231793,
        53.475936
       ],
       [
        -2.23167,
        53.475942
       ],
       [
        -2.231575,
        53.475921
       ],
       [
        -2.231418,
        53.475855
       ],
       [
        -2.231385,
        53.475824
       ],
       [
        -2.231339,
        53.475815
       ],
       [
        -2.23116,
        53.47568
       ],
       [
        -2.231068,
        53.475582
       ],
       [
        -2.23102,
        53.475555
       ],
       [
        -2.231009,
        53.475511
       ],
       [
        -2.23087,
        53.475357
       ],
       [
        -2.230831,
        53.475286
       ],
       [
        -2.230817,
        53.475184
       ],
       [
        -2.230837,
        53.475154
       ],
       [
        -2.230763,
        53.47479
       ],
       [
        -2.230783,
        53.474761
       ],
       [
        -2.230763,
        53.474614
       ],
       [
        -2.230797,
        53.474466
       ],
       [
        -2.230928,
        53.474167
       ],
       [
        -2.231095,
        53.473982
       ],
       [
        -2.2312,
        53.473816
       ],
       [
        -2.231299,
        53.473726
       ],
       [
        -2.23153,
        53.473645
       ],
       [
        -2.231691,
        53.473567
       ],
       [
        -2.231856,
        53.473512
       ],
       [
        -2.232017,
        53.473433
       ],
       [
        -2.232741,
        53.473146
       ],
       [
        -2.233644,
        53.472702
       ],
       [
        -2.23408,
        53.472509
       ],
       [
        -2.234147,
        53.472464
       ],
       [
        -2.235856,
        53.471835
       ],
       [
        -2.235928,
        53.471834
       ],
       [
        -2.235964,
        53.471853
       ],
       [
        -2.236712,
        53.472609
       ],
       [
        -2.237016,
        53.472887
       ],
       [
        -2.237087,
        53.473015
       ],
       [
        -2.237054,
        53.473051
       ],
       [
        -2.236491,
        53.473257
       ],
       [
        -2.236461,
        53.473294
       ],
       [
        -2.236465,
        53.473325
       ],
       [
        -2.236546,
        53.473409
       ],
       [
        -2.236552,
        53.473451
       ],
       [
        -2.23624,
        53.473574
       ],
       [
        -2.236191,
        53.47358
       ],
       [
        -2.235981,
        53.47366
       ],
       [
        -2.23591,
        53.473664
       ],
       [
        -2.235874,
        53.473646
       ],
       [
        -2.235778,
        53.473518
       ],
       [
        -2.23574,
        53.47351
       ],
       [
        -2.235527,
        53.47358
       ],
       [
        -2.235454,
        53.473586
       ],
       [
        -2.235222,
        53.473683
       ],
       [
        -2.235022,
        53.473746
       ],
       [
        -2.235004,
        53.473792
       ],
       [
        -2.235113,
        53.473904
       ],
       [
        -2.235359,
        53.47423
       ],
       [
        -2.235497,
        53.47437
       ],
       [
        -2.235595,
        53.474512
       ],
       [
        -2.235635,
        53.474546
       ],
       [
        -2.235688,
        53.474558
       ],
       [
        -2.2359,
        53.474492
       ],
       [
        -2.235973,
        53.474485
       ],
       [
        -2.236353,
        53.474381
       ],
       [
        -2.236426,
        53.474375
       ],
       [
        -2.236495,
        53.474345
       ],
       [
        -2.236568,
        53.474339
       ],
       [
        -2.23709,
        53.474199
       ],
       [
        -2.237163,
        53.474192
       ],
       [
        -2.23747,
        53.474104
       ],
       [
        -2.238051,
        53.474049
       ],
       [
        -2.238207,
        53.474194
       ],
       [
        -2.23824,
        53.47425
       ],
       [
        -2.238207,
        53.474286
       ],
       [
        -2.23804,
        53.474326
       ]
      ]
     ],
     [
      [
       [
        -2.229907,
        53.481126
       ],
       [
        -2.229897,
        53.481149
       ],
       [
        -2.22997,
        53.481227
       ],
       [
        -2.230073,
        53.481295
       ],
       [
        -2.230325,
        53.481518
       ],
       [
        -2.230333,
        53.481575
       ],
       [
        -2.230299,
        53.481603
       ],
       [
        -2.229489,
        53.481944
       ],
       [
        -2.229184,
        53.482049
       ],
       [
        -2.228953,
        53.482161
       ],
       [
        -2.228068,
        53.482526
       ],
       [
        -2.227972,
        53.482534
       ],
       [
        -2.227338,
        53.482386
       ],
       [
        -2.227208,
        53.482336
       ],
       [
        -2.22703,
        53.482298
       ],
       [
        -2.22665,
        53.482177
       ],
       [
        -2.226078,
        53.481955
       ],
       [
        -2.225968,
        53.481898
       ],
       [
        -2.225663,
        53.481799
       ],
       [
        -2.225189,
        53.481598
       ],
       [
        -2.224805,
        53.481459
       ],
       [
        -2.224699,
        53.481406
       ],
       [
        -2.224623,
        53.481339
       ],
       [
        -2.224537,
        53.481296
       ],
       [
        -2.224001,
        53.480929
       ],
       [
        -2.223944,
        53.480914
       ],
       [
        -2.223717,
        53.48077
       ],
       [
        -2.223517,
        53.480671
       ],
       [
        -2.223493,
        53.480631
       ],
       [
        -2.223549,
        53.48058
       ],
       [
        -2.223928,
        53.480471
       ],
       [
        -2.224939,
        53.480131
       ],
       [
        -2.225766,
        53.479883
       ],
       [
        -2.225929,
        53.479819
       ],
       [
        -2.226991,
        53.479486
       ],
       [
        -2.227201,
        53.479405
       ],
       [
        -2.227579,
        53.479296
       ],
       [
        -2.227638,
        53.479315
       ],
       [
        -2.22853,
        53.480144
       ],
       [
        -2.228581,
        53.480142
       ],
       [
        -2.228675,
        53.480108
       ],
       [
        -2.229558,
        53.47973
       ],
       [
        -2.229653,
        53.479726
       ],
       [
        -2.229725,
        53.479745
       ],
       [
        -2.229764,
        53.479781
       ],
       [
        -2.230274,
        53.480067
       ],
       [
        -2.230285,
        53.480111
       ],
       [
        -2.230364,
        53.480181
       ],
       [
        -2.230372,
        53.48021
       ],
       [
        -2.230824,
        53.480672
       ],
       [
        -2.230832,
        53.480729
       ],
       [
        -2.230361,
        53.480948
       ],
       [
        -2.230056,
        53.481053
       ],
       [
        -2.229907,
        53.481126
       ]
      ]
     ],
     [
      [
       [
        -2.237489,
        53.480545
       ],
       [
        -2.236373,
        53.481198
       ],
       [
        -2.236302,
        53.481201
       ],
       [
        -2.236124,
        53.481129
       ],
       [
        -2.236058,
        53.481079
       ],
       [
        -2.235992,
        53.481062
       ],
       [
        -2.235728,
        53.480928
       ],
       [
        -2.235695,
        53.480896
       ],
       [
        -2.235649,
        53.480888
       ],
       [
        -2.234939,
        53.480294
       ],
       [
        -2.234675,
        53.479984
       ],
       [
        -2.234379,
        53.47947
       ],
       [
        -2.233877,
        53.47882
       ],
       [
        -2.233866,
        53.478776
       ],
       [
        -2.233696,
        53.478579
       ],
       [
        -2.233535,
        53.478337
       ],
       [
        -2.233396,
        53.478183
       ],
       [
        -2.233385,
        53.478139
       ],
       [
        -2.233335,
        53.478098
       ],
       [
        -2.233235,
        53.477941
       ],
       [
        -2.23247,
        53.477025
       ],
       [
        -2.232112,
        53.476705
       ],
       [
        -2.231792,
        53.476383
       ],
       [
        -2.231516,
        53.476161
       ],
       [
        -2.23139,
        53.476083
       ],
       [
        -2.231117,
        53.475987
       ],
       [
        -2.230852,
        53.475854
       ],
       [
        -2.230781,
        53.475786
       ],
       [
        -2.230711,
        53.475672
       ],
       [
        -2.230631,
        53.475588
       ],
       [
        -2.23062,
        53.475545
       ],
       [
        -2.23054,
        53.475461
       ],
       [
        -2.230489,
        53.475302
       ],
       [
        -2.23046,
        53.475274
       ],
       [
        -2.230444,
        53.475157
       ],
       [
        -2.230387,
        53.475102
       ],
       [
        -2.230375,
        53.475014
       ],
       [
        -2.230347,
        53.474987
       ],
       [
        -2.23027,
        53.474784
       ],
       [
        -2.230209,
        53.4747
       ],
       [
        -2.230167,
        53.474569
       ],
       [
        -2.230106,
        53.474485
       ],
       [
        -2.230096,
        53.474411
       ],
       [
        -2.230044,
        53.474355
       ],
       [
        -2.230031,
        53.474297
       ],
       [
        -2.229926,
        53.474214
       ],
       [
        -2.229919,
        53.474157
       ],
       [
        -2.229971,
        53.47412
       ],
       [
        -2.230617,
        53.473983
       ],
       [
        -2.230805,
        53.473918
       ],
       [
        -2.2309,
        53.473913
       ],
       [
        -2.230936,
        53.473931
       ],
       [
        -2.230944,
        53.473988
       ],
       [
        -2.230801,
        53.474171
       ],
       [
        -2.230633,
        53.474561
       ],
       [
        -2.230641,
        53.47462
       ],
       [
        -2.230621,
        53.47465
       ],
       [
        -2.230643,
        53.474811
       ],
       [
        -2.230622,
        53.47484
       ],
       [
        -2.230682,
        53.475279
       ],
       [
        -2.230854,
        53.475491
       ],
       [
        -2.230865,
        53.475534
       ],
       [
        -2.231202,
        53.475841
       ],
       [
        -2.231659,
        53.476045
       ],
       [
        -2.231735,
        53.476041
       ],
       [
        -2.232446,
        53.475848
       ],
       [
        -2.232519,
        53.475842
       ],
       [
        -2.23266,
        53.475794
       ],
       [
        -2.233303,
        53.475642
       ],
       [
        -2.233373,
        53.475612
       ],
       [
        -2.233446,
        53.475606
       ],
       [
        -2.233563,
        53.475571
       ],
       [
        -2.23366,
        53.475569
       ],
       [
        -2.233696,
        53.475587
       ],
       [
        -2.233824,
        53.475772
       ],
       [
        -2.233933,
        53.475884
       ],
       [
        -2.233974,
        53.47597
       ],
       [
        -2.23432,
        53.476378
       ],
       [
        -2.234331,
        53.476422
       ],
       [
        -2.234412,
        53.476506
       ],
       [
        -2.234453,
        53.476592
       ],
       [
        -2.234562,
        53.476704
       ],
       [
        -2.234603,
        53.47679
       ],
       [
        -2.234685,
        53.476867
       ],
       [
        -2.234724,
        53.476879
       ],
       [
        -2.234821,
        53.476848
       ],
       [
        -2.234893,
        53.476842
       ],
       [
        -2.234937,
        53.47685
       ],
       [
        -2.234959,
        53.476875
       ],
       [
        -2.234924,
        53.476979
       ],
       [
        -2.234933,
        53.477081
       ],
       [
        -2.234895,
        53.477127
       ],
       [
        -2.234937,
        53.477434
       ],
       [
        -2.234916,
        53.477463
       ],
       [
        -2.23508,
        53.47866
       ],
       [
        -2.235177,
        53.478831
       ],
       [
        -2.237728,
        53.480394
       ],
       [
        -2.237715,
        53.480435
       ],
       [
        -2.237489,
        53.480545
       ]
      ]
     ],
     [
      [
       [
        -2.232611,
        53.481289
       ],
       [
        -2.232888,
        53.481554
       ],
       [
        -2.232947,
        53.481625
       ],
       [
        -2.232953,
        53.481667
       ],
       [
        -2.2329,
        53.481704
       ],
       [
        -2.232851,
        53.48171
       ],
       [
        -2.232405,
        53.481863
       ],
       [
        -2.232375,
        53.481901
       ],
       [
        -2.232842,
        53.482437
       ],
       [
        -2.232949,
        53.482534
       ],
       [
        -2.233016,
        53.482634
       ],
       [
        -2.233123,
        53.482731
       ],
       [
        -2.233212,
        53.482844
       ],
       [
        -2.23322,
        53.482901
       ],
       [
        -2.23312,
        53.482956
       ],
       [
        -2.233002,
        53.482993
       ],
       [
        -2.232935,
        53.483038
       ],
       [
        -2.232886,
        53.483043
       ],
       [
        -2.232629,
        53.483144
       ],
       [
        -2.232187,
        53.483327
       ],
       [
        -2.232073,
        53.483388
       ],
       [
        -2.231186,
        53.483739
       ],
       [
        -2.23102,
        53.483739
       ],
       [
        -2.230589,
        53.483532
       ],
       [
        -2.230522,
        53.483514
       ],
       [
        -2.230141,
        53.483319
       ],
       [
        -2.229709,
        53.483143
       ],
       [
        -2.22946,
        53.483014
       ],
       [
        -2.229394,
        53.482997
       ],
       [
        -2.229224,
        53.482908
       ],
       [
        -2.229158,
        53.482891
       ],
       [
        -2.229125,
        53.482859
       ],
       [
        -2.229079,
        53.482851
       ],
       [
        -2.228539,
        53.482601
       ],
       [
        -2.228533,
        53.482559
       ],
       [
        -2.228564,
        53.482537
       ],
       [
        -2.230773,
        53.48164
       ],
       [
        -2.230798,
        53.481604
       ],
       [
        -2.230781,
        53.481582
       ],
       [
        -2.230347,
        53.481251
       ],
       [
        -2.230312,
        53.48121
       ],
       [
        -2.230325,
        53.481168
       ],
       [
        -2.231134,
        53.480827
       ],
       [
        -2.231299,
        53.480773
       ],
       [
        -2.231413,
        53.480711
       ],
       [
        -2.231625,
        53.480639
       ],
       [
        -2.231925,
        53.480496
       ],
       [
        -2.232137,
        53.480424
       ],
       [
        -2.232251,
        53.480362
       ],
       [
        -2.232812,
        53.480141
       ],
       [
        -2.232973,
        53.480063
       ],
       [
        -2.233065,
        53.480067
       ],
       [
        -2.233279,
        53.480273
       ],
       [
        -2.233606,
        53.480654
       ],
       [
        -2.233742,
        53.480779
       ],
       [
        -2.233749,
        53.480836
       ],
       [
        -2.233299,
        53.481025
       ],
       [
        -2.23263,
        53.481264
       ],
       [
        -2.232611,
        53.481289
       ]
      ]
     ],
     [
      [
       [
        -2.234994,
        53.482231
       ],
       [
        -2.234965,
        53.482271
       ],
       [
        -2.234415,
        53.48267
       ],
       [
        -2.234321,
        53.482772
       ],
       [
        -2.233894,
        53.483118
       ],
       [
        -2.233814,
        53.483207
       ],
       [
        -2.233388,
        53.483553
       ],
       [
        -2.233331,
        53.483627
       ],
       [
        -2.232261,
        53.484442
       ],
       [
        -2.232195,
        53.484456
       ],
       [
        -2.23215,
        53.484447
       ],
       [
        -2.231071,
        53.483928
       ],
       [
        -2.231047,
        53.483888
       ],
       [
        -2.23108,
        53.483853
       ],
       [
        -2.231853,
        53.483563
       ],
       [
        -2.232084,
        53.483452
       ],
       [
        -2.232342,
        53.483363
       ],
       [
        -2.232783,
        53.483168
       ],
       [
        -2.232994,
        53.483097
       ],
       [
        -2.2334,
        53.482924
       ],
       [
        -2.233337,
        53.482822
       ],
       [
        -2.233202,
        53.482697
       ],
       [
        -2.232726,
        53.482133
       ],
       [
        -2.232591,
        53.482008
       ],
       [
        -2.23255,
        53.481922
       ],
       [
        -2.232605,
        53.481871
       ],
       [
        -2.232654,
        53.481866
       ],
       [
        -2.2331,
        53.481712
       ],
       [
        -2.233131,
        53.481675
       ],
       [
        -2.232794,
        53.481338
       ],
       [
        -2.2328,
        53.481283
       ],
       [
        -2.233685,
        53.480953
       ],
       [
        -2.233874,
        53.480897
       ],
       [
        -2.233929,
        53.480858
       ],
       [
        -2.233868,
        53.480772
       ],
       [
        -2.233097,
        53.479958
       ],
       [
        -2.233099,
        53.479874
       ],
       [
        -2.234056,
        53.479523
       ],
       [
        -2.234101,
        53.479495
       ],
       [
        -2.234241,
        53.479496
       ],
       [
        -2.23461,
        53.480077
       ],
       [
        -2.234841,
        53.48033
       ],
       [
        -2.235509,
        53.480899
       ],
       [
        -2.235978,
        53.481151
       ],
       [
        -2.236045,
        53.481169
       ],
       [
        -2.236203,
        53.481249
       ],
       [
        -2.236229,
        53.481303
       ],
       [
        -2.235619,
        53.481761
       ],
       [
        -2.235368,
        53.481972
       ],
       [
        -2.234994,
        53.482231
       ]
      ]
     ]
    ],
    "type": "MultiPolygon"
   }
  },
  {
   "type": "Feature",
   "properties": {
    "id": "mayfield",
    "name": "Mayfield",
    "borough": "Manchester",
    "category": "mixed",
    "status": "consented",
    "lead": "Mayfield Partnership: LandSec (U+I), MCC, TfGM, Platform4",
    "architects": "Studio Egret West (SRF, park); shedkm; Bennetts Associates (The Poulton)",
    "stated_area_ha": 9.7,
    "homes": 1500,
    "jobs": 15000,
    "commercial": "1.6m sq ft offices; 650-bed hotel; 6.5 ac park extending to c.10 ac",
    "investment": "£1.4bn GDV",
    "milestone": "Phase 1 residential (c.880 homes) approved Jul 2025. LandSec: no residential start until 2027 at earliest.",
    "milestone_date": "2025-11",
    "summary": "Park-led mixed-use quarter on the Medlock east of Piccadilly station. Mayfield Park (2022) open; Depot Mayfield venue operating.",
    "links": [
     {
      "label": "LandSec Phase 1 approval",
      "url": "https://www.landsec.com/en/media-insights/press-releases/green-light-for-first-homes-in-manchester-s-mayfield-park-sets-new-blueprint-for-park-side-living"
     },
     {
      "label": "No resi start until 2027 (PNW)",
      "url": "https://www.placenorthwest.co.uk/landsec-no-resi-starts-until-2027-at-the-earliest/"
     }
    ],
    "images": [
     {
      "src": "assets/images/mayfield/01.jpg",
      "caption": "Landsec: no resi starts until 2027 at the earliest - Place North West",
      "credit": "Place North West",
      "source_url": "https://www.placenorthwest.co.uk/landsec-no-resi-starts-until-2027-at-the-earliest/",
      "licence": "all rights reserved — research use with attribution",
      "px": [
       1024,
       738
      ]
     },
     {
      "src": "assets/images/mayfield/02.jpg",
      "caption": "Manchester Mayfield Station 1",
      "credit": "Gerald England",
      "source_url": "https://commons.wikimedia.org/wiki/File:Manchester_Mayfield_Station_1.jpg",
      "licence": "CC BY-SA 2.0",
      "px": [
       640,
       463
      ]
     },
     {
      "src": "assets/images/mayfield/03.jpg",
      "caption": "Manchester Mayfield Station 2",
      "credit": "philld",
      "source_url": "https://commons.wikimedia.org/wiki/File:Manchester_Mayfield_Station_2.jpg",
      "licence": "CC BY-SA 2.0",
      "px": [
       640,
       428
      ]
     }
    ],
    "confidence": "srf-georeferenced",
    "boundary_source": "Manchester Piccadilly SRF Update Mar 2018 (MCC/Bennetts) Appendix 1 area 06 Mayfield SRF, aerial georeferenced (~1.6 m/px, ~30 m)",
    "boundary_features": 1
   },
   "geometry": {
    "coordinates": [
     [
      [
       -2.231074,
       53.476049
      ],
      [
       -2.231113,
       53.476094
      ],
      [
       -2.23108,
       53.476129
      ],
      [
       -2.230652,
       53.476226
      ],
      [
       -2.230479,
       53.476235
      ],
      [
       -2.230314,
       53.476272
      ],
      [
       -2.229972,
       53.476303
      ],
      [
       -2.229806,
       53.476341
      ],
      [
       -2.229634,
       53.476349
      ],
      [
       -2.229444,
       53.476388
      ],
      [
       -2.228396,
       53.476468
      ],
      [
       -2.22835,
       53.476485
      ],
      [
       -2.228105,
       53.476497
      ],
      [
       -2.228059,
       53.476514
      ],
      [
       -2.227717,
       53.47653
      ],
      [
       -2.227668,
       53.476518
      ],
      [
       -2.227029,
       53.476534
      ],
      [
       -2.226781,
       53.476514
      ],
      [
       -2.22668,
       53.476493
      ],
      [
       -2.226582,
       53.476495
      ],
      [
       -2.226381,
       53.476463
      ],
      [
       -2.226283,
       53.476465
      ],
      [
       -2.225805,
       53.476386
      ],
      [
       -2.225702,
       53.47635
      ],
      [
       -2.225526,
       53.476326
      ],
      [
       -2.225095,
       53.47623
      ],
      [
       -2.224192,
       53.475924
      ],
      [
       -2.223305,
       53.47573
      ],
      [
       -2.222919,
       53.475604
      ],
      [
       -2.22264,
       53.475542
      ],
      [
       -2.22228,
       53.47543
      ],
      [
       -2.221745,
       53.475292
      ],
      [
       -2.220897,
       53.475025
      ],
      [
       -2.220661,
       53.474922
      ],
      [
       -2.220487,
       53.474875
      ],
      [
       -2.220393,
       53.474824
      ],
      [
       -2.220388,
       53.474782
      ],
      [
       -2.22055,
       53.474615
      ],
      [
       -2.220662,
       53.474536
      ],
      [
       -2.220797,
       53.474475
      ],
      [
       -2.220891,
       53.474408
      ],
      [
       -2.221207,
       53.474238
      ],
      [
       -2.221682,
       53.474112
      ],
      [
       -2.221827,
       53.474088
      ],
      [
       -2.221896,
       53.474058
      ],
      [
       -2.221969,
       53.474051
      ],
      [
       -2.222062,
       53.474017
      ],
      [
       -2.223063,
       53.473954
      ],
      [
       -2.223108,
       53.473937
      ],
      [
       -2.223475,
       53.473919
      ],
      [
       -2.223524,
       53.473932
      ],
      [
       -2.223843,
       53.473916
      ],
      [
       -2.223893,
       53.473928
      ],
      [
       -2.224285,
       53.473909
      ],
      [
       -2.224334,
       53.473922
      ],
      [
       -2.224604,
       53.473909
      ],
      [
       -2.224654,
       53.473921
      ],
      [
       -2.224924,
       53.473908
      ],
      [
       -2.224974,
       53.47392
      ],
      [
       -2.225295,
       53.473919
      ],
      [
       -2.225344,
       53.473931
      ],
      [
       -2.225541,
       53.473922
      ],
      [
       -2.225739,
       53.473941
      ],
      [
       -2.226109,
       53.473938
      ],
      [
       -2.226258,
       53.47396
      ],
      [
       -2.226382,
       53.473954
      ],
      [
       -2.226531,
       53.473976
      ],
      [
       -2.226802,
       53.473981
      ],
      [
       -2.226928,
       53.474001
      ],
      [
       -2.227075,
       53.473997
      ],
      [
       -2.228578,
       53.4742
      ],
      [
       -2.228677,
       53.474195
      ],
      [
       -2.228727,
       53.474207
      ],
      [
       -2.22951,
       53.474169
      ],
      [
       -2.229559,
       53.474181
      ],
      [
       -2.229706,
       53.474177
      ],
      [
       -2.229907,
       53.474319
      ],
      [
       -2.229939,
       53.474376
      ],
      [
       -2.229954,
       53.474449
      ],
      [
       -2.230049,
       53.474605
      ],
      [
       -2.230063,
       53.474708
      ],
      [
       -2.230117,
       53.474778
      ],
      [
       -2.230168,
       53.474937
      ],
      [
       -2.230229,
       53.475022
      ],
      [
       -2.230239,
       53.475095
      ],
      [
       -2.23034,
       53.475295
      ],
      [
       -2.230352,
       53.475383
      ],
      [
       -2.230404,
       53.475439
      ],
      [
       -2.230417,
       53.475497
      ],
      [
       -2.230495,
       53.475567
      ],
      [
       -2.230597,
       53.475738
      ],
      [
       -2.230713,
       53.475865
      ],
      [
       -2.230786,
       53.475916
      ],
      [
       -2.231074,
       53.476049
      ]
     ]
    ],
    "type": "Polygon"
   }
  },
  {
   "type": "Feature",
   "properties": {
    "id": "sister",
    "name": "Sister (formerly ID Manchester)",
    "borough": "Manchester",
    "category": "mixed",
    "status": "on-site",
    "lead": "Bruntwood SciTech + University of Manchester JV",
    "architects": "Allies and Morrison (SRF, Plot C); Hodder + Partners (Plot H)",
    "stated_area_ha": 9,
    "homes": 1500,
    "jobs": 10000,
    "commercial": "c.4m sq ft total; c.2m sq ft workspace; c.1,000 student beds",
    "investment": "£1.7bn",
    "milestone": "Plot C (585k sq ft) approved late 2025, demolition from spring 2026. Plot H 38-storey student tower (1,041 beds) submitted 2026. Renold Building refurb complete.",
    "milestone_date": "2026-06",
    "summary": "Innovation district on the former UMIST north campus. SRF adopted Dec 2023; 15-year delivery. Area quoted as 9 ha (Invest Manchester) or 18 ha (BD/AJ).",
    "links": [
     {
      "label": "Invest Manchester",
      "url": "https://www.investmanchester.co.uk/development/sister/"
     },
     {
      "label": "Plot H (Building)",
      "url": "https://www.building.co.uk/news/bruntwood-submits-38-storey-student-resi-tower-for-manchesters-sister-masterplan/5142556.article"
     }
    ],
    "images": [
     {
      "src": "assets/images/sister/01.jpg",
      "caption": "Sister - Invest Manchester",
      "credit": "Invest in Manchester",
      "source_url": "https://www.investmanchester.co.uk/development/sister/",
      "licence": "all rights reserved — research use with attribution",
      "px": [
       1024,
       993
      ]
     },
     {
      "src": "assets/images/sister/02.jpg",
      "caption": "Bruntwood submits 38-storey student resi tower for Manchester’s Sister masterplan",
      "credit": "Building",
      "source_url": "https://www.building.co.uk/news/bruntwood-submits-38-storey-student-resi-tower-for-manchesters-sister-masterplan/5142556.article",
      "licence": "all rights reserved — research use with attribution",
      "px": [
       1024,
       536
      ]
     }
    ],
    "confidence": "srf-georeferenced",
    "boundary_source": "Manchester Piccadilly SRF Update Mar 2018 Appendix 1 area 07 North Campus SRF, aerial georeferenced (~30 m)",
    "boundary_features": 1
   },
   "geometry": {
    "coordinates": [
     [
      [
       -2.238207,
       53.474194
      ],
      [
       -2.23824,
       53.47425
      ],
      [
       -2.238207,
       53.474286
      ],
      [
       -2.23804,
       53.474326
      ],
      [
       -2.237923,
       53.474373
      ],
      [
       -2.23785,
       53.474379
      ],
      [
       -2.237781,
       53.474409
      ],
      [
       -2.237471,
       53.474486
      ],
      [
       -2.237094,
       53.474604
      ],
      [
       -2.236974,
       53.474627
      ],
      [
       -2.236787,
       53.474692
      ],
      [
       -2.236666,
       53.474716
      ],
      [
       -2.236503,
       53.474779
      ],
      [
       -2.236312,
       53.474821
      ],
      [
       -2.235935,
       53.474942
      ],
      [
       -2.235904,
       53.474979
      ],
      [
       -2.23616,
       53.475262
      ],
      [
       -2.236286,
       53.475432
      ],
      [
       -2.236365,
       53.475501
      ],
      [
       -2.236375,
       53.475545
      ],
      [
       -2.236572,
       53.475755
      ],
      [
       -2.23667,
       53.475897
      ],
      [
       -2.236807,
       53.476037
      ],
      [
       -2.236846,
       53.476109
      ],
      [
       -2.236896,
       53.47615
      ],
      [
       -2.236891,
       53.476205
      ],
      [
       -2.23642,
       53.476327
      ],
      [
       -2.23635,
       53.476357
      ],
      [
       -2.236277,
       53.476363
      ],
      [
       -2.236208,
       53.476393
      ],
      [
       -2.236014,
       53.47642
      ],
      [
       -2.235827,
       53.476485
      ],
      [
       -2.23554,
       53.476546
      ],
      [
       -2.235305,
       53.476628
      ],
      [
       -2.234856,
       53.476755
      ],
      [
       -2.234759,
       53.476757
      ],
      [
       -2.234695,
       53.476711
      ],
      [
       -2.234386,
       53.476286
      ],
      [
       -2.234188,
       53.476061
      ],
      [
       -2.234177,
       53.476017
      ],
      [
       -2.234099,
       53.475948
      ],
      [
       -2.234088,
       53.475904
      ],
      [
       -2.233979,
       53.475792
      ],
      [
       -2.233857,
       53.475622
      ],
      [
       -2.233847,
       53.475578
      ],
      [
       -2.233734,
       53.475459
      ],
      [
       -2.233668,
       53.475448
      ],
      [
       -2.233456,
       53.475515
      ],
      [
       -2.233169,
       53.475575
      ],
      [
       -2.23291,
       53.475659
      ],
      [
       -2.232741,
       53.475684
      ],
      [
       -2.232624,
       53.475731
      ],
      [
       -2.231983,
       53.475895
      ],
      [
       -2.23191,
       53.475901
      ],
      [
       -2.231793,
       53.475936
      ],
      [
       -2.23167,
       53.475942
      ],
      [
       -2.231575,
       53.475921
      ],
      [
       -2.231418,
       53.475855
      ],
      [
       -2.231385,
       53.475824
      ],
      [
       -2.231339,
       53.475815
      ],
      [
       -2.23116,
       53.47568
      ],
      [
       -2.231068,
       53.475582
      ],
      [
       -2.23102,
       53.475555
      ],
      [
       -2.231009,
       53.475511
      ],
      [
       -2.23087,
       53.475357
      ],
      [
       -2.230831,
       53.475286
      ],
      [
       -2.230817,
       53.475184
      ],
      [
       -2.230837,
       53.475154
      ],
      [
       -2.230763,
       53.47479
      ],
      [
       -2.230783,
       53.474761
      ],
      [
       -2.230763,
       53.474614
      ],
      [
       -2.230797,
       53.474466
      ],
      [
       -2.230928,
       53.474167
      ],
      [
       -2.231095,
       53.473982
      ],
      [
       -2.2312,
       53.473816
      ],
      [
       -2.231299,
       53.473726
      ],
      [
       -2.23153,
       53.473645
      ],
      [
       -2.231691,
       53.473567
      ],
      [
       -2.231856,
       53.473512
      ],
      [
       -2.232017,
       53.473433
      ],
      [
       -2.232741,
       53.473146
      ],
      [
       -2.233644,
       53.472702
      ],
      [
       -2.23408,
       53.472509
      ],
      [
       -2.234147,
       53.472464
      ],
      [
       -2.235856,
       53.471835
      ],
      [
       -2.235928,
       53.471834
      ],
      [
       -2.235964,
       53.471853
      ],
      [
       -2.236712,
       53.472609
      ],
      [
       -2.237016,
       53.472887
      ],
      [
       -2.237087,
       53.473015
      ],
      [
       -2.237054,
       53.473051
      ],
      [
       -2.236491,
       53.473257
      ],
      [
       -2.236461,
       53.473294
      ],
      [
       -2.236465,
       53.473325
      ],
      [
       -2.236546,
       53.473409
      ],
      [
       -2.236552,
       53.473451
      ],
      [
       -2.23624,
       53.473574
      ],
      [
       -2.236191,
       53.47358
      ],
      [
       -2.235981,
       53.47366
      ],
      [
       -2.23591,
       53.473664
      ],
      [
       -2.235874,
       53.473646
      ],
      [
       -2.235778,
       53.473518
      ],
      [
       -2.23574,
       53.47351
      ],
      [
       -2.235527,
       53.47358
      ],
      [
       -2.235454,
       53.473586
      ],
      [
       -2.235222,
       53.473683
      ],
      [
       -2.235022,
       53.473746
      ],
      [
       -2.235004,
       53.473792
      ],
      [
       -2.235113,
       53.473904
      ],
      [
       -2.235359,
       53.47423
      ],
      [
       -2.235497,
       53.47437
      ],
      [
       -2.235595,
       53.474512
      ],
      [
       -2.235635,
       53.474546
      ],
      [
       -2.235688,
       53.474558
      ],
      [
       -2.2359,
       53.474492
      ],
      [
       -2.235973,
       53.474485
      ],
      [
       -2.236353,
       53.474381
      ],
      [
       -2.236426,
       53.474375
      ],
      [
       -2.236495,
       53.474345
      ],
      [
       -2.236568,
       53.474339
      ],
      [
       -2.23709,
       53.474199
      ],
      [
       -2.237163,
       53.474192
      ],
      [
       -2.23747,
       53.474104
      ],
      [
       -2.238051,
       53.474049
      ],
      [
       -2.238207,
       53.474194
      ]
     ]
    ],
    "type": "Polygon"
   }
  },
  {
   "type": "Feature",
   "properties": {
    "id": "noma",
    "name": "NOMA",
    "borough": "Manchester",
    "category": "mixed",
    "status": "on-site",
    "lead": "Federated Hermes / MEPC",
    "architects": "Planit-IE (public realm); Standard Practice",
    "stated_area_ha": 8,
    "homes": 466,
    "jobs": null,
    "commercial": "4m sq ft mixed use; 2 Angel Square 216k sq ft next",
    "investment": "£800m",
    "milestone": "CBRE/JLL appointed Apr 2026 to let 2 Angel Square. BNY moving 2,000+ staff into 4 Angel Square.",
    "milestone_date": "2026-04",
    "summary": "Co-op's former estate between Victoria and Angel Meadow. Angel Gardens (466 BTR, 35 storeys) and Dantzic complete.",
    "links": [
     {
      "label": "Invest Manchester",
      "url": "https://www.investmanchester.co.uk/news/noma-gears-up-for-next-phase-of-development-with-new-agents-confirmed/"
     }
    ],
    "images": [
     {
      "src": "assets/images/noma/01.jpg",
      "caption": "NOMA gears up for next phase of development with new agents confirmed - Invest Manchester",
      "credit": "Invest in Manchester",
      "source_url": "https://www.investmanchester.co.uk/news/noma-gears-up-for-next-phase-of-development-with-new-agents-confirmed/",
      "licence": "all rights reserved — research use with attribution",
      "px": [
       1500,
       1000
      ]
     },
     {
      "src": "assets/images/noma/02.jpg",
      "caption": "NOMA - geograph.org.uk - 6717277",
      "credit": "Peter McDermott",
      "source_url": "https://commons.wikimedia.org/wiki/File:NOMA_-_geograph.org.uk_-_6717277.jpg",
      "licence": "CC BY-SA 2.0",
      "px": [
       1600,
       993
      ]
     },
     {
      "src": "assets/images/noma/03.jpg",
      "caption": "NOMA - geograph.org.uk - 8065985",
      "credit": "Peter McDermott",
      "source_url": "https://commons.wikimedia.org/wiki/File:NOMA_-_geograph.org.uk_-_8065985.jpg",
      "licence": "CC BY-SA 2.0",
      "px": [
       1600,
       1200
      ]
     }
    ],
    "confidence": "srf-georeferenced",
    "boundary_source": "NOMA SRF Update 2020 (MCC) Appendix A plot plan red line, scaled to GMCA site MCC_EMP_01",
    "boundary_features": 1
   },
   "geometry": {
    "coordinates": [
     [
      [
       -2.241879,
       53.486059
      ],
      [
       -2.242001,
       53.486338
      ],
      [
       -2.241972,
       53.486367
      ],
      [
       -2.2418,
       53.486385
      ],
      [
       -2.241595,
       53.486478
      ],
      [
       -2.241561,
       53.486471
      ],
      [
       -2.241399,
       53.486256
      ],
      [
       -2.241301,
       53.486319
      ],
      [
       -2.240713,
       53.487105
      ],
      [
       -2.240629,
       53.48728
      ],
      [
       -2.240381,
       53.487616
      ],
      [
       -2.240346,
       53.48772
      ],
      [
       -2.240375,
       53.487901
      ],
      [
       -2.240191,
       53.487943
      ],
      [
       -2.2401,
       53.487887
      ],
      [
       -2.239988,
       53.487856
      ],
      [
       -2.239864,
       53.487884
      ],
      [
       -2.239764,
       53.487929
      ],
      [
       -2.239606,
       53.488064
      ],
      [
       -2.23916,
       53.48855
      ],
      [
       -2.239124,
       53.488596
      ],
      [
       -2.239143,
       53.488664
      ],
      [
       -2.238989,
       53.488671
      ],
      [
       -2.238355,
       53.488946
      ],
      [
       -2.237681,
       53.48919
      ],
      [
       -2.237173,
       53.489291
      ],
      [
       -2.237012,
       53.489295
      ],
      [
       -2.236713,
       53.489506
      ],
      [
       -2.236663,
       53.489502
      ],
      [
       -2.236334,
       53.489369
      ],
      [
       -2.236334,
       53.489346
      ],
      [
       -2.236507,
       53.489221
      ],
      [
       -2.236949,
       53.488956
      ],
      [
       -2.237116,
       53.488809
      ],
      [
       -2.237228,
       53.488671
      ],
      [
       -2.237119,
       53.488645
      ],
      [
       -2.237071,
       53.488611
      ],
      [
       -2.236742,
       53.488326
      ],
      [
       -2.236543,
       53.488184
      ],
      [
       -2.236297,
       53.487942
      ],
      [
       -2.235257,
       53.487052
      ],
      [
       -2.235196,
       53.487041
      ],
      [
       -2.235035,
       53.486923
      ],
      [
       -2.23598,
       53.486363
      ],
      [
       -2.236154,
       53.486139
      ],
      [
       -2.236279,
       53.486039
      ],
      [
       -2.236488,
       53.485913
      ],
      [
       -2.236769,
       53.485778
      ],
      [
       -2.237104,
       53.485906
      ],
      [
       -2.237368,
       53.485637
      ],
      [
       -2.237409,
       53.485623
      ],
      [
       -2.238141,
       53.485847
      ],
      [
       -2.239252,
       53.48622
      ],
      [
       -2.239338,
       53.486129
      ],
      [
       -2.239592,
       53.485712
      ],
      [
       -2.239623,
       53.485714
      ],
      [
       -2.239804,
       53.485811
      ],
      [
       -2.240636,
       53.486047
      ],
      [
       -2.240743,
       53.485955
      ],
      [
       -2.241015,
       53.486028
      ],
      [
       -2.24119,
       53.48599
      ],
      [
       -2.241359,
       53.485789
      ],
      [
       -2.241394,
       53.485779
      ],
      [
       -2.24173,
       53.485878
      ],
      [
       -2.241879,
       53.486059
      ]
     ]
    ],
    "type": "Polygon"
   }
  },
  {
   "type": "Feature",
   "properties": {
    "id": "st-johns",
    "name": "St John's",
    "borough": "Manchester",
    "category": "mixed",
    "status": "on-site",
    "lead": "Manchester Quays Ltd (MCC + Allied London)",
    "architects": "SimpsonHaugh (masterplan); OMA (Aviva Studios)",
    "stated_area_ha": 6,
    "homes": 2500,
    "jobs": null,
    "commercial": "560–600k sq ft workspace (Enterprise City); 400k sq ft leisure; 3 hotels",
    "investment": "£1bn",
    "milestone": "Aviva Studios (2023), Manchester Goods Yard and Enterprise City refurbs complete. Residential delivery slow; no new 2026 construction milestones.",
    "milestone_date": "2026-09",
    "summary": "Former Granada Studios site. Culture-led quarter anchored by Factory International.",
    "links": [
     {
      "label": "Wikipedia",
      "url": "https://en.wikipedia.org/wiki/St_John%27s,_Manchester"
     },
     {
      "label": "Allied London",
      "url": "https://www.alliedlondon.com/the-evolving-story-of-st-johns-refreshed-masterplan-reveals-next-chapter-for-manchesters-new-neighbourhood-for-enterprise-culture-and-living/"
     }
    ],
    "images": [
     {
      "src": "assets/images/st-johns/01.jpg",
      "caption": "St John's Gardens Manchester April 2025",
      "credit": "Valienne",
      "source_url": "https://commons.wikimedia.org/wiki/File:St_John%27s_Gardens_Manchester_April_2025.jpg",
      "licence": "CC BY 4.0",
      "px": [
       1600,
       1371
      ]
     }
    ],
    "confidence": "srf-georeferenced",
    "boundary_source": "St John's SRF Update Nov 2016 (MCC/Deloitte) extended SRF site plan red line, similarity on 3 OSM landmark GCPs (~20 m)",
    "boundary_features": 1
   },
   "geometry": {
    "coordinates": [
     [
      [
       -2.264744,
       53.476916
      ],
      [
       -2.264613,
       53.477063
      ],
      [
       -2.264539,
       53.477109
      ],
      [
       -2.264453,
       53.477225
      ],
      [
       -2.264184,
       53.477489
      ],
      [
       -2.264128,
       53.477576
      ],
      [
       -2.263985,
       53.477698
      ],
      [
       -2.263967,
       53.477738
      ],
      [
       -2.263821,
       53.477832
      ],
      [
       -2.263725,
       53.477843
      ],
      [
       -2.263578,
       53.477823
      ],
      [
       -2.263473,
       53.477835
      ],
      [
       -2.263339,
       53.477814
      ],
      [
       -2.262666,
       53.477797
      ],
      [
       -2.262587,
       53.477806
      ],
      [
       -2.262328,
       53.477785
      ],
      [
       -2.262137,
       53.477792
      ],
      [
       -2.262075,
       53.477778
      ],
      [
       -2.261884,
       53.477785
      ],
      [
       -2.261583,
       53.477761
      ],
      [
       -2.261477,
       53.477774
      ],
      [
       -2.261274,
       53.477753
      ],
      [
       -2.261083,
       53.477761
      ],
      [
       -2.260979,
       53.477743
      ],
      [
       -2.260831,
       53.477753
      ],
      [
       -2.260713,
       53.477738
      ],
      [
       -2.26041,
       53.477744
      ],
      [
       -2.260263,
       53.477724
      ],
      [
       -2.260049,
       53.477743
      ],
      [
       -2.259899,
       53.477715
      ],
      [
       -2.259751,
       53.477725
      ],
      [
       -2.25966,
       53.477706
      ],
      [
       -2.259482,
       53.477712
      ],
      [
       -2.259295,
       53.477698
      ],
      [
       -2.259192,
       53.477703
      ],
      [
       -2.25914,
       53.477739
      ],
      [
       -2.259052,
       53.477996
      ],
      [
       -2.258889,
       53.478016
      ],
      [
       -2.258798,
       53.477997
      ],
      [
       -2.258495,
       53.478002
      ],
      [
       -2.25804,
       53.477975
      ],
      [
       -2.257228,
       53.477958
      ],
      [
       -2.256927,
       53.477935
      ],
      [
       -2.256792,
       53.477943
      ],
      [
       -2.256674,
       53.477927
      ],
      [
       -2.256201,
       53.477923
      ],
      [
       -2.255818,
       53.4779
      ],
      [
       -2.255785,
       53.477882
      ],
      [
       -2.255767,
       53.477825
      ],
      [
       -2.255802,
       53.477596
      ],
      [
       -2.255793,
       53.477308
      ],
      [
       -2.255814,
       53.477263
      ],
      [
       -2.255763,
       53.477199
      ],
      [
       -2.255696,
       53.477181
      ],
      [
       -2.254934,
       53.477108
      ],
      [
       -2.254784,
       53.477081
      ],
      [
       -2.254731,
       53.477086
      ],
      [
       -2.253596,
       53.476951
      ],
      [
       -2.252993,
       53.476898
      ],
      [
       -2.252899,
       53.476872
      ],
      [
       -2.252761,
       53.476872
      ],
      [
       -2.2518,
       53.476755
      ],
      [
       -2.251747,
       53.47676
      ],
      [
       -2.251626,
       53.476737
      ],
      [
       -2.251413,
       53.476723
      ],
      [
       -2.251263,
       53.476695
      ],
      [
       -2.25121,
       53.4767
      ],
      [
       -2.250602,
       53.476633
      ],
      [
       -2.250427,
       53.47661
      ],
      [
       -2.250396,
       53.476554
      ],
      [
       -2.250515,
       53.476099
      ],
      [
       -2.250549,
       53.476056
      ],
      [
       -2.250619,
       53.476047
      ],
      [
       -2.251103,
       53.476112
      ],
      [
       -2.251228,
       53.476114
      ],
      [
       -2.251738,
       53.476175
      ],
      [
       -2.251833,
       53.476173
      ],
      [
       -2.252088,
       53.476219
      ],
      [
       -2.252141,
       53.476214
      ],
      [
       -2.252936,
       53.476297
      ],
      [
       -2.253455,
       53.476382
      ],
      [
       -2.254218,
       53.476455
      ],
      [
       -2.255572,
       53.476618
      ],
      [
       -2.255744,
       53.476603
      ],
      [
       -2.256183,
       53.476606
      ],
      [
       -2.256411,
       53.47653
      ],
      [
       -2.256725,
       53.476545
      ],
      [
       -2.257014,
       53.476541
      ],
      [
       -2.257076,
       53.476556
      ],
      [
       -2.257368,
       53.47656
      ],
      [
       -2.257486,
       53.476575
      ],
      [
       -2.257608,
       53.476569
      ],
      [
       -2.257712,
       53.476586
      ],
      [
       -2.25789,
       53.47658
      ],
      [
       -2.258995,
       53.476636
      ],
      [
       -2.259271,
       53.476634
      ],
      [
       -2.25953,
       53.476655
      ],
      [
       -2.259822,
       53.476659
      ],
      [
       -2.259956,
       53.47668
      ],
      [
       -2.260272,
       53.476673
      ],
      [
       -2.26076,
       53.476713
      ],
      [
       -2.260882,
       53.476706
      ],
      [
       -2.260986,
       53.476724
      ],
      [
       -2.261331,
       53.47672
      ],
      [
       -2.261406,
       53.476733
      ],
      [
       -2.261627,
       53.47673
      ],
      [
       -2.261774,
       53.47675
      ],
      [
       -2.261909,
       53.476742
      ],
      [
       -2.262026,
       53.476757
      ],
      [
       -2.262529,
       53.476765
      ],
      [
       -2.263211,
       53.476804
      ],
      [
       -2.263556,
       53.476801
      ],
      [
       -2.263985,
       53.476832
      ],
      [
       -2.264163,
       53.476826
      ],
      [
       -2.264254,
       53.476845
      ],
      [
       -2.264543,
       53.476841
      ],
      [
       -2.264605,
       53.476856
      ],
      [
       -2.264715,
       53.476856
      ],
      [
       -2.26475,
       53.476878
      ],
      [
       -2.264744,
       53.476916
      ]
     ]
    ],
    "type": "Polygon"
   }
  },
  {
   "type": "Feature",
   "properties": {
    "id": "great-jackson-st",
    "name": "Great Jackson Street / Deansgate Square / Crown Street",
    "borough": "Manchester",
    "category": "housing",
    "status": "on-site",
    "lead": "Renaker",
    "architects": "SimpsonHaugh",
    "stated_area_ha": 7.78,
    "homes": 6400,
    "jobs": null,
    "commercial": "New school and park in framework",
    "investment": null,
    "milestone": "Contour Tower 1 topped out Feb 2026. The Green + Lighthouse (5 towers, c.2,388 homes, 71-storey/213 m Lighthouse) S106 signed Sep 2026; judicial review threatened by Weis Group; no start date.",
    "milestone_date": "2026-09",
    "summary": "Tall-building cluster south of the city centre. Deansgate Square (1,508, 64 storeys max) and Crown St Ph1 (664) complete; Ph2 (855) and Contour (988) in delivery.",
    "links": [
     {
      "label": "S106 deal (Construction Enquirer)",
      "url": "https://www.constructionenquirer.com/2026/09/14/renaker-strikes-s106-deal-for-next-five-manchester-towers/"
     },
     {
      "label": "Deansgate Square",
      "url": "https://en.wikipedia.org/wiki/Deansgate_Square"
     }
    ],
    "images": [
     {
      "src": "assets/images/great-jackson-st/01.jpg",
      "caption": "Renaker strikes S106 deal for next five Manchester towers",
      "credit": "Construction Enquirer",
      "source_url": "https://www.constructionenquirer.com/2026/09/14/renaker-strikes-s106-deal-for-next-five-manchester-towers/",
      "licence": "all rights reserved — research use with attribution",
      "px": [
       1200,
       828
      ]
     },
     {
      "src": "assets/images/great-jackson-st/02.jpg",
      "caption": "Deansgate Square & Elizabeth Tower Manchester Winter 2020",
      "credit": "ChrisClarke88",
      "source_url": "https://commons.wikimedia.org/wiki/File:Deansgate_Square_%26_Elizabeth_Tower_Manchester_Winter_2020.jpg",
      "licence": "CC BY-SA 4.0",
      "px": [
       1080,
       721
      ]
     },
     {
      "src": "assets/images/great-jackson-st/03.jpg",
      "caption": "Great Jackson Street - geograph.org.uk - 5765438",
      "credit": "Peter McDermott",
      "source_url": "https://commons.wikimedia.org/wiki/File:Great_Jackson_Street_-_geograph.org.uk_-_5765438.jpg",
      "licence": "CC BY-SA 2.0",
      "px": [
       1600,
       1055
      ]
     }
    ],
    "confidence": "srf-georeferenced",
    "boundary_source": "Great Jackson Street SRF May 2018 (MCC/Deloitte/SimpsonHaugh) site location plan red line (7.78 ha), north-up, scaled to stated area and anchored on GMCA land-supply plots",
    "boundary_features": 1
   },
   "geometry": {
    "coordinates": [
     [
      [
       -2.256092,
       53.471774
      ],
      [
       -2.256093,
       53.471897
      ],
      [
       -2.256048,
       53.472025
      ],
      [
       -2.255937,
       53.472034
      ],
      [
       -2.255887,
       53.472063
      ],
      [
       -2.25586,
       53.472107
      ],
      [
       -2.255781,
       53.472143
      ],
      [
       -2.255105,
       53.472346
      ],
      [
       -2.255087,
       53.472373
      ],
      [
       -2.253807,
       53.472745
      ],
      [
       -2.253539,
       53.472843
      ],
      [
       -2.253059,
       53.473091
      ],
      [
       -2.252739,
       53.473299
      ],
      [
       -2.252644,
       53.473284
      ],
      [
       -2.252596,
       53.473212
      ],
      [
       -2.252306,
       53.473131
      ],
      [
       -2.251789,
       53.473112
      ],
      [
       -2.251663,
       53.473158
      ],
      [
       -2.251608,
       53.473158
      ],
      [
       -2.251463,
       53.473073
      ],
      [
       -2.25125,
       53.472867
      ],
      [
       -2.251022,
       53.472595
      ],
      [
       -2.250762,
       53.472332
      ],
      [
       -2.250406,
       53.472156
      ],
      [
       -2.250344,
       53.472175
      ],
      [
       -2.250097,
       53.47219
      ],
      [
       -2.249986,
       53.472213
      ],
      [
       -2.249964,
       53.472201
      ],
      [
       -2.249815,
       53.472035
      ],
      [
       -2.249814,
       53.472002
      ],
      [
       -2.249767,
       53.471954
      ],
      [
       -2.249949,
       53.471876
      ],
      [
       -2.249629,
       53.471538
      ],
      [
       -2.249646,
       53.4715
      ],
      [
       -2.249844,
       53.471381
      ],
      [
       -2.249488,
       53.47109
      ],
      [
       -2.249202,
       53.470804
      ],
      [
       -2.249202,
       53.47076
      ],
      [
       -2.249246,
       53.470714
      ],
      [
       -2.249295,
       53.470694
      ],
      [
       -2.250308,
       53.470695
      ],
      [
       -2.250688,
       53.470717
      ],
      [
       -2.251739,
       53.47079
      ],
      [
       -2.251759,
       53.470798
      ],
      [
       -2.251751,
       53.470858
      ],
      [
       -2.25206,
       53.470887
      ],
      [
       -2.252716,
       53.470982
      ],
      [
       -2.253031,
       53.471003
      ],
      [
       -2.253773,
       53.471116
      ],
      [
       -2.253866,
       53.471079
      ],
      [
       -2.253949,
       53.471075
      ],
      [
       -2.254533,
       53.47112
      ],
      [
       -2.255096,
       53.471237
      ],
      [
       -2.255745,
       53.471437
      ],
      [
       -2.255819,
       53.47147
      ],
      [
       -2.255996,
       53.471654
      ],
      [
       -2.256048,
       53.471657
      ],
      [
       -2.256092,
       53.471774
      ]
     ]
    ],
    "type": "Polygon"
   }
  },
  {
   "type": "Feature",
   "properties": {
    "id": "water-street",
    "name": "Water Street SRF (2026 update)",
    "borough": "Manchester",
    "category": "framework",
    "status": "framework",
    "lead": "Manchester City Council (SRF); SimpsonHaugh (2026 update)",
    "architects": "SimpsonHaugh (SRF update 2026); Renaker schemes by SimpsonHaugh",
    "stated_area_ha": null,
    "homes": 2500,
    "jobs": null,
    "commercial": "Residential-led neighbourhood with a new city park on the River Medlock; tall buildings at the western gateway; Trinity Islands recorded separately",
    "investment": null,
    "milestone": "Draft SRF update approved for consultation Mar 2026; consultation response and final SRF to Executive 8 Jul 2026 (Final Report July 2026).",
    "milestone_date": "2026-07",
    "summary": "Framework area between the Irwell, Water Street, Liverpool Road and the Medlock (Potato Wharf). c.2,500 homes across the SRF; Trinity Islands (1,016) is a separate record.",
    "links": [
     {
      "label": "Water Street SRF (PNW)",
      "url": "https://www.placenorthwest.co.uk/manchester-pushes-water-street-srf-forward/"
     },
     {
      "label": "Water Street SRF Final Report Jul 2026 (PDF in qgis/source/mcc)",
      "url": "https://www.manchester.gov.uk/planning-and-regeneration/regeneration/city-centre-growth-and-infrastructure/city-centre-regeneration-areas/water-street"
     }
    ],
    "images": [
     {
      "src": "assets/images/water-street/01.jpg",
      "caption": "Manchester pushes Water Street SRF forward - Place North West",
      "credit": "Place North West",
      "source_url": "https://www.placenorthwest.co.uk/manchester-pushes-water-street-srf-forward/",
      "licence": "all rights reserved — research use with attribution",
      "px": [
       1024,
       637
      ]
     },
     {
      "src": "assets/images/water-street/02.jpg",
      "caption": "Bridge, Water Street, Manchester - geograph.org.uk - 2805532",
      "credit": "Stephen Richards",
      "source_url": "https://commons.wikimedia.org/wiki/File:Bridge,_Water_Street,_Manchester_-_geograph.org.uk_-_2805532.jpg",
      "licence": "CC BY-SA 2.0",
      "px": [
       640,
       413
      ]
     },
     {
      "src": "assets/images/water-street/03.jpg",
      "caption": "Bridges, Water Street, Manchester - geograph.org.uk - 2805499",
      "credit": "Stephen Richards",
      "source_url": "https://commons.wikimedia.org/wiki/File:Bridges,_Water_Street,_Manchester_-_geograph.org.uk_-_2805499.jpg",
      "licence": "CC BY-SA 2.0",
      "px": [
       640,
       426
      ]
     }
    ],
    "confidence": "srf-georeferenced-partial",
    "boundary_source": "Water Street SRF Final Report Jul 2026 (MCC/SimpsonHaugh) Fig 1.01 location plan, north-up, similarity on 3 OSM GCPs (<10 m); red line is open on the east side so the boundary is a concave hull of the line",
    "boundary_features": 1
   },
   "geometry": {
    "coordinates": [
     [
      [
       -2.260538,
       53.477624
      ],
      [
       -2.260507,
       53.477657
      ],
      [
       -2.260214,
       53.477799
      ],
      [
       -2.260182,
       53.477799
      ],
      [
       -2.260023,
       53.477733
      ],
      [
       -2.25939,
       53.477539
      ],
      [
       -2.259112,
       53.47743
      ],
      [
       -2.259303,
       53.477246
      ],
      [
       -2.259295,
       53.476972
      ],
      [
       -2.259216,
       53.476887
      ],
      [
       -2.259184,
       53.476811
      ],
      [
       -2.259089,
       53.476721
      ],
      [
       -2.258582,
       53.476754
      ],
      [
       -2.258495,
       53.47684
      ],
      [
       -2.258487,
       53.476995
      ],
      [
       -2.258455,
       53.477029
      ],
      [
       -2.25817,
       53.476986
      ],
      [
       -2.258162,
       53.476958
      ],
      [
       -2.258304,
       53.476797
      ],
      [
       -2.258558,
       53.476599
      ],
      [
       -2.258526,
       53.476263
      ],
      [
       -2.258455,
       53.476225
      ],
      [
       -2.257916,
       53.476277
      ],
      [
       -2.257362,
       53.476669
      ],
      [
       -2.257227,
       53.476802
      ],
      [
       -2.257203,
       53.476811
      ],
      [
       -2.257061,
       53.476783
      ],
      [
       -2.257037,
       53.47675
      ],
      [
       -2.258027,
       53.476031
      ],
      [
       -2.25836,
       53.475767
      ],
      [
       -2.258748,
       53.475554
      ],
      [
       -2.259905,
       53.475091
      ],
      [
       -2.260491,
       53.474992
      ],
      [
       -2.260777,
       53.474368
      ],
      [
       -2.260809,
       53.474037
      ],
      [
       -2.260967,
       53.473985
      ],
      [
       -2.261038,
       53.473995
      ],
      [
       -2.261347,
       53.474354
      ],
      [
       -2.261609,
       53.474784
      ],
      [
       -2.261688,
       53.475162
      ],
      [
       -2.261696,
       53.475748
      ],
      [
       -2.261878,
       53.47641
      ],
      [
       -2.261862,
       53.476433
      ],
      [
       -2.261268,
       53.47641
      ],
      [
       -2.261077,
       53.476457
      ],
      [
       -2.260864,
       53.476528
      ],
      [
       -2.260634,
       53.476632
      ],
      [
       -2.260166,
       53.476925
      ],
      [
       -2.260103,
       53.477265
      ],
      [
       -2.260538,
       53.477624
      ]
     ]
    ],
    "type": "Polygon"
   }
  },
  {
   "type": "Feature",
   "properties": {
    "id": "holt-town",
    "name": "Holt Town",
    "borough": "Manchester",
    "category": "housing",
    "status": "framework",
    "lead": "Manchester City Council (fragmented ownership; CPO likely)",
    "architects": "Studio Egret West (NDF); MVRDV (digital twin/strategy); Deloitte, Hatch, Turley",
    "stated_area_ha": 30,
    "homes": 4500,
    "jobs": null,
    "commercial": "30k sq ft workspace; 15 ac green space; 1 km play street; lido",
    "investment": null,
    "milestone": "Neighbourhood Development Framework approved 22 Jan 2025. First stage c.200 homes in mill setting, then c.750 with landowners. No delivery partner announced.",
    "milestone_date": "2025-01",
    "summary": "'Woodland town' between New Islington and the Etihad Campus on the Medlock; ≥20% affordable.",
    "links": [
     {
      "label": "MVRDV",
      "url": "https://www.mvrdv.com/projects/1101/holt-town"
     },
     {
      "label": "PNW",
      "url": "https://www.placenorthwest.co.uk/sign-off-nears-for-4500-home-holt-town-vision-as-fresh-images-emerge/"
     }
    ],
    "images": [
     {
      "src": "assets/images/holt-town/02.jpg",
      "caption": "Sign-off nears for 4,500-home Holt Town vision as fresh images emerge - Place North West",
      "credit": "Place North West",
      "source_url": "https://www.placenorthwest.co.uk/sign-off-nears-for-4500-home-holt-town-vision-as-fresh-images-emerge/",
      "licence": "all rights reserved — research use with attribution",
      "px": [
       1024,
       710
      ]
     },
     {
      "src": "assets/images/holt-town/03.jpg",
      "caption": "Holt Town - geograph.org.uk - 2831943",
      "credit": "Gerald England",
      "source_url": "https://commons.wikimedia.org/wiki/File:Holt_Town_-_geograph.org.uk_-_2831943.jpg",
      "licence": "CC BY-SA 2.0",
      "px": [
       640,
       504
      ]
     }
    ],
    "confidence": "land-supply-site",
    "boundary_source": "GMCA 2025 offices land supply site MCC_EMP_17",
    "boundary_features": 1
   },
   "geometry": {
    "coordinates": [
     [
      [
       -2.213067,
       53.482703
      ],
      [
       -2.214387,
       53.48257
      ],
      [
       -2.21568,
       53.482337
      ],
      [
       -2.216697,
       53.482188
      ],
      [
       -2.216123,
       53.482813
      ],
      [
       -2.216924,
       53.483386
      ],
      [
       -2.217719,
       53.482843
      ],
      [
       -2.218245,
       53.483315
      ],
      [
       -2.218631,
       53.483514
      ],
      [
       -2.216901,
       53.484337
      ],
      [
       -2.212831,
       53.486161
      ],
      [
       -2.203251,
       53.490535
      ],
      [
       -2.202782,
       53.490339
      ],
      [
       -2.203289,
       53.489904
      ],
      [
       -2.204167,
       53.489195
      ],
      [
       -2.205158,
       53.488253
      ],
      [
       -2.205932,
       53.487149
      ],
      [
       -2.206146,
       53.485769
      ],
      [
       -2.207629,
       53.485192
      ],
      [
       -2.208566,
       53.484528
      ],
      [
       -2.208726,
       53.484254
      ],
      [
       -2.209182,
       53.484031
      ],
      [
       -2.209555,
       53.483883
      ],
      [
       -2.209727,
       53.483592
      ],
      [
       -2.209976,
       53.483311
      ],
      [
       -2.210305,
       53.483142
      ],
      [
       -2.211335,
       53.483035
      ],
      [
       -2.211775,
       53.482952
      ],
      [
       -2.21216,
       53.482968
      ],
      [
       -2.213067,
       53.482703
      ]
     ]
    ],
    "type": "Polygon"
   }
  },
  {
   "type": "Feature",
   "properties": {
    "id": "etihad-campus",
    "name": "Etihad Campus / Eastlands",
    "borough": "Manchester",
    "category": "mixed",
    "status": "delivered",
    "lead": "City Football Group / MCC (stadium owner); Co-op Live = CFG + Oak View Group",
    "architects": "Populous (stadium expansion); Deloitte (Eastlands Regeneration Framework)",
    "stated_area_ha": 32,
    "homes": null,
    "jobs": null,
    "commercial": "Co-op Live 23,500 cap (May 2024); North Stand to 60k+ (May 2026); Medlock Square: 401-room Radisson Blu, museum, fan zone",
    "investment": "c.£300m North Stand",
    "milestone": "Radisson Blu Medlock Hotel opened 7 Sep 2026. Stadium lease with MCC reported 'under review' (Sep 2026).",
    "milestone_date": "2026-09",
    "summary": "Sportcity campus in Beswick/Clayton. Eastlands Regeneration Framework 2011/2017 also allows homes in Beswick and along Croft St/Eccleshall St.",
    "links": [
     {
      "label": "Wikipedia",
      "url": "https://en.wikipedia.org/wiki/Etihad_Campus"
     },
     {
      "label": "Lease review (TheStadiumBusiness)",
      "url": "https://www.thestadiumbusiness.com/2026/09/04/manchester-citys-etihad-stadium-lease-deal-under-review/"
     }
    ],
    "images": [
     {
      "src": "assets/images/etihad-campus/01.jpg",
      "caption": "Manchester city training ground",
      "credit": "Arne Müseler",
      "source_url": "https://commons.wikimedia.org/wiki/File:Manchester_city_training_ground.jpg",
      "licence": "CC BY-SA 3.0 de",
      "px": [
       1600,
       1198
      ]
     },
     {
      "src": "assets/images/etihad-campus/02.jpg",
      "caption": "3037 - Etihad Campus",
      "credit": "Mikey",
      "source_url": "https://commons.wikimedia.org/wiki/File:3037_-_Etihad_Campus.jpg",
      "licence": "CC BY 2.0",
      "px": [
       1600,
       1200
      ]
     },
     {
      "src": "assets/images/etihad-campus/03.jpg",
      "caption": "Etihad Campus - geograph.org.uk - 5074272",
      "credit": "Gerald England",
      "source_url": "https://commons.wikimedia.org/wiki/File:Etihad_Campus_-_geograph.org.uk_-_5074272.jpg",
      "licence": "CC BY-SA 2.0",
      "px": [
       1000,
       671
      ]
     }
    ],
    "confidence": "osm-site",
    "boundary_source": "OpenStreetMap relation 16095672 Etihad Campus (© OSM contributors, ODbL); cf. GMCA offices land supply MCC_EMP_13",
    "boundary_features": 1
   },
   "geometry": {
    "coordinates": [
     [
      [
       [
        -2.194597,
        53.481427
       ],
       [
        -2.194518,
        53.481529
       ],
       [
        -2.19439,
        53.481603
       ],
       [
        -2.194009,
        53.481696
       ],
       [
        -2.194027,
        53.481726
       ],
       [
        -2.193866,
        53.481759
       ],
       [
        -2.193273,
        53.481951
       ],
       [
        -2.190782,
        53.482465
       ],
       [
        -2.190341,
        53.482605
       ],
       [
        -2.188777,
        53.482948
       ],
       [
        -2.187206,
        53.48232
       ],
       [
        -2.187535,
        53.482285
       ],
       [
        -2.187512,
        53.482214
       ],
       [
        -2.187177,
        53.482255
       ],
       [
        -2.187049,
        53.482256
       ],
       [
        -2.184869,
        53.481389
       ],
       [
        -2.184076,
        53.481172
       ],
       [
        -2.184178,
        53.481047
       ],
       [
        -2.183852,
        53.480911
       ],
       [
        -2.183901,
        53.48075
       ],
       [
        -2.184138,
        53.480433
       ],
       [
        -2.187075,
        53.477722
       ],
       [
        -2.187466,
        53.477875
       ],
       [
        -2.187592,
        53.477759
       ],
       [
        -2.189131,
        53.477445
       ],
       [
        -2.189655,
        53.477334
       ],
       [
        -2.18969,
        53.477315
       ],
       [
        -2.192564,
        53.476741
       ],
       [
        -2.19268,
        53.476706
       ],
       [
        -2.192943,
        53.476374
       ],
       [
        -2.193069,
        53.476321
       ],
       [
        -2.193212,
        53.476315
       ],
       [
        -2.193378,
        53.476348
       ],
       [
        -2.193424,
        53.476404
       ],
       [
        -2.193169,
        53.477
       ],
       [
        -2.193146,
        53.477823
       ],
       [
        -2.193359,
        53.478439
       ],
       [
        -2.193476,
        53.478891
       ],
       [
        -2.193667,
        53.4794
       ],
       [
        -2.19387,
        53.479821
       ],
       [
        -2.194297,
        53.480531
       ],
       [
        -2.194575,
        53.481059
       ],
       [
        -2.194586,
        53.48118
       ],
       [
        -2.194518,
        53.481195
       ],
       [
        -2.194615,
        53.481365
       ],
       [
        -2.194597,
        53.481427
       ]
      ]
     ],
     [
      [
       [
        -2.201894,
        53.485127
       ],
       [
        -2.201717,
        53.485111
       ],
       [
        -2.200252,
        53.485279
       ],
       [
        -2.200254,
        53.485313
       ],
       [
        -2.200087,
        53.485338
       ],
       [
        -2.199832,
        53.48535
       ],
       [
        -2.199837,
        53.485386
       ],
       [
        -2.199688,
        53.48539
       ],
       [
        -2.199688,
        53.485407
       ],
       [
        -2.19861,
        53.485438
       ],
       [
        -2.19807,
        53.485415
       ],
       [
        -2.198007,
        53.485389
       ],
       [
        -2.197708,
        53.484922
       ],
       [
        -2.197567,
        53.484644
       ],
       [
        -2.197316,
        53.484325
       ],
       [
        -2.196798,
        53.483744
       ],
       [
        -2.196417,
        53.483256
       ],
       [
        -2.195792,
        53.482208
       ],
       [
        -2.19561,
        53.481965
       ],
       [
        -2.195553,
        53.481848
       ],
       [
        -2.195591,
        53.481778
       ],
       [
        -2.195726,
        53.481665
       ],
       [
        -2.195911,
        53.48158
       ],
       [
        -2.196471,
        53.481481
       ],
       [
        -2.196755,
        53.481464
       ],
       [
        -2.196979,
        53.481503
       ],
       [
        -2.199572,
        53.481837
       ],
       [
        -2.201475,
        53.481828
       ],
       [
        -2.20173,
        53.48186
       ],
       [
        -2.20245,
        53.481854
       ],
       [
        -2.202779,
        53.481815
       ],
       [
        -2.20314,
        53.481812
       ],
       [
        -2.20321,
        53.481844
       ],
       [
        -2.203292,
        53.481989
       ],
       [
        -2.203643,
        53.482208
       ],
       [
        -2.20409,
        53.48264
       ],
       [
        -2.204253,
        53.482845
       ],
       [
        -2.204611,
        53.483177
       ],
       [
        -2.205076,
        53.483656
       ],
       [
        -2.205047,
        53.483712
       ],
       [
        -2.205073,
        53.483765
       ],
       [
        -2.205168,
        53.483797
       ],
       [
        -2.20522,
        53.483945
       ],
       [
        -2.205215,
        53.484004
       ],
       [
        -2.205151,
        53.484064
       ],
       [
        -2.205138,
        53.484112
       ],
       [
        -2.205188,
        53.484153
       ],
       [
        -2.205097,
        53.484383
       ],
       [
        -2.204915,
        53.48461
       ],
       [
        -2.20479,
        53.484712
       ],
       [
        -2.204634,
        53.484801
       ],
       [
        -2.204266,
        53.484932
       ],
       [
        -2.204209,
        53.484878
       ],
       [
        -2.204058,
        53.484924
       ],
       [
        -2.204076,
        53.484947
       ],
       [
        -2.204064,
        53.484981
       ],
       [
        -2.203928,
        53.485029
       ],
       [
        -2.20375,
        53.485045
       ],
       [
        -2.202841,
        53.485038
       ],
       [
        -2.201894,
        53.485127
       ]
      ]
     ],
     [
      [
       [
        -2.200636,
        53.485657
       ],
       [
        -2.201088,
        53.485661
       ],
       [
        -2.20195,
        53.485706
       ],
       [
        -2.202329,
        53.485704
       ],
       [
        -2.203078,
        53.48562
       ],
       [
        -2.203507,
        53.4856
       ],
       [
        -2.20433,
        53.485519
       ],
       [
        -2.204986,
        53.485507
       ],
       [
        -2.205155,
        53.485516
       ],
       [
        -2.205608,
        53.485574
       ],
       [
        -2.205717,
        53.485599
       ],
       [
        -2.205859,
        53.485702
       ],
       [
        -2.205929,
        53.485716
       ],
       [
        -2.20593,
        53.486212
       ],
       [
        -2.205787,
        53.48621
       ],
       [
        -2.205726,
        53.486237
       ],
       [
        -2.205703,
        53.486555
       ],
       [
        -2.205598,
        53.486948
       ],
       [
        -2.205467,
        53.487274
       ],
       [
        -2.205299,
        53.487566
       ],
       [
        -2.204816,
        53.48751
       ],
       [
        -2.204529,
        53.487437
       ],
       [
        -2.203412,
        53.489005
       ],
       [
        -2.202193,
        53.488694
       ],
       [
        -2.202288,
        53.488572
       ],
       [
        -2.202011,
        53.488514
       ],
       [
        -2.201818,
        53.488786
       ],
       [
        -2.201683,
        53.488755
       ],
       [
        -2.201204,
        53.489414
       ],
       [
        -2.200297,
        53.488564
       ],
       [
        -2.199948,
        53.488193
       ],
       [
        -2.199679,
        53.487759
       ],
       [
        -2.199492,
        53.48756
       ],
       [
        -2.199434,
        53.48737
       ],
       [
        -2.199198,
        53.486995
       ],
       [
        -2.198997,
        53.486941
       ],
       [
        -2.19889,
        53.486864
       ],
       [
        -2.198459,
        53.486267
       ],
       [
        -2.198352,
        53.485827
       ],
       [
        -2.200307,
        53.485669
       ],
       [
        -2.200636,
        53.485657
       ]
      ]
     ]
    ],
    "type": "MultiPolygon"
   }
  },
  {
   "type": "Feature",
   "properties": {
    "id": "strangeways",
    "name": "Strangeways–Cambridge SRF (Great Ducie Street)",
    "borough": "Manchester / Salford",
    "category": "framework",
    "status": "framework",
    "lead": "MCC + Salford City Council",
    "architects": "Avison Young (lead); Maccreanor Lavington; Feilden Clegg Bradley",
    "stated_area_ha": 130,
    "homes": 7000,
    "jobs": 4500,
    "commercial": "3.1m sq ft commercial; 60 ac Copper Park (Salford side)",
    "investment": null,
    "milestone": "Adopted by Salford 6 Nov 2025 and Manchester 7 Nov 2025. Manchester College campus (£93m) complete; Latimer 461 homes next. Prison relocation unresolved (MoJ).",
    "milestone_date": "2025-11",
    "summary": "Cross-boundary framework around HMP Manchester and the Boddingtons/Great Ducie St corridor. Dutton Street area alone up to 4,000 homes.",
    "links": [
     {
      "label": "PNW",
      "url": "https://www.placenorthwest.co.uk/salford-and-manchester-ready-to-rubber-stamp-7000-home-joint-vision/"
     }
    ],
    "images": [
     {
      "src": "assets/images/strangeways/01.jpg",
      "caption": "Salford and Manchester ready to rubber-stamp 7,000-home joint vision - Place North West",
      "credit": "Place North West",
      "source_url": "https://www.placenorthwest.co.uk/salford-and-manchester-ready-to-rubber-stamp-7000-home-joint-vision/",
      "licence": "all rights reserved — research use with attribution",
      "px": [
       1350,
       1080
      ]
     }
    ],
    "confidence": "srf-georeferenced",
    "boundary_source": "Strangeways & Cambridge SRF Oct 2025 (MCC/Salford) Fig 1.1 red line, georeferenced (similarity, 3 GCPs ~30 m) and auto-traced",
    "boundary_features": 1
   },
   "geometry": {
    "coordinates": [
     [
      [
       -2.258779,
       53.493366
      ],
      [
       -2.258369,
       53.493353
      ],
      [
       -2.258099,
       53.493363
      ],
      [
       -2.257613,
       53.493343
      ],
      [
       -2.257342,
       53.493352
      ],
      [
       -2.256933,
       53.493333
      ],
      [
       -2.256586,
       53.493342
      ],
      [
       -2.256177,
       53.493323
      ],
      [
       -2.255984,
       53.493333
      ],
      [
       -2.255557,
       53.493316
      ],
      [
       -2.255286,
       53.493325
      ],
      [
       -2.2548,
       53.493306
      ],
      [
       -2.25453,
       53.493315
      ],
      [
       -2.25412,
       53.493296
      ],
      [
       -2.253773,
       53.493304
      ],
      [
       -2.253364,
       53.493286
      ],
      [
       -2.253094,
       53.493295
      ],
      [
       -2.252104,
       53.493275
      ],
      [
       -2.251953,
       53.493291
      ],
      [
       -2.251814,
       53.49327
      ],
      [
       -2.251603,
       53.493282
      ],
      [
       -2.251139,
       53.493271
      ],
      [
       -2.250941,
       53.49328
      ],
      [
       -2.250845,
       53.4933
      ],
      [
       -2.249936,
       53.493617
      ],
      [
       -2.249824,
       53.493743
      ],
      [
       -2.249768,
       53.493778
      ],
      [
       -2.249687,
       53.493916
      ],
      [
       -2.249595,
       53.494282
      ],
      [
       -2.249377,
       53.494943
      ],
      [
       -2.249342,
       53.495122
      ],
      [
       -2.249273,
       53.495272
      ],
      [
       -2.249272,
       53.495339
      ],
      [
       -2.249188,
       53.495502
      ],
      [
       -2.24909,
       53.495813
      ],
      [
       -2.248983,
       53.496035
      ],
      [
       -2.248651,
       53.496622
      ],
      [
       -2.248455,
       53.496906
      ],
      [
       -2.248426,
       53.496987
      ],
      [
       -2.24836,
       53.497057
      ],
      [
       -2.248177,
       53.497354
      ],
      [
       -2.248126,
       53.4974
      ],
      [
       -2.247883,
       53.497767
      ],
      [
       -2.247854,
       53.497848
      ],
      [
       -2.247644,
       53.498146
      ],
      [
       -2.247547,
       53.498343
      ],
      [
       -2.247413,
       53.499173
      ],
      [
       -2.247403,
       53.499497
      ],
      [
       -2.247428,
       53.499633
      ],
      [
       -2.247408,
       53.499956
      ],
      [
       -2.247429,
       53.500232
      ],
      [
       -2.247383,
       53.500275
      ],
      [
       -2.247288,
       53.500294
      ],
      [
       -2.247203,
       53.500285
      ],
      [
       -2.246909,
       53.500193
      ],
      [
       -2.246773,
       53.500172
      ],
      [
       -2.246628,
       53.500117
      ],
      [
       -2.246533,
       53.500102
      ],
      [
       -2.24585,
       53.499902
      ],
      [
       -2.245171,
       53.499726
      ],
      [
       -2.245049,
       53.499679
      ],
      [
       -2.244891,
       53.49965
      ],
      [
       -2.24399,
       53.499388
      ],
      [
       -2.243895,
       53.499373
      ],
      [
       -2.243212,
       53.499173
      ],
      [
       -2.243031,
       53.499135
      ],
      [
       -2.242932,
       53.499097
      ],
      [
       -2.242837,
       53.499082
      ],
      [
       -2.242737,
       53.499043
      ],
      [
       -2.24207,
       53.498946
      ],
      [
       -2.241989,
       53.498905
      ],
      [
       -2.241871,
       53.498881
      ],
      [
       -2.241745,
       53.498823
      ],
      [
       -2.241225,
       53.49866
      ],
      [
       -2.241143,
       53.498618
      ],
      [
       -2.241004,
       53.498587
      ],
      [
       -2.2409,
       53.498537
      ],
      [
       -2.240602,
       53.498447
      ],
      [
       -2.240286,
       53.498329
      ],
      [
       -2.238442,
       53.497572
      ],
      [
       -2.238365,
       53.497396
      ],
      [
       -2.238268,
       53.497294
      ],
      [
       -2.2379,
       53.496943
      ],
      [
       -2.237775,
       53.496847
      ],
      [
       -2.237357,
       53.496434
      ],
      [
       -2.237321,
       53.496421
      ],
      [
       -2.237242,
       53.496433
      ],
      [
       -2.236748,
       53.496646
      ],
      [
       -2.236071,
       53.496906
      ],
      [
       -2.235796,
       53.496944
      ],
      [
       -2.235213,
       53.496933
      ],
      [
       -2.234895,
       53.497057
      ],
      [
       -2.234777,
       53.497068
      ],
      [
       -2.234736,
       53.497058
      ],
      [
       -2.233879,
       53.49623
      ],
      [
       -2.233885,
       53.496158
      ],
      [
       -2.234233,
       53.496021
      ],
      [
       -2.234245,
       53.495984
      ],
      [
       -2.23381,
       53.495633
      ],
      [
       -2.233442,
       53.495303
      ],
      [
       -2.233307,
       53.495231
      ],
      [
       -2.233204,
       53.495138
      ],
      [
       -2.233218,
       53.495087
      ],
      [
       -2.233281,
       53.495052
      ],
      [
       -2.234422,
       53.494556
      ],
      [
       -2.23463,
       53.494452
      ],
      [
       -2.234764,
       53.494406
      ],
      [
       -2.235041,
       53.494268
      ],
      [
       -2.235142,
       53.494239
      ],
      [
       -2.235478,
       53.494069
      ],
      [
       -2.235911,
       53.493323
      ],
      [
       -2.236216,
       53.492989
      ],
      [
       -2.236241,
       53.492932
      ],
      [
       -2.236311,
       53.492883
      ],
      [
       -2.236364,
       53.4928
      ],
      [
       -2.236872,
       53.492242
      ],
      [
       -2.23696,
       53.492082
      ],
      [
       -2.236992,
       53.49192
      ],
      [
       -2.23701,
       53.491769
      ],
      [
       -2.236958,
       53.491463
      ],
      [
       -2.237018,
       53.491406
      ],
      [
       -2.237095,
       53.49139
      ],
      [
       -2.237198,
       53.491393
      ],
      [
       -2.237326,
       53.491417
      ],
      [
       -2.23748,
       53.491423
      ],
      [
       -2.238225,
       53.491511
      ],
      [
       -2.238525,
       53.491532
      ],
      [
       -2.238654,
       53.491556
      ],
      [
       -2.238948,
       53.491577
      ],
      [
       -2.239212,
       53.491616
      ],
      [
       -2.239486,
       53.491635
      ],
      [
       -2.239522,
       53.491621
      ],
      [
       -2.239594,
       53.491145
      ],
      [
       -2.239647,
       53.490955
      ],
      [
       -2.239649,
       53.490838
      ],
      [
       -2.239702,
       53.490649
      ],
      [
       -2.239709,
       53.490496
      ],
      [
       -2.239767,
       53.490272
      ],
      [
       -2.239731,
       53.490128
      ],
      [
       -2.239686,
       53.489616
      ],
      [
       -2.239617,
       53.489339
      ],
      [
       -2.239631,
       53.489288
      ],
      [
       -2.240332,
       53.488958
      ],
      [
       -2.240507,
       53.488905
      ],
      [
       -2.240959,
       53.488728
      ],
      [
       -2.241582,
       53.488451
      ],
      [
       -2.242099,
       53.488249
      ],
      [
       -2.242312,
       53.488143
      ],
      [
       -2.243293,
       53.487789
      ],
      [
       -2.243456,
       53.48775
      ],
      [
       -2.244005,
       53.48757
      ],
      [
       -2.244776,
       53.487418
      ],
      [
       -2.245482,
       53.487297
      ],
      [
       -2.245526,
       53.487296
      ],
      [
       -2.245634,
       53.487331
      ],
      [
       -2.245917,
       53.487498
      ],
      [
       -2.246126,
       53.487864
      ],
      [
       -2.246181,
       53.488005
      ],
      [
       -2.246378,
       53.488265
      ],
      [
       -2.246612,
       53.488424
      ],
      [
       -2.246917,
       53.488576
      ],
      [
       -2.247016,
       53.488602
      ],
      [
       -2.247053,
       53.488626
      ],
      [
       -2.247287,
       53.488686
      ],
      [
       -2.24765,
       53.488741
      ],
      [
       -2.247782,
       53.488776
      ],
      [
       -2.248103,
       53.488816
      ],
      [
       -2.248248,
       53.488849
      ],
      [
       -2.248399,
       53.488833
      ],
      [
       -2.24854,
       53.48889
      ],
      [
       -2.24873,
       53.488891
      ],
      [
       -2.248807,
       53.488922
      ],
      [
       -2.248876,
       53.488916
      ],
      [
       -2.24898,
       53.488943
      ],
      [
       -2.249117,
       53.488941
      ],
      [
       -2.249512,
       53.488973
      ],
      [
       -2.249763,
       53.488966
      ],
      [
       -2.250286,
       53.488981
      ],
      [
       -2.250806,
       53.488932
      ],
      [
       -2.25115,
       53.488919
      ],
      [
       -2.251309,
       53.488886
      ],
      [
       -2.251502,
       53.488882
      ],
      [
       -2.251789,
       53.488831
      ],
      [
       -2.25185,
       53.488834
      ],
      [
       -2.252805,
       53.488713
      ],
      [
       -2.253346,
       53.488662
      ],
      [
       -2.253597,
       53.488616
      ],
      [
       -2.2539,
       53.488597
      ],
      [
       -2.254114,
       53.488556
      ],
      [
       -2.254812,
       53.488471
      ],
      [
       -2.254974,
       53.488437
      ],
      [
       -2.255599,
       53.48838
      ],
      [
       -2.256224,
       53.488275
      ],
      [
       -2.256587,
       53.48826
      ],
      [
       -2.256931,
       53.488212
      ],
      [
       -2.257052,
       53.488173
      ],
      [
       -2.257137,
       53.488181
      ],
      [
       -2.257188,
       53.488223
      ],
      [
       -2.257356,
       53.488706
      ],
      [
       -2.257707,
       53.490005
      ],
      [
       -2.257968,
       53.490727
      ],
      [
       -2.257963,
       53.490764
      ],
      [
       -2.258661,
       53.49261
      ],
      [
       -2.258693,
       53.492641
      ],
      [
       -2.258943,
       53.493286
      ],
      [
       -2.258929,
       53.493336
      ],
      [
       -2.258899,
       53.493356
      ],
      [
       -2.258779,
       53.493366
      ]
     ]
    ],
    "type": "Polygon"
   }
  },
  {
   "type": "Feature",
   "properties": {
    "id": "ancoats-poland-st",
    "name": "Ancoats / New Islington (Poland Street zone)",
    "borough": "Manchester",
    "category": "housing",
    "status": "on-site",
    "lead": "MCC; Manchester Life (MCC + ADUG); Great Places",
    "architects": "various",
    "stated_area_ha": null,
    "homes": 1500,
    "jobs": null,
    "commercial": "£28m Ancoats Mobility Hub (opened May 2025); c.23k sq ft ground-floor commercial",
    "investment": null,
    "milestone": "Jersey Wharf (190 rent) and Eliza Yard (126 sale) welcoming residents from mid-2026. Stocktons site 758 homes approved Nov 2025.",
    "milestone_date": "2026-06",
    "summary": "Later phases of the Ancoats regeneration under the Poland Street Zone NDF (June 2020).",
    "links": [
     {
      "label": "Poland St NDF (MCC)",
      "url": "https://www.manchester.gov.uk/__data/assets/file/0025/124198/poland_street_zone_neighbourhood_development_framework_june_2020.pdf"
     }
    ],
    "images": [
     {
      "src": "assets/images/ancoats-poland-st/01.jpg",
      "caption": "29 Great Ancoats Street, Manchester - geograph.org.uk - 7571489",
      "credit": "Stephen Richards",
      "source_url": "https://commons.wikimedia.org/wiki/File:29_Great_Ancoats_Street,_Manchester_-_geograph.org.uk_-_7571489.jpg",
      "licence": "CC BY-SA 2.0",
      "px": [
       758,
       1024
      ]
     },
     {
      "src": "assets/images/ancoats-poland-st/02.jpg",
      "caption": "Ancoats, Manchester - geograph.org.uk - 3846212",
      "credit": "Steven Haslington",
      "source_url": "https://commons.wikimedia.org/wiki/File:Ancoats,_Manchester_-_geograph.org.uk_-_3846212.jpg",
      "licence": "CC BY-SA 2.0",
      "px": [
       900,
       1600
      ]
     },
     {
      "src": "assets/images/ancoats-poland-st/03.jpg",
      "caption": "Ancoats Hospital aka Ardwick and Ancoats Dispensary, Manchester under renovations in July 2023",
      "credit": "Ridiculopathy",
      "source_url": "https://commons.wikimedia.org/wiki/File:Ancoats_Hospital_aka_Ardwick_and_Ancoats_Dispensary,_Manchester_under_renovations_in_July_2023.jpg",
      "licence": "CC0",
      "px": [
       1600,
       1200
      ]
     }
    ],
    "confidence": "land-supply-plots",
    "boundary_source": "GMCA 2025 housing land supply plots (dissolved)",
    "boundary_features": 7
   },
   "geometry": {
    "coordinates": [
     [
      [
       [
        -2.216815,
        53.48228
       ],
       [
        -2.217615,
        53.482886
       ],
       [
        -2.217373,
        53.483021
       ],
       [
        -2.217235,
        53.483077
       ],
       [
        -2.217239,
        53.483091
       ],
       [
        -2.21684,
        53.483324
       ],
       [
        -2.216131,
        53.482813
       ],
       [
        -2.216815,
        53.48228
       ]
      ]
     ],
     [
      [
       [
        -2.225063,
        53.485981
       ],
       [
        -2.224413,
        53.485325
       ],
       [
        -2.225533,
        53.484942
       ],
       [
        -2.225667,
        53.485087
       ],
       [
        -2.225861,
        53.485021
       ],
       [
        -2.225894,
        53.485063
       ],
       [
        -2.225619,
        53.485153
       ],
       [
        -2.225798,
        53.485341
       ],
       [
        -2.226112,
        53.485269
       ],
       [
        -2.22639,
        53.48557
       ],
       [
        -2.225063,
        53.485981
       ]
      ]
     ],
     [
      [
       [
        -2.223636,
        53.485979
       ],
       [
        -2.223895,
        53.486233
       ],
       [
        -2.223121,
        53.486502
       ],
       [
        -2.223003,
        53.48649
       ],
       [
        -2.222615,
        53.486081
       ],
       [
        -2.222623,
        53.486008
       ],
       [
        -2.222665,
        53.485955
       ],
       [
        -2.223384,
        53.485732
       ],
       [
        -2.223617,
        53.48596
       ],
       [
        -2.223399,
        53.485721
       ],
       [
        -2.224377,
        53.485376
       ],
       [
        -2.224681,
        53.485692
       ],
       [
        -2.224725,
        53.48571
       ],
       [
        -2.224189,
        53.485868
       ],
       [
        -2.22415,
        53.485827
       ],
       [
        -2.223636,
        53.485979
       ]
      ]
     ],
     [
      [
       [
        -2.225511,
        53.486347
       ],
       [
        -2.225163,
        53.486003
       ],
       [
        -2.226365,
        53.485624
       ],
       [
        -2.226676,
        53.485952
       ],
       [
        -2.225511,
        53.486347
       ]
      ]
     ],
     [
      [
       [
        -2.223746,
        53.486064
       ],
       [
        -2.224713,
        53.485729
       ],
       [
        -2.225203,
        53.486226
       ],
       [
        -2.224256,
        53.486563
       ],
       [
        -2.223746,
        53.486064
       ]
      ]
     ],
     [
      [
       [
        -2.225837,
        53.486663
       ],
       [
        -2.225607,
        53.486431
       ],
       [
        -2.226226,
        53.486219
       ],
       [
        -2.226429,
        53.486442
       ],
       [
        -2.225837,
        53.486663
       ]
      ]
     ]
    ],
    "type": "MultiPolygon"
   }
  },
  {
   "type": "Feature",
   "properties": {
    "id": "digital-campus",
    "name": "Manchester Digital Campus",
    "borough": "Manchester",
    "category": "employment",
    "status": "consented",
    "lead": "Government Property Agency",
    "architects": null,
    "stated_area_ha": 2.2,
    "homes": null,
    "jobs": 8000,
    "commercial": "900k sq ft government hub; 7,000–9,000 civil servants; new park",
    "investment": null,
    "milestone": "Approved 20 Feb 2025; enabling works 2026/27; completion c.2032.",
    "milestone_date": "2025-02",
    "summary": "Former Central Retail Park on Great Ancoats Street.",
    "links": [
     {
      "label": "PNW",
      "url": "https://www.placenorthwest.co.uk/treasury-approves-900000-sq-ft-manchester-digital-campus/"
     }
    ],
    "images": [
     {
      "src": "assets/images/digital-campus/01.jpg",
      "caption": "Treasury approves 900,000 sq ft Manchester Digital Campus - Place North West",
      "credit": "Place North West",
      "source_url": "https://www.placenorthwest.co.uk/treasury-approves-900000-sq-ft-manchester-digital-campus/",
      "licence": "all rights reserved — research use with attribution",
      "px": [
       1024,
       693
      ]
     }
    ],
    "confidence": "land-supply-site",
    "boundary_source": "GMCA 2025 offices land supply site 141607/FO/2024",
    "boundary_features": 1
   },
   "geometry": {
    "coordinates": [
     [
      [
       -2.226838,
       53.483288
      ],
      [
       -2.226342,
       53.483062
      ],
      [
       -2.225708,
       53.48271
      ],
      [
       -2.225524,
       53.482638
      ],
      [
       -2.225493,
       53.482628
      ],
      [
       -2.225437,
       53.482685
      ],
      [
       -2.224988,
       53.482535
      ],
      [
       -2.22496,
       53.48254
      ],
      [
       -2.224217,
       53.482248
      ],
      [
       -2.223236,
       53.481937
      ],
      [
       -2.223035,
       53.481858
      ],
      [
       -2.222848,
       53.481752
      ],
      [
       -2.222919,
       53.481722
      ],
      [
       -2.223154,
       53.481854
      ],
      [
       -2.223848,
       53.482071
      ],
      [
       -2.224474,
       53.482295
      ],
      [
       -2.225601,
       53.481297
      ],
      [
       -2.226139,
       53.481462
      ],
      [
       -2.226946,
       53.481751
      ],
      [
       -2.227733,
       53.482107
      ],
      [
       -2.228263,
       53.482404
      ],
      [
       -2.228182,
       53.482465
      ],
      [
       -2.228196,
       53.482504
      ],
      [
       -2.227961,
       53.482673
      ],
      [
       -2.227891,
       53.482692
      ],
      [
       -2.227609,
       53.4829
      ],
      [
       -2.227591,
       53.482892
      ],
      [
       -2.227551,
       53.482917
      ],
      [
       -2.227456,
       53.482998
      ],
      [
       -2.226838,
       53.483288
      ]
     ]
    ],
    "type": "Polygon"
   }
  },
  {
   "type": "Feature",
   "properties": {
    "id": "east-village-central",
    "name": "East Village Central / Portugal Street East",
    "borough": "Manchester",
    "category": "housing",
    "status": "framework",
    "lead": "Olympian Homes / Round Hill Capital (Fairfax); East Village developer TBC",
    "architects": "SimpsonHaugh (East Village)",
    "stated_area_ha": 2.4,
    "homes": 1888,
    "jobs": null,
    "commercial": "Portugal St East up to 2m sq ft; East Village 12,000 m² workspace, towers to 49 storeys",
    "investment": null,
    "milestone": "The Fairfax (488 BTR) topped out Mar 2025, PC early 2026. East Village Central SRF update Jun/Jul 2025.",
    "milestone_date": "2025-07",
    "summary": "Two adjoining frameworks behind Piccadilly off Pin Mill Brow (former Diecast foundry).",
    "links": [
     {
      "label": "Olympian Homes",
      "url": "https://olympianhomes.com/building/portugal-street-east"
     },
     {
      "label": "East Village (PNW)",
      "url": "https://www.placenorthwest.co.uk/another-1400-homes-planned-for-manchester-as-council-fleshes-out-vision-for-diecast-site/"
     }
    ],
    "images": [
     {
      "src": "assets/images/east-village-central/01.jpg",
      "caption": "Another 1,400 homes planned for Manchester as council fleshes out vision for Diecast site - Place North West",
      "credit": "Place North West",
      "source_url": "https://www.placenorthwest.co.uk/another-1400-homes-planned-for-manchester-as-council-fleshes-out-vision-for-diecast-site/",
      "licence": "all rights reserved — research use with attribution",
      "px": [
       1024,
       724
      ]
     }
    ],
    "confidence": "srf-georeferenced",
    "boundary_source": "Manchester Piccadilly SRF Update Mar 2018 Appendix 1 area 11 East Village neighbourhood, aerial georeferenced (~30 m)",
    "boundary_features": 1
   },
   "geometry": {
    "coordinates": [
     [
      [
       -2.230832,
       53.480729
      ],
      [
       -2.230361,
       53.480948
      ],
      [
       -2.230056,
       53.481053
      ],
      [
       -2.229907,
       53.481126
      ],
      [
       -2.229897,
       53.481149
      ],
      [
       -2.22997,
       53.481227
      ],
      [
       -2.230073,
       53.481295
      ],
      [
       -2.230325,
       53.481518
      ],
      [
       -2.230333,
       53.481575
      ],
      [
       -2.230299,
       53.481603
      ],
      [
       -2.229489,
       53.481944
      ],
      [
       -2.229184,
       53.482049
      ],
      [
       -2.228953,
       53.482161
      ],
      [
       -2.228068,
       53.482526
      ],
      [
       -2.227972,
       53.482534
      ],
      [
       -2.227338,
       53.482386
      ],
      [
       -2.227208,
       53.482336
      ],
      [
       -2.22703,
       53.482298
      ],
      [
       -2.22665,
       53.482177
      ],
      [
       -2.226078,
       53.481955
      ],
      [
       -2.225968,
       53.481898
      ],
      [
       -2.225663,
       53.481799
      ],
      [
       -2.225189,
       53.481598
      ],
      [
       -2.224805,
       53.481459
      ],
      [
       -2.224699,
       53.481406
      ],
      [
       -2.224623,
       53.481339
      ],
      [
       -2.224537,
       53.481296
      ],
      [
       -2.224001,
       53.480929
      ],
      [
       -2.223944,
       53.480914
      ],
      [
       -2.223717,
       53.48077
      ],
      [
       -2.223517,
       53.480671
      ],
      [
       -2.223493,
       53.480631
      ],
      [
       -2.223549,
       53.48058
      ],
      [
       -2.223928,
       53.480471
      ],
      [
       -2.224939,
       53.480131
      ],
      [
       -2.225766,
       53.479883
      ],
      [
       -2.225929,
       53.479819
      ],
      [
       -2.226991,
       53.479486
      ],
      [
       -2.227201,
       53.479405
      ],
      [
       -2.227579,
       53.479296
      ],
      [
       -2.227638,
       53.479315
      ],
      [
       -2.22853,
       53.480144
      ],
      [
       -2.228581,
       53.480142
      ],
      [
       -2.228675,
       53.480108
      ],
      [
       -2.229558,
       53.47973
      ],
      [
       -2.229653,
       53.479726
      ],
      [
       -2.229725,
       53.479745
      ],
      [
       -2.229764,
       53.479781
      ],
      [
       -2.230274,
       53.480067
      ],
      [
       -2.230285,
       53.480111
      ],
      [
       -2.230364,
       53.480181
      ],
      [
       -2.230372,
       53.48021
      ],
      [
       -2.230824,
       53.480672
      ],
      [
       -2.230832,
       53.480729
      ]
     ]
    ],
    "type": "Polygon"
   }
  },
  {
   "type": "Feature",
   "properties": {
    "id": "first-street",
    "name": "First Street",
    "borough": "Manchester",
    "category": "mixed",
    "status": "delivered",
    "lead": "Patrizia (ex-Ask); GMPVF (Plot 9a)",
    "architects": "SimpsonHaugh (First Street North)",
    "stated_area_ha": 8,
    "homes": 1241,
    "jobs": 6000,
    "commercial": "No8 (174k sq ft); Plot 9a GPA hub (2,500 civil servants, Jan 2025)",
    "investment": null,
    "milestone": "Largely built out. The Fernley (525 units, 45 storeys) opened Jun 2025.",
    "milestone_date": "2025-06",
    "summary": "SRF Aug 2015. Acer Tower (716) and The Fernley complete.",
    "links": [
     {
      "label": "GPA hub",
      "url": "https://www.gov.uk/government/news/manchesters-first-street-hub-reaches-completion-milestone"
     }
    ],
    "images": [
     {
      "src": "assets/images/first-street/01.jpg",
      "caption": "Manchester’s First Street Hub reaches completion milestone",
      "credit": "GOV.UK",
      "source_url": "https://www.gov.uk/government/news/manchesters-first-street-hub-reaches-completion-milestone",
      "licence": "all rights reserved — research use with attribution",
      "px": [
       1200,
       630
      ]
     },
     {
      "src": "assets/images/first-street/02.jpg",
      "caption": "First Street, Manchester - geograph.org.uk - 3727165",
      "credit": "David Dixon",
      "source_url": "https://commons.wikimedia.org/wiki/File:First_Street,_Manchester_-_geograph.org.uk_-_3727165.jpg",
      "licence": "CC BY-SA 2.0",
      "px": [
       480,
       640
      ]
     },
     {
      "src": "assets/images/first-street/03.jpg",
      "caption": "First Street, Manchester - geograph.org.uk - 7187240",
      "credit": "David Dixon",
      "source_url": "https://commons.wikimedia.org/wiki/File:First_Street,_Manchester_-_geograph.org.uk_-_7187240.jpg",
      "licence": "CC BY-SA 2.0",
      "px": [
       768,
       1024
      ]
     }
    ],
    "confidence": "srf-georeferenced",
    "boundary_source": "First Street Development Framework report Feb 2020 (MCC) Appendix plan, georeferenced (4 GCPs ~40 m); union of framework plots",
    "boundary_features": 1
   },
   "geometry": {
    "coordinates": [
     [
      [
       -2.248025,
       53.472673
      ],
      [
       -2.247878,
       53.472935
      ],
      [
       -2.248179,
       53.472992
      ],
      [
       -2.24829,
       53.473052
      ],
      [
       -2.248647,
       53.472953
      ],
      [
       -2.2493,
       53.472825
      ],
      [
       -2.249389,
       53.472823
      ],
      [
       -2.249258,
       53.473759
      ],
      [
       -2.247556,
       53.473742
      ],
      [
       -2.247533,
       53.473709
      ],
      [
       -2.247546,
       53.473602
      ],
      [
       -2.24753,
       53.47347
      ],
      [
       -2.247438,
       53.473213
      ],
      [
       -2.247107,
       53.473204
      ],
      [
       -2.247198,
       53.473217
      ],
      [
       -2.247399,
       53.473215
      ],
      [
       -2.247433,
       53.473229
      ],
      [
       -2.2475,
       53.473402
      ],
      [
       -2.247533,
       53.473619
      ],
      [
       -2.247518,
       53.473741
      ],
      [
       -2.247454,
       53.473878
      ],
      [
       -2.247378,
       53.473975
      ],
      [
       -2.247156,
       53.474129
      ],
      [
       -2.244489,
       53.473977
      ],
      [
       -2.244461,
       53.473902
      ],
      [
       -2.244367,
       53.473823
      ],
      [
       -2.244382,
       53.47378
      ],
      [
       -2.244344,
       53.473697
      ],
      [
       -2.244389,
       53.473643
      ],
      [
       -2.244392,
       53.473566
      ],
      [
       -2.244335,
       53.473478
      ],
      [
       -2.244326,
       53.473356
      ],
      [
       -2.244852,
       53.47322
      ],
      [
       -2.244873,
       53.473203
      ],
      [
       -2.244475,
       53.472734
      ],
      [
       -2.244498,
       53.472703
      ],
      [
       -2.24462,
       53.472665
      ],
      [
       -2.244569,
       53.472675
      ],
      [
       -2.244529,
       53.472666
      ],
      [
       -2.24452,
       53.472693
      ],
      [
       -2.244217,
       53.472774
      ],
      [
       -2.244062,
       53.47283
      ],
      [
       -2.244046,
       53.472848
      ],
      [
       -2.244404,
       53.47329
      ],
      [
       -2.244395,
       53.473318
      ],
      [
       -2.244331,
       53.473329
      ],
      [
       -2.244295,
       53.473312
      ],
      [
       -2.244185,
       53.473189
      ],
      [
       -2.244128,
       53.473167
      ],
      [
       -2.243932,
       53.473172
      ],
      [
       -2.243633,
       53.473282
      ],
      [
       -2.243592,
       53.47328
      ],
      [
       -2.243005,
       53.472584
      ],
      [
       -2.243047,
       53.472555
      ],
      [
       -2.244134,
       53.472249
      ],
      [
       -2.244166,
       53.472254
      ],
      [
       -2.244233,
       53.472326
      ],
      [
       -2.243869,
       53.471857
      ],
      [
       -2.243878,
       53.471833
      ],
      [
       -2.243993,
       53.471802
      ],
      [
       -2.243858,
       53.471829
      ],
      [
       -2.243777,
       53.471774
      ],
      [
       -2.242608,
       53.472118
      ],
      [
       -2.242021,
       53.471438
      ],
      [
       -2.241995,
       53.471351
      ],
      [
       -2.244204,
       53.470727
      ],
      [
       -2.244217,
       53.470664
      ],
      [
       -2.243929,
       53.470292
      ],
      [
       -2.243945,
       53.470259
      ],
      [
       -2.244233,
       53.470268
      ],
      [
       -2.244561,
       53.470328
      ],
      [
       -2.244877,
       53.470418
      ],
      [
       -2.245094,
       53.47052
      ],
      [
       -2.245616,
       53.47084
      ],
      [
       -2.246137,
       53.471104
      ],
      [
       -2.246156,
       53.471076
      ],
      [
       -2.246389,
       53.471087
      ],
      [
       -2.246522,
       53.471055
      ],
      [
       -2.246935,
       53.470845
      ],
      [
       -2.247102,
       53.470731
      ],
      [
       -2.247203,
       53.470687
      ],
      [
       -2.247307,
       53.47067
      ],
      [
       -2.247573,
       53.470684
      ],
      [
       -2.247614,
       53.470704
      ],
      [
       -2.248194,
       53.47145
      ],
      [
       -2.248184,
       53.471465
      ],
      [
       -2.247815,
       53.471597
      ],
      [
       -2.248087,
       53.471937
      ],
      [
       -2.248436,
       53.472275
      ],
      [
       -2.248388,
       53.47234
      ],
      [
       -2.248025,
       53.472673
      ]
     ]
    ],
    "type": "Polygon"
   }
  },
  {
   "type": "Feature",
   "properties": {
    "id": "circle-square",
    "name": "Circle Square",
    "borough": "Manchester",
    "category": "mixed",
    "status": "delivered",
    "lead": "Bruntwood SciTech + Vita Group",
    "architects": "Feilden Clegg Bradley; others",
    "stated_area_ha": 2.2,
    "homes": 1783,
    "jobs": null,
    "commercial": "2.4m sq ft; No.3 Circle Square 267k sq ft complete Jul 2025 (ICO, PUMA, Auto Trader)",
    "investment": null,
    "milestone": "Effectively complete.",
    "milestone_date": "2025-07",
    "summary": "Former BBC Oxford Road site around Symphony Park.",
    "links": [
     {
      "label": "Bruntwood",
      "url": "https://bruntwood.co.uk/news/bruntwood-scitech-completes-87m-no3-circle-square-marking-new-era-for-innovation-led-business-in-manchester/"
     }
    ],
    "images": [
     {
      "src": "assets/images/circle-square/01.jpg",
      "caption": "Circle Square - geograph.org.uk - 5029371",
      "credit": "Peter McDermott",
      "source_url": "https://commons.wikimedia.org/wiki/File:Circle_Square_-_geograph.org.uk_-_5029371.jpg",
      "licence": "CC BY-SA 2.0",
      "px": [
       1600,
       954
      ]
     },
     {
      "src": "assets/images/circle-square/02.jpg",
      "caption": "Circle Square - geograph.org.uk - 5086723",
      "credit": "David Dixon",
      "source_url": "https://commons.wikimedia.org/wiki/File:Circle_Square_-_geograph.org.uk_-_5086723.jpg",
      "licence": "CC BY-SA 2.0",
      "px": [
       640,
       427
      ]
     },
     {
      "src": "assets/images/circle-square/03.jpg",
      "caption": "Circle Square Manchester",
      "credit": "Duncan.Hull",
      "source_url": "https://commons.wikimedia.org/wiki/File:Circle_Square_Manchester.jpg",
      "licence": "CC BY-SA 4.0",
      "px": [
       1024,
       1024
      ]
     }
    ],
    "confidence": "point-estimate",
    "boundary_source": "centroid estimate"
   },
   "geometry": {
    "type": "Point",
    "coordinates": [
     -2.2375,
     53.4718
    ]
   }
  },
  {
   "type": "Feature",
   "properties": {
    "id": "kampus",
    "name": "Kampus",
    "borough": "Manchester",
    "category": "housing",
    "status": "delivered",
    "lead": "Capital & Centric + Henry Boot; Ares (funder)",
    "architects": "Mecanoo; Chapman Taylor",
    "stated_area_ha": 0.8,
    "homes": 533,
    "jobs": null,
    "commercial": null,
    "investment": "£150m",
    "milestone": "Complete c.2021–22.",
    "milestone_date": "2022-01",
    "summary": "Former MMU Aytoun campus BTR neighbourhood.",
    "links": [
     {
      "label": "Chapman Taylor",
      "url": "https://www.chapmantaylor.com/projects/kampus"
     }
    ],
    "images": [
     {
      "src": "assets/images/kampus/01.jpg",
      "caption": "Kampus",
      "credit": "Chapman Taylor",
      "source_url": "https://www.chapmantaylor.com/projects/kampus",
      "licence": "all rights reserved — research use with attribution",
      "px": [
       1200,
       630
      ]
     },
     {
      "src": "assets/images/kampus/02.jpg",
      "caption": "Kampus - geograph.org.uk - 5765449",
      "credit": "Peter McDermott",
      "source_url": "https://commons.wikimedia.org/wiki/File:Kampus_-_geograph.org.uk_-_5765449.jpg",
      "licence": "CC BY-SA 2.0",
      "px": [
       1600,
       1080
      ]
     },
     {
      "src": "assets/images/kampus/03.jpg",
      "caption": "Kampus North Block Manchester March 2025",
      "credit": "Valienne",
      "source_url": "https://commons.wikimedia.org/wiki/File:Kampus_North_Block_Manchester_March_2025.jpg",
      "licence": "CC BY 4.0",
      "px": [
       1200,
       1600
      ]
     }
    ],
    "confidence": "srf-georeferenced",
    "boundary_source": "Manchester Piccadilly SRF Update Mar 2018 Appendix 1 area 08 Aytoun Street SRF / Kampus, aerial georeferenced (~30 m)",
    "boundary_features": 1
   },
   "geometry": {
    "coordinates": [
     [
      [
       -2.235177,
       53.478831
      ],
      [
       -2.237728,
       53.480394
      ],
      [
       -2.237715,
       53.480435
      ],
      [
       -2.237489,
       53.480545
      ],
      [
       -2.236373,
       53.481198
      ],
      [
       -2.236302,
       53.481201
      ],
      [
       -2.236124,
       53.481129
      ],
      [
       -2.236058,
       53.481079
      ],
      [
       -2.235992,
       53.481062
      ],
      [
       -2.235728,
       53.480928
      ],
      [
       -2.235695,
       53.480896
      ],
      [
       -2.235649,
       53.480888
      ],
      [
       -2.234939,
       53.480294
      ],
      [
       -2.234675,
       53.479984
      ],
      [
       -2.234379,
       53.47947
      ],
      [
       -2.233877,
       53.47882
      ],
      [
       -2.233866,
       53.478776
      ],
      [
       -2.233696,
       53.478579
      ],
      [
       -2.233535,
       53.478337
      ],
      [
       -2.233396,
       53.478183
      ],
      [
       -2.233385,
       53.478139
      ],
      [
       -2.233335,
       53.478098
      ],
      [
       -2.233235,
       53.477941
      ],
      [
       -2.23247,
       53.477025
      ],
      [
       -2.232112,
       53.476705
      ],
      [
       -2.231792,
       53.476383
      ],
      [
       -2.231516,
       53.476161
      ],
      [
       -2.23139,
       53.476083
      ],
      [
       -2.231117,
       53.475987
      ],
      [
       -2.230852,
       53.475854
      ],
      [
       -2.230781,
       53.475786
      ],
      [
       -2.230711,
       53.475672
      ],
      [
       -2.230631,
       53.475588
      ],
      [
       -2.23062,
       53.475545
      ],
      [
       -2.23054,
       53.475461
      ],
      [
       -2.230489,
       53.475302
      ],
      [
       -2.23046,
       53.475274
      ],
      [
       -2.230444,
       53.475157
      ],
      [
       -2.230387,
       53.475102
      ],
      [
       -2.230375,
       53.475014
      ],
      [
       -2.230347,
       53.474987
      ],
      [
       -2.23027,
       53.474784
      ],
      [
       -2.230209,
       53.4747
      ],
      [
       -2.230167,
       53.474569
      ],
      [
       -2.230106,
       53.474485
      ],
      [
       -2.230096,
       53.474411
      ],
      [
       -2.230044,
       53.474355
      ],
      [
       -2.230031,
       53.474297
      ],
      [
       -2.229926,
       53.474214
      ],
      [
       -2.229919,
       53.474157
      ],
      [
       -2.229971,
       53.47412
      ],
      [
       -2.230617,
       53.473983
      ],
      [
       -2.230805,
       53.473918
      ],
      [
       -2.2309,
       53.473913
      ],
      [
       -2.230936,
       53.473931
      ],
      [
       -2.230944,
       53.473988
      ],
      [
       -2.230801,
       53.474171
      ],
      [
       -2.230633,
       53.474561
      ],
      [
       -2.230641,
       53.47462
      ],
      [
       -2.230621,
       53.47465
      ],
      [
       -2.230643,
       53.474811
      ],
      [
       -2.230622,
       53.47484
      ],
      [
       -2.230682,
       53.475279
      ],
      [
       -2.230854,
       53.475491
      ],
      [
       -2.230865,
       53.475534
      ],
      [
       -2.231202,
       53.475841
      ],
      [
       -2.231659,
       53.476045
      ],
      [
       -2.231735,
       53.476041
      ],
      [
       -2.232446,
       53.475848
      ],
      [
       -2.232519,
       53.475842
      ],
      [
       -2.23266,
       53.475794
      ],
      [
       -2.233303,
       53.475642
      ],
      [
       -2.233373,
       53.475612
      ],
      [
       -2.233446,
       53.475606
      ],
      [
       -2.233563,
       53.475571
      ],
      [
       -2.23366,
       53.475569
      ],
      [
       -2.233696,
       53.475587
      ],
      [
       -2.233824,
       53.475772
      ],
      [
       -2.233933,
       53.475884
      ],
      [
       -2.233974,
       53.47597
      ],
      [
       -2.23432,
       53.476378
      ],
      [
       -2.234331,
       53.476422
      ],
      [
       -2.234412,
       53.476506
      ],
      [
       -2.234453,
       53.476592
      ],
      [
       -2.234562,
       53.476704
      ],
      [
       -2.234603,
       53.47679
      ],
      [
       -2.234685,
       53.476867
      ],
      [
       -2.234724,
       53.476879
      ],
      [
       -2.234821,
       53.476848
      ],
      [
       -2.234893,
       53.476842
      ],
      [
       -2.234937,
       53.47685
      ],
      [
       -2.234959,
       53.476875
      ],
      [
       -2.234924,
       53.476979
      ],
      [
       -2.234933,
       53.477081
      ],
      [
       -2.234895,
       53.477127
      ],
      [
       -2.234937,
       53.477434
      ],
      [
       -2.234916,
       53.477463
      ],
      [
       -2.23508,
       53.47866
      ],
      [
       -2.235177,
       53.478831
      ]
     ]
    ],
    "type": "Polygon"
   }
  },
  {
   "type": "Feature",
   "properties": {
    "id": "mix-manchester",
    "name": "MIX Manchester (formerly Airport City)",
    "borough": "Manchester",
    "category": "employment",
    "status": "consented",
    "lead": "MAG + MCC + GM Pension Fund + BCEGI",
    "architects": "Sheppard Robson (masterplan); CBRE (planning)",
    "stated_area_ha": 24,
    "homes": null,
    "jobs": 8000,
    "commercial": "2m sq ft R&D/labs/advanced manufacturing/offices; 3 hotels",
    "investment": "£30m infrastructure spent",
    "milestone": "Hybrid application for Phase 1 (1.6m sq ft, 24 ac) submitted Apr 2026 (145543/OO/2026). First units Q4 2027.",
    "milestone_date": "2026-04",
    "summary": "Airport-connected innovation campus by Terminal 2 and the M56. Global Logistics (821k sq ft) delivered earlier.",
    "links": [
     {
      "label": "Invest Manchester",
      "url": "https://www.investmanchester.co.uk/news/planning-submitted-for-mix-manchester-a-world-class-airport-connected-innovation-campus/"
     },
     {
      "label": "Construction Enquirer",
      "url": "https://www.constructionenquirer.com/2026/04/09/plans-go-in-for-first-phase-of-1-6m-sq-ft-mix-manchester/"
     }
    ],
    "images": [
     {
      "src": "assets/images/mix-manchester/01.jpg",
      "caption": "Planning submitted for MIX MANCHESTER: a world-class, airport-connected innovation campus - Invest Manchester",
      "credit": "Invest in Manchester",
      "source_url": "https://www.investmanchester.co.uk/news/planning-submitted-for-mix-manchester-a-world-class-airport-connected-innovation-campus/",
      "licence": "all rights reserved — research use with attribution",
      "px": [
       1024,
       602
      ]
     },
     {
      "src": "assets/images/mix-manchester/02.jpg",
      "caption": "Plans go in for first phase of 1.6m sq ft Mix Manchester",
      "credit": "Construction Enquirer",
      "source_url": "https://www.constructionenquirer.com/2026/04/09/plans-go-in-for-first-phase-of-1-6m-sq-ft-mix-manchester/",
      "licence": "all rights reserved — research use with attribution",
      "px": [
       1200,
       828
      ]
     }
    ],
    "confidence": "land-supply-site",
    "boundary_source": "GMCA 2025 offices land supply site MCC_EMP_12 (M56 spur / Ringway Rd W); cf. OSM Airport City",
    "boundary_features": 1
   },
   "geometry": {
    "coordinates": [
     [
      [
       -2.280056,
       53.370484
      ],
      [
       -2.277512,
       53.370887
      ],
      [
       -2.277008,
       53.370888
      ],
      [
       -2.276451,
       53.370842
      ],
      [
       -2.275548,
       53.370733
      ],
      [
       -2.275016,
       53.370528
      ],
      [
       -2.272583,
       53.371676
      ],
      [
       -2.272371,
       53.371565
      ],
      [
       -2.27221,
       53.371407
      ],
      [
       -2.27197,
       53.371106
      ],
      [
       -2.271396,
       53.370903
      ],
      [
       -2.271411,
       53.370886
      ],
      [
       -2.267589,
       53.369472
      ],
      [
       -2.267611,
       53.36945
      ],
      [
       -2.267358,
       53.369352
      ],
      [
       -2.267306,
       53.369379
      ],
      [
       -2.266166,
       53.368982
      ],
      [
       -2.265972,
       53.36884
      ],
      [
       -2.265652,
       53.368663
      ],
      [
       -2.26545,
       53.368561
      ],
      [
       -2.264854,
       53.368349
      ],
      [
       -2.264876,
       53.368322
      ],
      [
       -2.264526,
       53.368136
      ],
      [
       -2.264541,
       53.36811
      ],
      [
       -2.267668,
       53.367845
      ],
      [
       -2.268381,
       53.367808
      ],
      [
       -2.268373,
       53.367617
      ],
      [
       -2.268394,
       53.367479
      ],
      [
       -2.26843,
       53.367332
      ],
      [
       -2.268555,
       53.367038
      ],
      [
       -2.26877,
       53.36694
      ],
      [
       -2.268896,
       53.366922
      ],
      [
       -2.269037,
       53.366913
      ],
      [
       -2.269915,
       53.367071
      ],
      [
       -2.270861,
       53.367375
      ],
      [
       -2.271099,
       53.367446
      ],
      [
       -2.271263,
       53.367477
      ],
      [
       -2.271746,
       53.367449
      ],
      [
       -2.27202,
       53.367319
      ],
      [
       -2.272912,
       53.367442
      ],
      [
       -2.273177,
       53.367063
      ],
      [
       -2.273468,
       53.367143
      ],
      [
       -2.273165,
       53.367481
      ],
      [
       -2.275376,
       53.367983
      ],
      [
       -2.275244,
       53.368294
      ],
      [
       -2.27523,
       53.368383
      ],
      [
       -2.275357,
       53.368547
      ],
      [
       -2.275409,
       53.368578
      ],
      [
       -2.275536,
       53.368631
      ],
      [
       -2.275752,
       53.368658
      ],
      [
       -2.275915,
       53.368635
      ],
      [
       -2.276011,
       53.368595
      ],
      [
       -2.276234,
       53.368581
      ],
      [
       -2.277314,
       53.368947
      ],
      [
       -2.278365,
       53.369425
      ],
      [
       -2.280056,
       53.370484
      ]
     ]
    ],
    "type": "Polygon"
   }
  },
  {
   "type": "Feature",
   "properties": {
    "id": "airport-t2",
    "name": "Manchester Airport Transformation (Terminal 2)",
    "borough": "Manchester",
    "category": "infrastructure",
    "status": "delivered",
    "lead": "MAG",
    "architects": "Buro Happold (T2 extension)",
    "stated_area_ha": null,
    "homes": null,
    "jobs": null,
    "commercial": "80,000 m² T2 extension; capacity 25m → 35m pax/yr",
    "investment": "£1.3bn",
    "milestone": "Phase 2 completed 2025. Terminal 1 reportedly closed Nov 2025 (unverified).",
    "milestone_date": "2025-11",
    "summary": null,
    "links": [
     {
      "label": "Buro Happold",
      "url": "https://www.burohappold.com/projects/manchester-airport-terminal-2-transformation-project-terminal-2-extension/"
     }
    ],
    "images": [
     {
      "src": "assets/images/airport-t2/01.jpg",
      "caption": "Manchester Airport Terminal 2 Transformation Project – Terminal 2 Extension",
      "credit": "Buro Happold",
      "source_url": "https://www.burohappold.com/projects/manchester-airport-terminal-2-transformation-project-terminal-2-extension/",
      "licence": "all rights reserved — research use with attribution",
      "px": [
       1500,
       1000
      ]
     }
    ],
    "confidence": "point-estimate",
    "boundary_source": "centroid estimate"
   },
   "geometry": {
    "type": "Point",
    "coordinates": [
     -2.2715,
     53.365
    ]
   }
  },
  {
   "type": "Feature",
   "properties": {
    "id": "wythenshawe-civic",
    "name": "Wythenshawe Civic",
    "borough": "Manchester",
    "category": "mixed",
    "status": "on-site",
    "lead": "MCC + Muse JV; Wythenshawe Community Housing Group",
    "architects": "Architectural Emporium (Culture Hub); Kier (contractor)",
    "stated_area_ha": null,
    "homes": 2000,
    "jobs": null,
    "commercial": "Culture Hub 30k sq ft, food hall, square, workspace; 'Positive Energy District'",
    "investment": "£500m over 10–15 yrs; £32m Ph1 (LUF £20m + MCC £11.9m)",
    "milestone": "£32m first phase started early 2026, opening 2027. First 422 social-rent homes approved on three sites.",
    "milestone_date": "2026-02",
    "summary": "Town-centre renewal; framework endorsed 2022, Muse appointed Jul 2024.",
    "links": [
     {
      "label": "Muse",
      "url": "https://museplaces.com/stories/new-era-for-wythenshawe-as-32-million-works-begin-at-civic/"
     }
    ],
    "images": [
     {
      "src": "assets/images/wythenshawe-civic/01.jpg",
      "caption": "New era for Wythenshawe as £32 million works begin at civic",
      "credit": "Muse",
      "source_url": "https://museplaces.com/stories/new-era-for-wythenshawe-as-32-million-works-begin-at-civic/",
      "licence": "all rights reserved — research use with attribution",
      "px": [
       1200,
       675
      ]
     },
     {
      "src": "assets/images/wythenshawe-civic/02.jpg",
      "caption": "Civic Centre, Wythenshawe - panoramio",
      "credit": "WythenshaweMike",
      "source_url": "https://commons.wikimedia.org/wiki/File:Civic_Centre,_Wythenshawe_-_panoramio.jpg",
      "licence": "CC BY 3.0",
      "px": [
       1600,
       1200
      ]
     },
     {
      "src": "assets/images/wythenshawe-civic/03.jpg",
      "caption": "Wythenshawe Civic Centre (1) (2)",
      "credit": "Rept0n1x",
      "source_url": "https://commons.wikimedia.org/wiki/File:Wythenshawe_Civic_Centre_(1)_(2).jpg",
      "licence": "CC BY-SA 2.0",
      "px": [
       1600,
       1200
      ]
     }
    ],
    "confidence": "land-supply-plots",
    "boundary_source": "GMCA 2025 housing land supply plots (dissolved)",
    "boundary_features": 12
   },
   "geometry": {
    "coordinates": [
     [
      [
       [
        -2.261252,
        53.378656
       ],
       [
        -2.260777,
        53.378592
       ],
       [
        -2.261038,
        53.377922
       ],
       [
        -2.261144,
        53.377775
       ],
       [
        -2.261572,
        53.377834
       ],
       [
        -2.261657,
        53.377888
       ],
       [
        -2.26166,
        53.377942
       ],
       [
        -2.261442,
        53.378574
       ],
       [
        -2.261415,
        53.378613
       ],
       [
        -2.261252,
        53.378656
       ]
      ]
     ],
     [
      [
       [
        -2.261721,
        53.37964
       ],
       [
        -2.261388,
        53.380478
       ],
       [
        -2.26019,
        53.380327
       ],
       [
        -2.260192,
        53.380229
       ],
       [
        -2.260443,
        53.379465
       ],
       [
        -2.261721,
        53.37964
       ]
      ]
     ],
     [
      [
       [
        -2.266253,
        53.380704
       ],
       [
        -2.26599,
        53.380777
       ],
       [
        -2.265702,
        53.380836
       ],
       [
        -2.265434,
        53.380875
       ],
       [
        -2.265327,
        53.380869
       ],
       [
        -2.265413,
        53.380627
       ],
       [
        -2.265813,
        53.380547
       ],
       [
        -2.266119,
        53.380444
       ],
       [
        -2.266279,
        53.38033
       ],
       [
        -2.266292,
        53.379963
       ],
       [
        -2.266004,
        53.379961
       ],
       [
        -2.265992,
        53.379564
       ],
       [
        -2.266533,
        53.379572
       ],
       [
        -2.266517,
        53.380111
       ],
       [
        -2.266796,
        53.3803
       ],
       [
        -2.266768,
        53.380405
       ],
       [
        -2.2667,
        53.380484
       ],
       [
        -2.266535,
        53.380581
       ],
       [
        -2.266253,
        53.380704
       ]
      ]
     ],
     [
      [
       [
        -2.263268,
        53.380853
       ],
       [
        -2.263053,
        53.38094
       ],
       [
        -2.262608,
        53.381065
       ],
       [
        -2.262232,
        53.381023
       ],
       [
        -2.262058,
        53.380851
       ],
       [
        -2.261795,
        53.380935
       ],
       [
        -2.261358,
        53.380887
       ],
       [
        -2.261447,
        53.380586
       ],
       [
        -2.262205,
        53.380673
       ],
       [
        -2.262247,
        53.380557
       ],
       [
        -2.262693,
        53.380606
       ],
       [
        -2.262981,
        53.379889
       ],
       [
        -2.263664,
        53.379973
       ],
       [
        -2.263497,
        53.380459
       ],
       [
        -2.263344,
        53.380761
       ],
       [
        -2.263268,
        53.380853
       ]
      ]
     ],
     [
      [
       [
        -2.26023,
        53.381027
       ],
       [
        -2.260024,
        53.381028
       ],
       [
        -2.259933,
        53.380929
       ],
       [
        -2.25994,
        53.380791
       ],
       [
        -2.260152,
        53.380357
       ],
       [
        -2.261166,
        53.380483
       ],
       [
        -2.261207,
        53.380557
       ],
       [
        -2.261167,
        53.38068
       ],
       [
        -2.26023,
        53.381027
       ]
      ]
     ],
     [
      [
       [
        -2.266783,
        53.380839
       ],
       [
        -2.267099,
        53.380625
       ],
       [
        -2.267251,
        53.380562
       ],
       [
        -2.268049,
        53.380319
       ],
       [
        -2.268935,
        53.380329
       ],
       [
        -2.269246,
        53.381348
       ],
       [
        -2.268323,
        53.381848
       ],
       [
        -2.266857,
        53.380922
       ],
       [
        -2.266783,
        53.380839
       ]
      ]
     ],
     [
      [
       [
        -2.260747,
        53.377994
       ],
       [
        -2.260468,
        53.378701
       ],
       [
        -2.259454,
        53.37856
       ],
       [
        -2.25927,
        53.37846
       ],
       [
        -2.259018,
        53.378397
       ],
       [
        -2.259329,
        53.37758
       ],
       [
        -2.259636,
        53.376906
       ],
       [
        -2.26117,
        53.377357
       ],
       [
        -2.260747,
        53.377994
       ]
      ]
     ],
     [
      [
       [
        -2.258971,
        53.378408
       ],
       [
        -2.257889,
        53.378258
       ],
       [
        -2.258193,
        53.377415
       ],
       [
        -2.25928,
        53.377577
       ],
       [
        -2.258971,
        53.378408
       ]
      ]
     ],
     [
      [
       [
        -2.260413,
        53.37875
       ],
       [
        -2.260443,
        53.378779
       ],
       [
        -2.260272,
        53.379218
       ],
       [
        -2.259263,
        53.379083
       ],
       [
        -2.259441,
        53.378606
       ],
       [
        -2.260413,
        53.37875
       ]
      ]
     ],
     [
      [
       [
        -2.260045,
        53.379745
       ],
       [
        -2.25944,
        53.379663
       ],
       [
        -2.259254,
        53.379569
       ],
       [
        -2.259167,
        53.379473
       ],
       [
        -2.259138,
        53.379348
       ],
       [
        -2.259211,
        53.379108
       ],
       [
        -2.26026,
        53.379254
       ],
       [
        -2.260108,
        53.379658
       ],
       [
        -2.260075,
        53.37973
       ],
       [
        -2.260045,
        53.379745
       ]
      ]
     ],
     [
      [
       [
        -2.259217,
        53.379769
       ],
       [
        -2.259395,
        53.379757
       ],
       [
        -2.260025,
        53.37986
       ],
       [
        -2.259796,
        53.380506
       ],
       [
        -2.258732,
        53.380362
       ],
       [
        -2.25912,
        53.379804
       ],
       [
        -2.259217,
        53.379769
       ]
      ]
     ],
     [
      [
       [
        -2.259756,
        53.381119
       ],
       [
        -2.259748,
        53.381166
       ],
       [
        -2.259221,
        53.38125
       ],
       [
        -2.258927,
        53.381276
       ],
       [
        -2.258719,
        53.381282
       ],
       [
        -2.258529,
        53.381246
       ],
       [
        -2.258372,
        53.381189
       ],
       [
        -2.258303,
        53.381138
       ],
       [
        -2.258285,
        53.38104
       ],
       [
        -2.258422,
        53.380806
       ],
       [
        -2.258739,
        53.380382
       ],
       [
        -2.259753,
        53.380519
       ],
       [
        -2.259685,
        53.380731
       ],
       [
        -2.259686,
        53.380886
       ],
       [
        -2.259721,
        53.381057
       ],
       [
        -2.259756,
        53.381119
       ]
      ]
     ]
    ],
    "type": "MultiPolygon"
   }
  },
  {
   "type": "Feature",
   "properties": {
    "id": "nmgh",
    "name": "North Manchester General Hospital campus",
    "borough": "Manchester",
    "category": "civic",
    "status": "proposed",
    "lead": "Manchester University NHS FT + MCC",
    "architects": null,
    "stated_area_ha": null,
    "homes": 200,
    "jobs": null,
    "commercial": "Up to £1.5bn health campus + 'healthy neighbourhood'",
    "investment": "£1.5bn",
    "milestone": "Main construction c.2028.",
    "milestone_date": "2028-01",
    "summary": null,
    "links": [
     {
      "label": "MFT",
      "url": "https://mft.nhs.uk/transforming-the-future-at-north-manchester-general-hospital/"
     }
    ],
    "images": [],
    "confidence": "land-supply-site",
    "boundary_source": "GMCA 2025 housing land supply site",
    "boundary_features": 1
   },
   "geometry": {
    "coordinates": [
     [
      [
       [
        -2.231254,
        53.515217
       ],
       [
        -2.23218,
        53.515549
       ],
       [
        -2.23242,
        53.516697
       ],
       [
        -2.232448,
        53.516953
       ],
       [
        -2.23199,
        53.518874
       ],
       [
        -2.231695,
        53.518906
       ],
       [
        -2.230878,
        53.517843
       ],
       [
        -2.229899,
        53.517494
       ],
       [
        -2.230679,
        53.516711
       ],
       [
        -2.229542,
        53.516338
       ],
       [
        -2.230512,
        53.515172
       ],
       [
        -2.231214,
        53.515139
       ],
       [
        -2.231254,
        53.515217
       ]
      ]
     ],
     [
      [
       [
        -2.225814,
        53.517544
       ],
       [
        -2.225857,
        53.517075
       ],
       [
        -2.226541,
        53.516425
       ],
       [
        -2.228449,
        53.517048
       ],
       [
        -2.227476,
        53.518083
       ],
       [
        -2.225814,
        53.517544
       ]
      ]
     ]
    ],
    "type": "MultiPolygon"
   }
  },
  {
   "type": "Feature",
   "properties": {
    "id": "jacksons-brickworks",
    "name": "Jacksons Brickworks",
    "borough": "Manchester",
    "category": "housing",
    "status": "consented",
    "lead": "Your Housing Group",
    "architects": null,
    "stated_area_ha": null,
    "homes": 716,
    "jobs": null,
    "commercial": "Secondary school and park",
    "investment": null,
    "milestone": "Consented; Ph1 detailed 378 homes.",
    "milestone_date": "2025-01",
    "summary": "Newton Heath.",
    "links": [
     {
      "label": "PNW",
      "url": "https://www.placenorthwest.co.uk/huge-jacksons-brickworks-resi-scheme-greenlit/"
     }
    ],
    "images": [
     {
      "src": "assets/images/jacksons-brickworks/01.jpg",
      "caption": "Huge Jacksons Brickworks resi scheme greenlit - Place North West",
      "credit": "Place North West",
      "source_url": "https://www.placenorthwest.co.uk/huge-jacksons-brickworks-resi-scheme-greenlit/",
      "licence": "all rights reserved — research use with attribution",
      "px": [
       899,
       493
      ]
     }
    ],
    "confidence": "land-supply-plots",
    "boundary_source": "GMCA 2025 housing land supply plots (dissolved)",
    "boundary_features": 2
   },
   "geometry": {
    "coordinates": [
     [
      [
       [
        -2.190292,
        53.499363
       ],
       [
        -2.188194,
        53.497664
       ],
       [
        -2.190257,
        53.496832
       ],
       [
        -2.191653,
        53.49809
       ],
       [
        -2.192862,
        53.497592
       ],
       [
        -2.19316,
        53.497819
       ],
       [
        -2.194002,
        53.497477
       ],
       [
        -2.194956,
        53.498262
       ],
       [
        -2.192206,
        53.499591
       ],
       [
        -2.190442,
        53.500222
       ],
       [
        -2.189046,
        53.500537
       ],
       [
        -2.189339,
        53.499909
       ],
       [
        -2.189222,
        53.499806
       ],
       [
        -2.190292,
        53.499363
       ]
      ]
     ],
     [
      [
       [
        -2.184389,
        53.501005
       ],
       [
        -2.184227,
        53.500704
       ],
       [
        -2.184277,
        53.50063
       ],
       [
        -2.184149,
        53.500589
       ],
       [
        -2.183851,
        53.500392
       ],
       [
        -2.183457,
        53.500054
       ],
       [
        -2.182986,
        53.49969
       ],
       [
        -2.18533,
        53.498697
       ],
       [
        -2.186149,
        53.499338
       ],
       [
        -2.187479,
        53.4996
       ],
       [
        -2.187425,
        53.499794
       ],
       [
        -2.189201,
        53.499811
       ],
       [
        -2.189308,
        53.49991
       ],
       [
        -2.189022,
        53.50054
       ],
       [
        -2.18891,
        53.500568
       ],
       [
        -2.187367,
        53.500782
       ],
       [
        -2.186749,
        53.500828
       ],
       [
        -2.185026,
        53.500896
       ],
       [
        -2.184605,
        53.500946
       ],
       [
        -2.184389,
        53.501005
       ]
      ]
     ],
     [
      [
       [
        -2.184379,
        53.501008
       ],
       [
        -2.184389,
        53.501005
       ],
       [
        -2.184383,
        53.501007
       ],
       [
        -2.184379,
        53.501008
       ]
      ]
     ]
    ],
    "type": "MultiPolygon"
   }
  },
  {
   "type": "Feature",
   "properties": {
    "id": "mediacity",
    "name": "MediaCity / The Quays",
    "borough": "Salford",
    "category": "mixed",
    "status": "at-risk",
    "lead": "Landsec (100% since Nov 2024)",
    "architects": "Deloitte, Prior + Partners, Urban, TTHC (framework); Gillespies (landscape)",
    "stated_area_ha": 21,
    "homes": 3000,
    "jobs": null,
    "commercial": "+800k sq ft commercial; link bridge to the Lowry; North Bay activation. Existing 1.4m sq ft offices, 1,100 homes",
    "investment": null,
    "milestone": "Framework approved Mar 2024. Sep 2025: Landsec cutting development pipeline to £0.2bn by mid-2026, no fresh capital; no start date for next phase.",
    "milestone_date": "2025-09",
    "summary": "Expansion of the BBC/ITV media quarter at Salford Quays.",
    "links": [
     {
      "label": "Landsec row-back (PNW)",
      "url": "https://www.placenorthwest.co.uk/landsec-committed-to-mayfield-and-mediacity-despite-development-row-back/"
     },
     {
      "label": "Framework approval",
      "url": "https://www.landsec.com/en/media-insights/press-releases/world-class-plans-mediacity-and-quays-approved"
     }
    ],
    "images": [
     {
      "src": "assets/images/mediacity/01.jpg",
      "caption": "Landsec committed to Mayfield and MediaCity despite development row back - Place North West",
      "credit": "Place North West",
      "source_url": "https://www.placenorthwest.co.uk/landsec-committed-to-mayfield-and-mediacity-despite-development-row-back/",
      "licence": "all rights reserved — research use with attribution",
      "px": [
       1024,
       772
      ]
     },
     {
      "src": "assets/images/mediacity/02.jpg",
      "caption": "Manchester Ship Canal, MediaCity Footbridge - geograph.org.uk - 2684919",
      "credit": "David Dixon",
      "source_url": "https://commons.wikimedia.org/wiki/File:Manchester_Ship_Canal,_MediaCity_Footbridge_-_geograph.org.uk_-_2684919.jpg",
      "licence": "CC BY-SA 2.0",
      "px": [
       1280,
       960
      ]
     },
     {
      "src": "assets/images/mediacity/03.jpg",
      "caption": "Manchester Ship Canal, MediaCity Footbridge - geograph.org.uk - 4275593",
      "credit": "David Dixon",
      "source_url": "https://commons.wikimedia.org/wiki/File:Manchester_Ship_Canal,_MediaCity_Footbridge_-_geograph.org.uk_-_4275593.jpg",
      "licence": "CC BY-SA 2.0",
      "px": [
       640,
       480
      ]
     }
    ],
    "confidence": "land-supply-site",
    "boundary_source": "GMCA 2025 housing land supply site H/QYS/001 (framework area)",
    "boundary_features": 1
   },
   "geometry": {
    "coordinates": [
     [
      [
       -2.300894,
       53.473986
      ],
      [
       -2.295944,
       53.475114
      ],
      [
       -2.295518,
       53.47526
      ],
      [
       -2.295489,
       53.475253
      ],
      [
       -2.294221,
       53.473845
      ],
      [
       -2.294179,
       53.473645
      ],
      [
       -2.294198,
       53.473486
      ],
      [
       -2.294035,
       53.473349
      ],
      [
       -2.294211,
       53.473298
      ],
      [
       -2.295168,
       53.472861
      ],
      [
       -2.295442,
       53.472623
      ],
      [
       -2.295534,
       53.47242
      ],
      [
       -2.29555,
       53.472197
      ],
      [
       -2.29548,
       53.472051
      ],
      [
       -2.295187,
       53.471629
      ],
      [
       -2.295065,
       53.471527
      ],
      [
       -2.294771,
       53.471558
      ],
      [
       -2.294441,
       53.471667
      ],
      [
       -2.292312,
       53.472159
      ],
      [
       -2.291961,
       53.471635
      ],
      [
       -2.291585,
       53.471512
      ],
      [
       -2.290928,
       53.470704
      ],
      [
       -2.290655,
       53.470401
      ],
      [
       -2.291139,
       53.470301
      ],
      [
       -2.292398,
       53.46999
      ],
      [
       -2.293,
       53.469882
      ],
      [
       -2.29349,
       53.469842
      ],
      [
       -2.294387,
       53.469854
      ],
      [
       -2.295185,
       53.469998
      ],
      [
       -2.295587,
       53.47012
      ],
      [
       -2.297449,
       53.470812
      ],
      [
       -2.297444,
       53.47089
      ],
      [
       -2.29728,
       53.471048
      ],
      [
       -2.297194,
       53.471089
      ],
      [
       -2.29563,
       53.471457
      ],
      [
       -2.296072,
       53.472086
      ],
      [
       -2.298738,
       53.471461
      ],
      [
       -2.298993,
       53.471421
      ],
      [
       -2.299291,
       53.471475
      ],
      [
       -2.300138,
       53.471781
      ],
      [
       -2.301016,
       53.472137
      ],
      [
       -2.303427,
       53.473268
      ],
      [
       -2.303912,
       53.473424
      ],
      [
       -2.303607,
       53.473803
      ],
      [
       -2.302321,
       53.473706
      ],
      [
       -2.302218,
       53.473748
      ],
      [
       -2.301869,
       53.473789
      ],
      [
       -2.301502,
       53.473876
      ],
      [
       -2.301056,
       53.473937
      ],
      [
       -2.300894,
       53.473986
      ]
     ]
    ],
    "type": "Polygon"
   }
  },
  {
   "type": "Feature",
   "properties": {
    "id": "crescent-salford",
    "name": "Crescent Salford",
    "borough": "Salford",
    "category": "mixed",
    "status": "on-site",
    "lead": "English Cities Fund + Salford City Council + University of Salford",
    "architects": "Make Architects (masterplan); Cundall",
    "stated_area_ha": 102,
    "homes": 3000,
    "jobs": null,
    "commercial": "c.1.6m sq ft innovation/commercial; c.1m sq ft education",
    "investment": "£2.5bn GDV",
    "milestone": "Crescent Innovation North (29 ac) consented. Salford Rise 220 m green bridge (£13.17m LUF) due summer 2026 — opening not confirmed. Ph2 185 flats consented.",
    "milestone_date": "2026-06",
    "summary": "A6 corridor between the two university campuses. Whole-masterplan figures vary by source (2,650–3,000 homes; 1.6–2.4m sq ft).",
    "links": [
     {
      "label": "ECF",
      "url": "https://englishcitiesfund.co.uk/our-places/crescent-salford/"
     },
     {
      "label": "Salford Rise",
      "url": "https://www.salford.gov.uk/planning-building-and-regeneration/regeneration/city-centre-salford/crescent/salford-rise/"
     }
    ],
    "images": [
     {
      "src": "assets/images/crescent-salford/01.jpg",
      "caption": "Crescent, Salford - ECF",
      "credit": "ECF",
      "source_url": "https://englishcitiesfund.co.uk/our-places/crescent-salford/",
      "licence": "all rights reserved — research use with attribution",
      "px": [
       512,
       512
      ]
     },
     {
      "src": "assets/images/crescent-salford/02.jpg",
      "caption": "Salford Crescent Railway Station - geograph.org.uk - 1700803",
      "credit": "Richard Rogerson",
      "source_url": "https://commons.wikimedia.org/wiki/File:Salford_Crescent_Railway_Station_-_geograph.org.uk_-_1700803.jpg",
      "licence": "CC BY-SA 2.0",
      "px": [
       1600,
       1200
      ]
     },
     {
      "src": "assets/images/crescent-salford/03.jpg",
      "caption": "Salford Crescent Station - geograph.org.uk - 1494219",
      "credit": "Whatlep",
      "source_url": "https://commons.wikimedia.org/wiki/File:Salford_Crescent_Station_-_geograph.org.uk_-_1494219.jpg",
      "licence": "CC BY-SA 2.0",
      "px": [
       640,
       480
      ]
     }
    ],
    "confidence": "spd-georeferenced",
    "boundary_source": "Crescent Development Framework Jan 2021 (Salford CC / UoS / ECF) Fig. 4.1 Red Line Plan, orthoimage-based; scale fixed to the stated 102 ha, anchored on the David Lewis pitch; boundary auto-traced",
    "boundary_features": 1
   },
   "geometry": {
    "coordinates": [
     [
      [
       -2.281551,
       53.48745
      ],
      [
       -2.282474,
       53.488225
      ],
      [
       -2.282457,
       53.488315
      ],
      [
       -2.282056,
       53.488503
      ],
      [
       -2.28188,
       53.488753
      ],
      [
       -2.281002,
       53.49059
      ],
      [
       -2.28085,
       53.490717
      ],
      [
       -2.280176,
       53.490944
      ],
      [
       -2.279584,
       53.49121
      ],
      [
       -2.280544,
       53.492205
      ],
      [
       -2.280611,
       53.49229
      ],
      [
       -2.280605,
       53.492349
      ],
      [
       -2.280071,
       53.492731
      ],
      [
       -2.279865,
       53.492765
      ],
      [
       -2.278431,
       53.494112
      ],
      [
       -2.278339,
       53.49415
      ],
      [
       -2.278203,
       53.49415
      ],
      [
       -2.274728,
       53.493589
      ],
      [
       -2.271848,
       53.49487
      ],
      [
       -2.271721,
       53.494882
      ],
      [
       -2.271636,
       53.494861
      ],
      [
       -2.271573,
       53.494771
      ],
      [
       -2.271542,
       53.494646
      ],
      [
       -2.271538,
       53.494428
      ],
      [
       -2.271445,
       53.493856
      ],
      [
       -2.271231,
       53.493338
      ],
      [
       -2.270938,
       53.492961
      ],
      [
       -2.270689,
       53.492571
      ],
      [
       -2.270213,
       53.492122
      ],
      [
       -2.269903,
       53.491627
      ],
      [
       -2.269598,
       53.490894
      ],
      [
       -2.26974,
       53.49001
      ],
      [
       -2.269709,
       53.489789
      ],
      [
       -2.269739,
       53.489742
      ],
      [
       -2.269767,
       53.489395
      ],
      [
       -2.269825,
       53.489169
      ],
      [
       -2.270085,
       53.48727
      ],
      [
       -2.2702,
       53.486789
      ],
      [
       -2.270199,
       53.486686
      ],
      [
       -2.269928,
       53.486205
      ],
      [
       -2.269848,
       53.486175
      ],
      [
       -2.268613,
       53.486176
      ],
      [
       -2.268059,
       53.486006
      ],
      [
       -2.267531,
       53.486889
      ],
      [
       -2.267512,
       53.487061
      ],
      [
       -2.267436,
       53.487091
      ],
      [
       -2.267083,
       53.487094
      ],
      [
       -2.265919,
       53.487023
      ],
      [
       -2.265858,
       53.487004
      ],
      [
       -2.265794,
       53.486931
      ],
      [
       -2.265794,
       53.48685
      ],
      [
       -2.265973,
       53.48669
      ],
      [
       -2.26603,
       53.486602
      ],
      [
       -2.266068,
       53.486443
      ],
      [
       -2.26601,
       53.486416
      ],
      [
       -2.265058,
       53.486526
      ],
      [
       -2.264164,
       53.486669
      ],
      [
       -2.264005,
       53.486666
      ],
      [
       -2.263951,
       53.486639
      ],
      [
       -2.263903,
       53.48656
      ],
      [
       -2.26372,
       53.48606
      ],
      [
       -2.263656,
       53.485849
      ],
      [
       -2.263676,
       53.485773
      ],
      [
       -2.263752,
       53.485743
      ],
      [
       -2.264177,
       53.485741
      ],
      [
       -2.264228,
       53.485724
      ],
      [
       -2.264285,
       53.48564
      ],
      [
       -2.264369,
       53.484703
      ],
      [
       -2.264432,
       53.484473
      ],
      [
       -2.264517,
       53.484452
      ],
      [
       -2.266178,
       53.484466
      ],
      [
       -2.266256,
       53.484419
      ],
      [
       -2.266252,
       53.483786
      ],
      [
       -2.266282,
       53.483739
      ],
      [
       -2.266277,
       53.482981
      ],
      [
       -2.266307,
       53.482934
      ],
      [
       -2.266306,
       53.48276
      ],
      [
       -2.26628,
       53.482731
      ],
      [
       -2.265923,
       53.48273
      ],
      [
       -2.265835,
       53.482688
      ],
      [
       -2.265824,
       53.482475
      ],
      [
       -2.265794,
       53.482428
      ],
      [
       -2.265792,
       53.482034
      ],
      [
       -2.26603,
       53.481737
      ],
      [
       -2.266632,
       53.480646
      ],
      [
       -2.266747,
       53.480497
      ],
      [
       -2.266862,
       53.480476
      ],
      [
       -2.267215,
       53.480512
      ],
      [
       -2.269586,
       53.480829
      ],
      [
       -2.27105,
       53.481098
      ],
      [
       -2.272461,
       53.481399
      ],
      [
       -2.273954,
       53.481832
      ],
      [
       -2.274706,
       53.482134
      ],
      [
       -2.275808,
       53.482766
      ],
      [
       -2.276347,
       53.483228
      ],
      [
       -2.278363,
       53.483691
      ],
      [
       -2.278611,
       53.484177
      ],
      [
       -2.27868,
       53.484236
      ],
      [
       -2.280069,
       53.484619
      ],
      [
       -2.280141,
       53.484671
      ],
      [
       -2.280135,
       53.484766
      ],
      [
       -2.279278,
       53.485798
      ],
      [
       -2.279803,
       53.486095
      ],
      [
       -2.280786,
       53.486889
      ],
      [
       -2.281551,
       53.48745
      ]
     ]
    ],
    "type": "Polygon"
   }
  },
  {
   "type": "Feature",
   "properties": {
    "id": "salford-central",
    "name": "Salford Central / New Bailey",
    "borough": "Salford",
    "category": "mixed",
    "status": "on-site",
    "lead": "English Cities Fund + Salford City Council",
    "architects": "Howells and others; Morgan Sindall (contractor)",
    "stated_area_ha": 50.4,
    "homes": 1000,
    "jobs": null,
    "commercial": "c.3.3m sq ft; One/Two/Three New Bailey offices (HMRC pre-let); 633-space MSCP",
    "investment": "£650m–£1bn",
    "milestone": "Plot A1 (22 storeys, 189 flats, 20% affordable) consented May 2025 — final residential phase. Chapel St East public realm complete Dec 2025.",
    "milestone_date": "2025-12",
    "summary": "Salford Central Development Framework area (50.4 ha, adopted 2008) between the Irwell and Salford Central station: Chapel Street, New Bailey, Islington, Adelphi. Earlier figure of 17 ha was the New Bailey core only.",
    "links": [
     {
      "label": "ECF",
      "url": "https://englishcitiesfund.co.uk/our-places/salford-central/"
     }
    ],
    "images": [
     {
      "src": "assets/images/salford-central/01.jpg",
      "caption": "Salford Central - ECF",
      "credit": "ECF",
      "source_url": "https://englishcitiesfund.co.uk/our-places/salford-central/",
      "licence": "all rights reserved — research use with attribution",
      "px": [
       512,
       512
      ]
     },
     {
      "src": "assets/images/salford-central/02.jpg",
      "caption": "Entrance To Salford Central Station - geograph.org.uk - 1494233",
      "credit": "Whatlep",
      "source_url": "https://commons.wikimedia.org/wiki/File:Entrance_To_Salford_Central_Station_-_geograph.org.uk_-_1494233.jpg",
      "licence": "CC BY-SA 2.0",
      "px": [
       640,
       480
      ]
     },
     {
      "src": "assets/images/salford-central/03.jpg",
      "caption": "Salford Central Railway Bridge - geograph.org.uk - 1414987",
      "credit": "Sue Adair",
      "source_url": "https://commons.wikimedia.org/wiki/File:Salford_Central_Railway_Bridge_-_geograph.org.uk_-_1414987.jpg",
      "licence": "CC BY-SA 2.0",
      "px": [
       640,
       480
      ]
     }
    ],
    "confidence": "spd-georeferenced",
    "boundary_source": "Salford Central Development Framework 2008 (Salford CC) Fig. 2 Location plan, georeferenced on 3 station GCPs, boundary auto-traced",
    "boundary_features": 1
   },
   "geometry": {
    "coordinates": [
     [
      [
       -2.268162,
       53.47851
      ],
      [
       -2.268218,
       53.478577
      ],
      [
       -2.268183,
       53.478664
      ],
      [
       -2.26811,
       53.478692
      ],
      [
       -2.267978,
       53.478696
      ],
      [
       -2.267817,
       53.478804
      ],
      [
       -2.267703,
       53.478907
      ],
      [
       -2.267662,
       53.47902
      ],
      [
       -2.267386,
       53.479134
      ],
      [
       -2.267248,
       53.479242
      ],
      [
       -2.267157,
       53.479423
      ],
      [
       -2.266994,
       53.479466
      ],
      [
       -2.266836,
       53.47955
      ],
      [
       -2.266675,
       53.479681
      ],
      [
       -2.266616,
       53.479767
      ],
      [
       -2.266405,
       53.47988
      ],
      [
       -2.266213,
       53.480027
      ],
      [
       -2.266111,
       53.48017
      ],
      [
       -2.265878,
       53.480284
      ],
      [
       -2.265662,
       53.480455
      ],
      [
       -2.265625,
       53.480596
      ],
      [
       -2.265528,
       53.480626
      ],
      [
       -2.265368,
       53.480722
      ],
      [
       -2.26525,
       53.480861
      ],
      [
       -2.265232,
       53.480978
      ],
      [
       -2.265168,
       53.481079
      ],
      [
       -2.265061,
       53.481165
      ],
      [
       -2.264981,
       53.481282
      ],
      [
       -2.264964,
       53.48134
      ],
      [
       -2.26502,
       53.481409
      ],
      [
       -2.26502,
       53.48147
      ],
      [
       -2.264948,
       53.481525
      ],
      [
       -2.264816,
       53.481562
      ],
      [
       -2.264681,
       53.481775
      ],
      [
       -2.264667,
       53.481869
      ],
      [
       -2.264492,
       53.482076
      ],
      [
       -2.26446,
       53.482331
      ],
      [
       -2.264327,
       53.482704
      ],
      [
       -2.264353,
       53.48284
      ],
      [
       -2.264414,
       53.482879
      ],
      [
       -2.264427,
       53.482945
      ],
      [
       -2.26452,
       53.482985
      ],
      [
       -2.264661,
       53.483004
      ],
      [
       -2.26489,
       53.482987
      ],
      [
       -2.265071,
       53.482947
      ],
      [
       -2.265574,
       53.482949
      ],
      [
       -2.265645,
       53.482969
      ],
      [
       -2.265693,
       53.483023
      ],
      [
       -2.26561,
       53.483343
      ],
      [
       -2.26547,
       53.48362
      ],
      [
       -2.265503,
       53.483874
      ],
      [
       -2.265401,
       53.484001
      ],
      [
       -2.265402,
       53.484339
      ],
      [
       -2.265324,
       53.484442
      ],
      [
       -2.265314,
       53.48452
      ],
      [
       -2.265339,
       53.484668
      ],
      [
       -2.265427,
       53.484706
      ],
      [
       -2.265457,
       53.484749
      ],
      [
       -2.265438,
       53.484822
      ],
      [
       -2.26533,
       53.484917
      ],
      [
       -2.265313,
       53.485054
      ],
      [
       -2.265344,
       53.48513
      ],
      [
       -2.265442,
       53.485212
      ],
      [
       -2.265424,
       53.485285
      ],
      [
       -2.265316,
       53.48538
      ],
      [
       -2.265293,
       53.485565
      ],
      [
       -2.265384,
       53.485703
      ],
      [
       -2.265351,
       53.485752
      ],
      [
       -2.265216,
       53.485813
      ],
      [
       -2.265165,
       53.485893
      ],
      [
       -2.265105,
       53.486025
      ],
      [
       -2.2651,
       53.486213
      ],
      [
       -2.265032,
       53.486267
      ],
      [
       -2.264924,
       53.486496
      ],
      [
       -2.264984,
       53.486571
      ],
      [
       -2.264983,
       53.486631
      ],
      [
       -2.264935,
       53.486674
      ],
      [
       -2.264757,
       53.486736
      ],
      [
       -2.264666,
       53.486943
      ],
      [
       -2.264737,
       53.487071
      ],
      [
       -2.264658,
       53.48714
      ],
      [
       -2.264073,
       53.487171
      ],
      [
       -2.263918,
       53.48713
      ],
      [
       -2.26385,
       53.487064
      ],
      [
       -2.263841,
       53.486861
      ],
      [
       -2.264057,
       53.486773
      ],
      [
       -2.264164,
       53.486607
      ],
      [
       -2.264154,
       53.486523
      ],
      [
       -2.264083,
       53.486469
      ],
      [
       -2.264084,
       53.486409
      ],
      [
       -2.264132,
       53.486366
      ],
      [
       -2.264266,
       53.486317
      ],
      [
       -2.264293,
       53.486272
      ],
      [
       -2.264329,
       53.486158
      ],
      [
       -2.26431,
       53.485962
      ],
      [
       -2.264274,
       53.485899
      ],
      [
       -2.26433,
       53.485797
      ],
      [
       -2.264315,
       53.485748
      ],
      [
       -2.264187,
       53.485711
      ],
      [
       -2.263693,
       53.485745
      ],
      [
       -2.263543,
       53.485721
      ],
      [
       -2.263222,
       53.48572
      ],
      [
       -2.263136,
       53.485734
      ],
      [
       -2.263028,
       53.485789
      ],
      [
       -2.262923,
       53.485797
      ],
      [
       -2.262685,
       53.485722
      ],
      [
       -2.262614,
       53.485663
      ],
      [
       -2.262714,
       53.484854
      ],
      [
       -2.262672,
       53.484594
      ],
      [
       -2.262358,
       53.48456
      ],
      [
       -2.262124,
       53.484498
      ],
      [
       -2.261816,
       53.484328
      ],
      [
       -2.261549,
       53.484275
      ],
      [
       -2.261431,
       53.48429
      ],
      [
       -2.261289,
       53.48434
      ],
      [
       -2.261194,
       53.484337
      ],
      [
       -2.261027,
       53.484287
      ],
      [
       -2.260554,
       53.484333
      ],
      [
       -2.260015,
       53.484333
      ],
      [
       -2.259819,
       53.484362
      ],
      [
       -2.25968,
       53.484446
      ],
      [
       -2.2595,
       53.484436
      ],
      [
       -2.259329,
       53.484468
      ],
      [
       -2.259083,
       53.484532
      ],
      [
       -2.258945,
       53.484605
      ],
      [
       -2.258418,
       53.48463
      ],
      [
       -2.258196,
       53.484705
      ],
      [
       -2.258093,
       53.484703
      ],
      [
       -2.25797,
       53.484652
      ],
      [
       -2.257669,
       53.484635
      ],
      [
       -2.257363,
       53.484688
      ],
      [
       -2.257194,
       53.484622
      ],
      [
       -2.257035,
       53.484626
      ],
      [
       -2.256929,
       53.484703
      ],
      [
       -2.256856,
       53.484899
      ],
      [
       -2.256692,
       53.484952
      ],
      [
       -2.256546,
       53.484952
      ],
      [
       -2.256457,
       53.484897
      ],
      [
       -2.256458,
       53.484822
      ],
      [
       -2.256126,
       53.484648
      ],
      [
       -2.256096,
       53.484589
      ],
      [
       -2.256279,
       53.484341
      ],
      [
       -2.256289,
       53.484184
      ],
      [
       -2.256504,
       53.484096
      ],
      [
       -2.256658,
       53.483905
      ],
      [
       -2.256684,
       53.483795
      ],
      [
       -2.256843,
       53.483693
      ],
      [
       -2.256986,
       53.48353
      ],
      [
       -2.256968,
       53.483429
      ],
      [
       -2.256805,
       53.483375
      ],
      [
       -2.256731,
       53.483245
      ],
      [
       -2.256621,
       53.483235
      ],
      [
       -2.256271,
       53.483279
      ],
      [
       -2.256083,
       53.483354
      ],
      [
       -2.256009,
       53.48335
      ],
      [
       -2.255921,
       53.48331
      ],
      [
       -2.255546,
       53.483343
      ],
      [
       -2.25546,
       53.483356
      ],
      [
       -2.255322,
       53.483429
      ],
      [
       -2.255219,
       53.483427
      ],
      [
       -2.255131,
       53.483388
      ],
      [
       -2.254844,
       53.483406
      ],
      [
       -2.25467,
       53.483434
      ],
      [
       -2.254603,
       53.483502
      ],
      [
       -2.25453,
       53.48353
      ],
      [
       -2.254427,
       53.483528
      ],
      [
       -2.254302,
       53.483489
      ],
      [
       -2.25414,
       53.483493
      ],
      [
       -2.253924,
       53.483543
      ],
      [
       -2.253741,
       53.483637
      ],
      [
       -2.253472,
       53.483638
      ],
      [
       -2.253277,
       53.483688
      ],
      [
       -2.253075,
       53.483797
      ],
      [
       -2.25288,
       53.483956
      ],
      [
       -2.252707,
       53.483974
      ],
      [
       -2.252593,
       53.483916
      ],
      [
       -2.252602,
       53.48377
      ],
      [
       -2.252475,
       53.483698
      ],
      [
       -2.252402,
       53.483619
      ],
      [
       -2.252209,
       53.483573
      ],
      [
       -2.252179,
       53.48353
      ],
      [
       -2.252189,
       53.483435
      ],
      [
       -2.252007,
       53.483256
      ],
      [
       -2.25181,
       53.483165
      ],
      [
       -2.251793,
       53.483059
      ],
      [
       -2.251638,
       53.482909
      ],
      [
       -2.251425,
       53.482782
      ],
      [
       -2.251386,
       53.482677
      ],
      [
       -2.251248,
       53.482546
      ],
      [
       -2.251276,
       53.482455
      ],
      [
       -2.251618,
       53.482339
      ],
      [
       -2.251757,
       53.482231
      ],
      [
       -2.251839,
       53.482213
      ],
      [
       -2.252005,
       53.482221
      ],
      [
       -2.252362,
       53.482109
      ],
      [
       -2.252502,
       53.482004
      ],
      [
       -2.252729,
       53.481992
      ],
      [
       -2.252926,
       53.48193
      ],
      [
       -2.253125,
       53.481834
      ],
      [
       -2.253202,
       53.48176
      ],
      [
       -2.253449,
       53.481729
      ],
      [
       -2.253722,
       53.481628
      ],
      [
       -2.253859,
       53.481531
      ],
      [
       -2.254318,
       53.481387
      ],
      [
       -2.254471,
       53.481294
      ],
      [
       -2.254529,
       53.481196
      ],
      [
       -2.254611,
       53.481178
      ],
      [
       -2.254777,
       53.481186
      ],
      [
       -2.254979,
       53.481101
      ],
      [
       -2.255163,
       53.481014
      ],
      [
       -2.255238,
       53.480895
      ],
      [
       -2.255466,
       53.480874
      ],
      [
       -2.2556,
       53.480814
      ],
      [
       -2.25587,
       53.480669
      ],
      [
       -2.255883,
       53.48059
      ],
      [
       -2.255932,
       53.480548
      ],
      [
       -2.256202,
       53.480504
      ],
      [
       -2.256296,
       53.48042
      ],
      [
       -2.256413,
       53.480369
      ],
      [
       -2.25645,
       53.480227
      ],
      [
       -2.256524,
       53.4802
      ],
      [
       -2.256699,
       53.480194
      ],
      [
       -2.256973,
       53.480048
      ],
      [
       -2.257038,
       53.479993
      ],
      [
       -2.257078,
       53.479881
      ],
      [
       -2.257152,
       53.479853
      ],
      [
       -2.257284,
       53.479849
      ],
      [
       -2.257441,
       53.479776
      ],
      [
       -2.257644,
       53.479645
      ],
      [
       -2.257686,
       53.479523
      ],
      [
       -2.25776,
       53.479496
      ],
      [
       -2.257892,
       53.479491
      ],
      [
       -2.258118,
       53.479381
      ],
      [
       -2.258252,
       53.479287
      ],
      [
       -2.258291,
       53.479189
      ],
      [
       -2.258365,
       53.479162
      ],
      [
       -2.258475,
       53.479157
      ],
      [
       -2.258837,
       53.478942
      ],
      [
       -2.258877,
       53.478832
      ],
      [
       -2.259102,
       53.47879
      ],
      [
       -2.259264,
       53.478703
      ],
      [
       -2.259571,
       53.478484
      ],
      [
       -2.259872,
       53.478345
      ],
      [
       -2.260157,
       53.478127
      ],
      [
       -2.260275,
       53.478097
      ],
      [
       -2.260503,
       53.477975
      ],
      [
       -2.260693,
       53.477822
      ],
      [
       -2.260867,
       53.477816
      ],
      [
       -2.261017,
       53.477878
      ],
      [
       -2.261272,
       53.477866
      ],
      [
       -2.261336,
       53.477893
      ],
      [
       -2.261367,
       53.477948
      ],
      [
       -2.261492,
       53.47801
      ],
      [
       -2.261796,
       53.478033
      ],
      [
       -2.262008,
       53.478011
      ],
      [
       -2.262142,
       53.478066
      ],
      [
       -2.262307,
       53.47808
      ],
      [
       -2.262474,
       53.478152
      ],
      [
       -2.262571,
       53.47827
      ],
      [
       -2.263139,
       53.478257
      ],
      [
       -2.263389,
       53.478192
      ],
      [
       -2.263607,
       53.478247
      ],
      [
       -2.263899,
       53.47824
      ],
      [
       -2.264146,
       53.478199
      ],
      [
       -2.264366,
       53.478242
      ],
      [
       -2.264722,
       53.478245
      ],
      [
       -2.264925,
       53.478205
      ],
      [
       -2.265231,
       53.478258
      ],
      [
       -2.26547,
       53.478267
      ],
      [
       -2.265704,
       53.478248
      ],
      [
       -2.266129,
       53.478295
      ],
      [
       -2.266504,
       53.478266
      ],
      [
       -2.266825,
       53.478328
      ],
      [
       -2.267138,
       53.478309
      ],
      [
       -2.2672,
       53.47828
      ],
      [
       -2.267305,
       53.478272
      ],
      [
       -2.267457,
       53.47835
      ],
      [
       -2.267777,
       53.47839
      ],
      [
       -2.267886,
       53.478387
      ],
      [
       -2.267976,
       53.478352
      ],
      [
       -2.268103,
       53.47836
      ],
      [
       -2.268167,
       53.478408
      ],
      [
       -2.268162,
       53.47851
      ]
     ]
    ],
    "type": "Polygon"
   }
  },
  {
   "type": "Feature",
   "properties": {
    "id": "greengate",
    "name": "Greengate",
    "borough": "Salford",
    "category": "housing",
    "status": "on-site",
    "lead": "Renaker (lead); Cortland, Salboy, Property Alliance",
    "architects": "Feilden Clegg Bradley (original strategy)",
    "stated_area_ha": 13,
    "homes": null,
    "jobs": null,
    "commercial": "£2m+ council public realm; railway arch reuse",
    "investment": null,
    "milestone": "Bankside (43 storeys, 444) and Embankment Exchange (300) delivered 2025. Parkside (518 homes) groundworks late 2025. One Heritage Tower not started.",
    "milestone_date": "2025-12",
    "summary": "Tower cluster on the Salford bank of the Irwell opposite Manchester Cathedral.",
    "links": [
     {
      "label": "Greengate strategy (Salford)",
      "url": "https://www.salford.gov.uk/planning-building-and-regeneration/planning-policies/local-planning-policy/supplementary-planning-documents-and-other-local-planning-policy-documents/greengate-regeneration-strategy/"
     }
    ],
    "images": [
     {
      "src": "assets/images/greengate/01.jpg",
      "caption": "Apartment block, Greengate, Salford - geograph.org.uk - 1879387",
      "credit": "Chris Denny",
      "source_url": "https://commons.wikimedia.org/wiki/File:Apartment_block,_Greengate,_Salford_-_geograph.org.uk_-_1879387.jpg",
      "licence": "CC BY-SA 2.0",
      "px": [
       1600,
       1067
      ]
     },
     {
      "src": "assets/images/greengate/02.jpg",
      "caption": "Greengate, Manchester - geograph.org.uk - 2777850",
      "credit": "Alexander P Kapp",
      "source_url": "https://commons.wikimedia.org/wiki/File:Greengate,_Manchester_-_geograph.org.uk_-_2777850.jpg",
      "licence": "CC BY-SA 2.0",
      "px": [
       640,
       480
      ]
     },
     {
      "src": "assets/images/greengate/03.jpg",
      "caption": "Greengate, Salford",
      "credit": "Liverpoolpics",
      "source_url": "https://commons.wikimedia.org/wiki/File:Greengate,_Salford.jpg",
      "licence": "CC BY-SA 3.0",
      "px": [
       1200,
       1600
      ]
     }
    ],
    "confidence": "spd-georeferenced",
    "boundary_source": "Greengate Regeneration Strategy 2018 (Salford CC / FCBS) Existing Heritage plan, georeferenced on 4 GCPs (residuals < 4 m), boundary auto-traced",
    "boundary_features": 1
   },
   "geometry": {
    "coordinates": [
     [
      [
       -2.254277,
       53.486765
      ],
      [
       -2.253708,
       53.487074
      ],
      [
       -2.252707,
       53.487503
      ],
      [
       -2.252382,
       53.487632
      ],
      [
       -2.251704,
       53.48783
      ],
      [
       -2.251351,
       53.487907
      ],
      [
       -2.25048,
       53.488003
      ],
      [
       -2.250081,
       53.488036
      ],
      [
       -2.249164,
       53.488057
      ],
      [
       -2.247034,
       53.48725
      ],
      [
       -2.246056,
       53.486825
      ],
      [
       -2.245334,
       53.486552
      ],
      [
       -2.245269,
       53.486502
      ],
      [
       -2.245233,
       53.486374
      ],
      [
       -2.245307,
       53.485822
      ],
      [
       -2.245435,
       53.485548
      ],
      [
       -2.245669,
       53.48522
      ],
      [
       -2.245906,
       53.484979
      ],
      [
       -2.24605,
       53.484879
      ],
      [
       -2.2462,
       53.484893
      ],
      [
       -2.246503,
       53.485026
      ],
      [
       -2.247031,
       53.485314
      ],
      [
       -2.247307,
       53.485395
      ],
      [
       -2.247677,
       53.485336
      ],
      [
       -2.248676,
       53.485091
      ],
      [
       -2.249389,
       53.484983
      ],
      [
       -2.249485,
       53.484931
      ],
      [
       -2.249998,
       53.484932
      ],
      [
       -2.250171,
       53.484968
      ],
      [
       -2.250562,
       53.485156
      ],
      [
       -2.251345,
       53.485621
      ],
      [
       -2.253665,
       53.486356
      ],
      [
       -2.254262,
       53.486709
      ],
      [
       -2.254277,
       53.486765
      ]
     ]
    ],
    "type": "Polygon"
   }
  },
  {
   "type": "Feature",
   "properties": {
    "id": "middlewood-locks",
    "name": "Middlewood Locks",
    "borough": "Salford",
    "category": "housing",
    "status": "on-site",
    "lead": "Scarborough Group International",
    "architects": null,
    "stated_area_ha": 10,
    "homes": 2215,
    "jobs": null,
    "commercial": "900k sq ft commercial",
    "investment": "£1bn",
    "milestone": "Railings phase (189) occupied Feb 2025. Two RM applications (659 + 250 flats) plus revised outline in for remaining 10 ac.",
    "milestone_date": "2025-02",
    "summary": "Canal-side neighbourhood off Regent Road.",
    "links": [
     {
      "label": "Scarborough",
      "url": "https://scarboroughgroup.com/news/next-significant-phase-revealed-for-1bn-middlewood-locks-development"
     }
    ],
    "images": [
     {
      "src": "assets/images/middlewood-locks/01.jpg",
      "caption": "Mbb canal middlewood locks feb 2008",
      "credit": "Parrot of Doom",
      "source_url": "https://commons.wikimedia.org/wiki/File:Mbb_canal_middlewood_locks_feb_2008.jpg",
      "licence": "Public domain",
      "px": [
       1600,
       1200
      ]
     },
     {
      "src": "assets/images/middlewood-locks/02.jpg",
      "caption": "Middlewood Locks - geograph.org.uk - 5630754",
      "credit": "David Dixon",
      "source_url": "https://commons.wikimedia.org/wiki/File:Middlewood_Locks_-_geograph.org.uk_-_5630754.jpg",
      "licence": "CC BY-SA 2.0",
      "px": [
       640,
       481
      ]
     },
     {
      "src": "assets/images/middlewood-locks/03.jpg",
      "caption": "Middlewood Locks - geograph.org.uk - 5883794",
      "credit": "Peter McDermott",
      "source_url": "https://commons.wikimedia.org/wiki/File:Middlewood_Locks_-_geograph.org.uk_-_5883794.jpg",
      "licence": "CC BY-SA 2.0",
      "px": [
       1600,
       1121
      ]
     }
    ],
    "confidence": "osm-site",
    "boundary_source": "OpenStreetMap ways 252746702 + 1551533047 (© OSM contributors, ODbL)",
    "boundary_features": 2
   },
   "geometry": {
    "coordinates": [
     [
      [
       -2.259863,
       53.479278
      ],
      [
       -2.260301,
       53.479005
      ],
      [
       -2.260601,
       53.478864
      ],
      [
       -2.260942,
       53.478736
      ],
      [
       -2.261102,
       53.478768
      ],
      [
       -2.261131,
       53.478752
      ],
      [
       -2.261558,
       53.478912
      ],
      [
       -2.261929,
       53.478998
      ],
      [
       -2.261973,
       53.479019
      ],
      [
       -2.262599,
       53.478921
      ],
      [
       -2.26383,
       53.478875
      ],
      [
       -2.264265,
       53.478883
      ],
      [
       -2.264806,
       53.478978
      ],
      [
       -2.266671,
       53.479629
      ],
      [
       -2.266659,
       53.479704
      ],
      [
       -2.265307,
       53.480784
      ],
      [
       -2.264101,
       53.480712
      ],
      [
       -2.262612,
       53.480743
      ],
      [
       -2.260876,
       53.480864
      ],
      [
       -2.259434,
       53.481187
      ],
      [
       -2.257251,
       53.481752
      ],
      [
       -2.257253,
       53.481656
      ],
      [
       -2.25732,
       53.481586
      ],
      [
       -2.257632,
       53.48145
      ],
      [
       -2.258056,
       53.481192
      ],
      [
       -2.258376,
       53.480911
      ],
      [
       -2.258495,
       53.480736
      ],
      [
       -2.258741,
       53.480188
      ],
      [
       -2.259182,
       53.479985
      ],
      [
       -2.259379,
       53.479706
      ],
      [
       -2.259615,
       53.479474
      ],
      [
       -2.259863,
       53.479278
      ]
     ]
    ],
    "type": "Polygon"
   }
  },
  {
   "type": "Feature",
   "properties": {
    "id": "pendleton",
    "name": "Pendleton",
    "borough": "Salford",
    "category": "housing",
    "status": "on-site",
    "lead": "Salford CC PFI with Pendleton Together; Lovell Together; SP+",
    "architects": "Stantec; Stride Treglown",
    "stated_area_ha": null,
    "homes": 1600,
    "jobs": null,
    "commercial": "1,200 refurbished homes; Salford Shopping Centre masterplan called for (Praxis)",
    "investment": "c.£430m",
    "milestone": "Phoenix Quarter (485 homes, 30% affordable) approved 2024, on site c.2025.",
    "milestone_date": "2025-06",
    "summary": null,
    "links": [
     {
      "label": "Stantec",
      "url": "https://www.stantec.com/uk/news/2024/plans-approved-next-phase-pendletons-regeneration"
     }
    ],
    "images": [
     {
      "src": "assets/images/pendleton/01.jpg",
      "caption": "Bus station in Pendleton - geograph.org.uk - 6598053",
      "credit": "philandju",
      "source_url": "https://commons.wikimedia.org/wiki/File:Bus_station_in_Pendleton_-_geograph.org.uk_-_6598053.jpg",
      "licence": "CC BY-SA 2.0",
      "px": [
       1600,
       1162
      ]
     },
     {
      "src": "assets/images/pendleton/02.jpg",
      "caption": "Pendleton - geograph.org.uk - 4254286",
      "credit": "Peter McDermott",
      "source_url": "https://commons.wikimedia.org/wiki/File:Pendleton_-_geograph.org.uk_-_4254286.jpg",
      "licence": "CC BY-SA 2.0",
      "px": [
       1600,
       1121
      ]
     },
     {
      "src": "assets/images/pendleton/03.jpg",
      "caption": "Pendleton - geograph.org.uk - 4295971",
      "credit": "Peter McDermott",
      "source_url": "https://commons.wikimedia.org/wiki/File:Pendleton_-_geograph.org.uk_-_4295971.jpg",
      "licence": "CC BY-SA 2.0",
      "px": [
       1600,
       913
      ]
     }
    ],
    "confidence": "land-supply-plots",
    "boundary_source": "GMCA 2025 housing land supply plots (dissolved)",
    "boundary_features": 2
   },
   "geometry": {
    "coordinates": [
     [
      [
       [
        -2.282699,
        53.485795
       ],
       [
        -2.278969,
        53.484593
       ],
       [
        -2.279034,
        53.484519
       ],
       [
        -2.279429,
        53.484477
       ],
       [
        -2.279541,
        53.484441
       ],
       [
        -2.279935,
        53.484029
       ],
       [
        -2.279996,
        53.484001
       ],
       [
        -2.280061,
        53.483997
       ],
       [
        -2.280115,
        53.483939
       ],
       [
        -2.280268,
        53.483977
       ],
       [
        -2.280342,
        53.483977
       ],
       [
        -2.280409,
        53.483951
       ],
       [
        -2.280493,
        53.483861
       ],
       [
        -2.280611,
        53.483898
       ],
       [
        -2.280594,
        53.483918
       ],
       [
        -2.280618,
        53.483926
       ],
       [
        -2.280938,
        53.483583
       ],
       [
        -2.280995,
        53.483578
       ],
       [
        -2.281051,
        53.483611
       ],
       [
        -2.283419,
        53.484329
       ],
       [
        -2.283807,
        53.483882
       ],
       [
        -2.283678,
        53.483841
       ],
       [
        -2.283919,
        53.483569
       ],
       [
        -2.284586,
        53.483788
       ],
       [
        -2.284868,
        53.483902
       ],
       [
        -2.284985,
        53.483818
       ],
       [
        -2.285102,
        53.483799
       ],
       [
        -2.285222,
        53.483611
       ],
       [
        -2.28517,
        53.483597
       ],
       [
        -2.285239,
        53.483496
       ],
       [
        -2.285272,
        53.483504
       ],
       [
        -2.285315,
        53.483439
       ],
       [
        -2.286695,
        53.483817
       ],
       [
        -2.2867,
        53.483844
       ],
       [
        -2.287321,
        53.483997
       ],
       [
        -2.28741,
        53.484037
       ],
       [
        -2.287313,
        53.484006
       ],
       [
        -2.288039,
        53.484339
       ],
       [
        -2.289906,
        53.484913
       ],
       [
        -2.289909,
        53.485043
       ],
       [
        -2.290163,
        53.48505
       ],
       [
        -2.290176,
        53.486244
       ],
       [
        -2.290106,
        53.486241
       ],
       [
        -2.289179,
        53.485961
       ],
       [
        -2.289156,
        53.48589
       ],
       [
        -2.289253,
        53.485842
       ],
       [
        -2.289357,
        53.485687
       ],
       [
        -2.289251,
        53.485609
       ],
       [
        -2.288831,
        53.485464
       ],
       [
        -2.28843,
        53.485903
       ],
       [
        -2.288513,
        53.485965
       ],
       [
        -2.288513,
        53.486042
       ],
       [
        -2.288313,
        53.486253
       ],
       [
        -2.288628,
        53.486347
       ],
       [
        -2.288524,
        53.486491
       ],
       [
        -2.288683,
        53.486544
       ],
       [
        -2.288454,
        53.486865
       ],
       [
        -2.288268,
        53.487049
       ],
       [
        -2.288064,
        53.486973
       ],
       [
        -2.288192,
        53.486916
       ],
       [
        -2.288309,
        53.486683
       ],
       [
        -2.287673,
        53.486459
       ],
       [
        -2.287755,
        53.48632
       ],
       [
        -2.285786,
        53.485669
       ],
       [
        -2.28563,
        53.48589
       ],
       [
        -2.285329,
        53.485805
       ],
       [
        -2.285205,
        53.485811
       ],
       [
        -2.284982,
        53.485987
       ],
       [
        -2.285612,
        53.48626
       ],
       [
        -2.285862,
        53.486342
       ],
       [
        -2.285517,
        53.486724
       ],
       [
        -2.283289,
        53.485945
       ],
       [
        -2.284155,
        53.485038
       ],
       [
        -2.28351,
        53.48483
       ],
       [
        -2.282699,
        53.485795
       ]
      ]
     ],
     [
      [
       [
        -2.286422,
        53.490505
       ],
       [
        -2.286216,
        53.490401
       ],
       [
        -2.286139,
        53.490255
       ],
       [
        -2.286514,
        53.489852
       ],
       [
        -2.2867,
        53.489904
       ],
       [
        -2.28688,
        53.489709
       ],
       [
        -2.287429,
        53.489884
       ],
       [
        -2.288346,
        53.488869
       ],
       [
        -2.288762,
        53.488262
       ],
       [
        -2.288396,
        53.488144
       ],
       [
        -2.288953,
        53.487464
       ],
       [
        -2.289298,
        53.487577
       ],
       [
        -2.289502,
        53.487699
       ],
       [
        -2.289384,
        53.487766
       ],
       [
        -2.289008,
        53.488181
       ],
       [
        -2.289904,
        53.488297
       ],
       [
        -2.289914,
        53.488442
       ],
       [
        -2.289809,
        53.488534
       ],
       [
        -2.28962,
        53.488641
       ],
       [
        -2.288709,
        53.48909
       ],
       [
        -2.288076,
        53.48978
       ],
       [
        -2.288147,
        53.489812
       ],
       [
        -2.288157,
        53.489836
       ],
       [
        -2.287869,
        53.490146
       ],
       [
        -2.2878,
        53.490178
       ],
       [
        -2.287644,
        53.490205
       ],
       [
        -2.287505,
        53.490196
       ],
       [
        -2.287459,
        53.49025
       ],
       [
        -2.287586,
        53.490333
       ],
       [
        -2.287612,
        53.490443
       ],
       [
        -2.287564,
        53.490542
       ],
       [
        -2.287407,
        53.490618
       ],
       [
        -2.287165,
        53.490629
       ],
       [
        -2.286543,
        53.490545
       ],
       [
        -2.286422,
        53.490505
       ]
      ]
     ]
    ],
    "type": "MultiPolygon"
   }
  },
  {
   "type": "Feature",
   "properties": {
    "id": "port-salford",
    "name": "Port Salford + PfE JPA26 extension",
    "borough": "Salford",
    "category": "employment",
    "status": "at-risk",
    "lead": "Peel L&P; Peel Ports (operator); Network Rail",
    "architects": "WSP (rail terminal redesign)",
    "stated_area_ha": null,
    "homes": null,
    "jobs": null,
    "commercial": "Tri-modal inland port; JPA29 allocates 320,000 m² logistics/manufacturing; rail terminal c.28–30 ac (£60m)",
    "investment": "£138m",
    "milestone": "Phase 1 warehousing built. No confirmed 2025–26 start on the rail link; remaining sheds depend on rail or M60 J10/11 works.",
    "milestone_date": "2023-06",
    "summary": "Barton, on the Ship Canal by the A57.",
    "links": [
     {
      "label": "JPA29 topic paper",
      "url": "https://www.greatermanchester-ca.gov.uk/GMCAFiles/PFE/Supporting%20documents/10.07%20Site%20Allocations%20-%20Salford/Topic%20Papers/10.07.71%20JPA29%20Port%20Salford%20Extension%20Topic%20Paper.pdf"
     }
    ],
    "images": [],
    "confidence": "allocation-boundary",
    "boundary_source": "PfE 2024 allocation JPA26 Port Salford Extension (GMCA, OGL)",
    "boundary_features": 1
   },
   "geometry": {
    "coordinates": [
     [
      [
       -2.387614,
       53.474666
      ],
      [
       -2.393155,
       53.472967
      ],
      [
       -2.39405,
       53.4727
      ],
      [
       -2.394626,
       53.472564
      ],
      [
       -2.395962,
       53.472144
      ],
      [
       -2.397898,
       53.471561
      ],
      [
       -2.397895,
       53.471546
      ],
      [
       -2.399512,
       53.471072
      ],
      [
       -2.397635,
       53.468343
      ],
      [
       -2.396435,
       53.467843
      ],
      [
       -2.396667,
       53.467695
      ],
      [
       -2.394084,
       53.466532
      ],
      [
       -2.394827,
       53.465849
      ],
      [
       -2.395437,
       53.465344
      ],
      [
       -2.395952,
       53.464882
      ],
      [
       -2.396869,
       53.464032
      ],
      [
       -2.397273,
       53.463631
      ],
      [
       -2.397639,
       53.463227
      ],
      [
       -2.397736,
       53.463113
      ],
      [
       -2.397722,
       53.463103
      ],
      [
       -2.398137,
       53.462674
      ],
      [
       -2.398652,
       53.461974
      ],
      [
       -2.399141,
       53.462097
      ],
      [
       -2.409725,
       53.464216
      ],
      [
       -2.408759,
       53.464891
      ],
      [
       -2.407794,
       53.465626
      ],
      [
       -2.405938,
       53.46721
      ],
      [
       -2.404586,
       53.468414
      ],
      [
       -2.403482,
       53.469607
      ],
      [
       -2.403021,
       53.470074
      ],
      [
       -2.402998,
       53.470068
      ],
      [
       -2.402954,
       53.47012
      ],
      [
       -2.402978,
       53.470129
      ],
      [
       -2.402441,
       53.470806
      ],
      [
       -2.401878,
       53.471469
      ],
      [
       -2.401563,
       53.471802
      ],
      [
       -2.40128,
       53.472161
      ],
      [
       -2.401164,
       53.472128
      ],
      [
       -2.401008,
       53.472315
      ],
      [
       -2.400884,
       53.472639
      ],
      [
       -2.400821,
       53.472744
      ],
      [
       -2.400268,
       53.47343
      ],
      [
       -2.399567,
       53.474356
      ],
      [
       -2.399052,
       53.475179
      ],
      [
       -2.398387,
       53.476351
      ],
      [
       -2.397815,
       53.477184
      ],
      [
       -2.397324,
       53.477788
      ],
      [
       -2.396883,
       53.478264
      ],
      [
       -2.395949,
       53.479177
      ],
      [
       -2.39591,
       53.479184
      ],
      [
       -2.395907,
       53.479174
      ],
      [
       -2.391754,
       53.479951
      ],
      [
       -2.391466,
       53.479932
      ],
      [
       -2.39111,
       53.479872
      ],
      [
       -2.390838,
       53.479813
      ],
      [
       -2.390338,
       53.479665
      ],
      [
       -2.389989,
       53.479537
      ],
      [
       -2.38952,
       53.479269
      ],
      [
       -2.389303,
       53.479128
      ],
      [
       -2.389097,
       53.478936
      ],
      [
       -2.388892,
       53.478715
      ],
      [
       -2.388698,
       53.47843
      ],
      [
       -2.387477,
       53.475056
      ],
      [
       -2.38729,
       53.474782
      ],
      [
       -2.387526,
       53.474712
      ],
      [
       -2.387614,
       53.474666
      ]
     ]
    ],
    "type": "Polygon"
   }
  },
  {
   "type": "Feature",
   "properties": {
    "id": "clippers-quay",
    "name": "Salford Quays remaining sites (Clippers Quay / Pier 7)",
    "borough": "Salford",
    "category": "housing",
    "status": "consented",
    "lead": "CERT (Clippers Quay); TH Real Estate (Pier 7, 2016)",
    "architects": null,
    "stated_area_ha": null,
    "homes": 312,
    "jobs": null,
    "commercial": "30-storey tower: 141 flats + 171 co-living (approved 16 Oct 2025). Pier 7 up to 800 flats — status unverified",
    "investment": null,
    "milestone": "Clippers Quay approved 16 Oct 2025.",
    "milestone_date": "2025-10",
    "summary": null,
    "links": [
     {
      "label": "PNW",
      "url": "https://www.placenorthwest.co.uk/green-light-for-salford-co-living-as-planning-epic-concludes/"
     }
    ],
    "images": [
     {
      "src": "assets/images/clippers-quay/01.jpg",
      "caption": "Green light for Salford co-living as planning epic concludes - Place North West",
      "credit": "Place North West",
      "source_url": "https://www.placenorthwest.co.uk/green-light-for-salford-co-living-as-planning-epic-concludes/",
      "licence": "all rights reserved — research use with attribution",
      "px": [
       1024,
       512
      ]
     }
    ],
    "confidence": "point-estimate",
    "boundary_source": "centroid estimate"
   },
   "geometry": {
    "type": "Point",
    "coordinates": [
     -2.283,
     53.47
    ]
   }
  },
  {
   "type": "Feature",
   "properties": {
    "id": "old-trafford-wharfside",
    "name": "Old Trafford Regeneration / Trafford Wharfside",
    "borough": "Trafford",
    "category": "mixed",
    "status": "framework",
    "lead": "Old Trafford Regeneration MDC (chair Lord Coe); Manchester United; Trafford Council, GMCA, TfGM",
    "architects": "Foster + Partners (stadium); Allies and Morrison (masterplan) with Civic, JLL, SLA",
    "stated_area_ha": 150,
    "homes": 15000,
    "jobs": 90000,
    "commercial": "100k-seat stadium (104k gross), 200 m 'trident' masts, 126,000 m² canopy; buildings 6–25 storeys typical, up to 40",
    "investment": "c.£2bn stadium (reported); claimed £7.3bn/yr uplift",
    "milestone": "MDC in force 23 Jan 2026 (SI 2025/1314). Draft Wharfside Strategic Masterplan consultation 28 Jul–22 Sep 2026; adoption expected autumn 2026. Stadium application late 2027/28; target 2030–31 season. United bought most stadium land from Indurent Jun 2026.",
    "milestone_date": "2026-09",
    "summary": "Largest regeneration in GM: the Wharfside area of Trafford Park between Europa Way, the Ship Canal and the Liverpool–Manchester railway. Homes quoted as 15,000 (masterplan) vs 17,000+ (2025 feasibility); jobs 48k–92k depending on source.",
    "links": [
     {
      "label": "Trafford Wharfside",
      "url": "https://www.trafford.gov.uk/wharfside"
     },
     {
      "label": "Masterplan (AJ)",
      "url": "https://www.architectsjournal.co.uk/news/allies-and-morrison-unveils-masterplan-around-new-man-utd-stadium"
     },
     {
      "label": "SI 2025/1314",
      "url": "https://www.legislation.gov.uk/uksi/2025/1314/made"
     }
    ],
    "images": [
     {
      "src": "assets/images/old-trafford-wharfside/01.jpg",
      "caption": "Allies and Morrison unveils masterplan around new Man Utd stadium",
      "credit": "The Architects’ Journal",
      "source_url": "https://www.architectsjournal.co.uk/news/allies-and-morrison-unveils-masterplan-around-new-man-utd-stadium",
      "licence": "all rights reserved — research use with attribution",
      "px": [
       560,
       315
      ]
     }
    ],
    "confidence": "statutory-boundary",
    "boundary_source": "Old Trafford Regeneration MDC boundary (GMCA, OGL)",
    "boundary_features": 1
   },
   "geometry": {
    "coordinates": [
     [
      [
       -2.283394,
       53.462681
      ],
      [
       -2.285152,
       53.462072
      ],
      [
       -2.286763,
       53.461538
      ],
      [
       -2.288128,
       53.461106
      ],
      [
       -2.288329,
       53.461035
      ],
      [
       -2.288621,
       53.460882
      ],
      [
       -2.288957,
       53.461118
      ],
      [
       -2.288878,
       53.461188
      ],
      [
       -2.289017,
       53.46146
      ],
      [
       -2.288663,
       53.461535
      ],
      [
       -2.289257,
       53.462525
      ],
      [
       -2.29238,
       53.461883
      ],
      [
       -2.29403,
       53.461474
      ],
      [
       -2.295646,
       53.461036
      ],
      [
       -2.296686,
       53.460719
      ],
      [
       -2.297787,
       53.460356
      ],
      [
       -2.299394,
       53.459738
      ],
      [
       -2.300434,
       53.459289
      ],
      [
       -2.301548,
       53.458771
      ],
      [
       -2.304078,
       53.457446
      ],
      [
       -2.304882,
       53.457064
      ],
      [
       -2.305748,
       53.456691
      ],
      [
       -2.307531,
       53.45602
      ],
      [
       -2.307913,
       53.45618
      ],
      [
       -2.30823,
       53.456372
      ],
      [
       -2.308292,
       53.456515
      ],
      [
       -2.307669,
       53.45853
      ],
      [
       -2.30744,
       53.459087
      ],
      [
       -2.307162,
       53.459575
      ],
      [
       -2.306782,
       53.46012
      ],
      [
       -2.30713,
       53.460852
      ],
      [
       -2.307071,
       53.461179
      ],
      [
       -2.306936,
       53.46145
      ],
      [
       -2.306651,
       53.46179
      ],
      [
       -2.306522,
       53.462015
      ],
      [
       -2.30651,
       53.462273
      ],
      [
       -2.306297,
       53.462303
      ],
      [
       -2.306154,
       53.462352
      ],
      [
       -2.306025,
       53.462512
      ],
      [
       -2.306046,
       53.462676
      ],
      [
       -2.306171,
       53.462835
      ],
      [
       -2.306138,
       53.463027
      ],
      [
       -2.305809,
       53.46399
      ],
      [
       -2.305694,
       53.46476
      ],
      [
       -2.305626,
       53.466237
      ],
      [
       -2.305436,
       53.466512
      ],
      [
       -2.305233,
       53.466695
      ],
      [
       -2.305033,
       53.466795
      ],
      [
       -2.304842,
       53.466931
      ],
      [
       -2.304707,
       53.467363
      ],
      [
       -2.303995,
       53.468324
      ],
      [
       -2.302683,
       53.470022
      ],
      [
       -2.303103,
       53.47016
      ],
      [
       -2.304559,
       53.470521
      ],
      [
       -2.306662,
       53.47099
      ],
      [
       -2.306534,
       53.472357
      ],
      [
       -2.306467,
       53.472521
      ],
      [
       -2.306448,
       53.473712
      ],
      [
       -2.302612,
       53.472272
      ],
      [
       -2.301376,
       53.471744
      ],
      [
       -2.300447,
       53.471377
      ],
      [
       -2.297718,
       53.470376
      ],
      [
       -2.296513,
       53.46994
      ],
      [
       -2.295137,
       53.469493
      ],
      [
       -2.293857,
       53.469052
      ],
      [
       -2.290844,
       53.46796
      ],
      [
       -2.287511,
       53.466733
      ],
      [
       -2.28381,
       53.465312
      ],
      [
       -2.282424,
       53.464931
      ],
      [
       -2.282232,
       53.464154
      ],
      [
       -2.280551,
       53.463913
      ],
      [
       -2.280365,
       53.463807
      ],
      [
       -2.280288,
       53.463627
      ],
      [
       -2.280418,
       53.463565
      ],
      [
       -2.28118,
       53.46369
      ],
      [
       -2.281466,
       53.463636
      ],
      [
       -2.281762,
       53.463558
      ],
      [
       -2.282137,
       53.463197
      ],
      [
       -2.282362,
       53.46302
      ],
      [
       -2.28267,
       53.462897
      ],
      [
       -2.283012,
       53.462827
      ],
      [
       -2.283394,
       53.462681
      ]
     ]
    ],
    "type": "Polygon"
   }
  },
  {
   "type": "Feature",
   "properties": {
    "id": "new-stadium",
    "name": "New Manchester United stadium (site)",
    "borough": "Trafford",
    "category": "infrastructure",
    "status": "proposed",
    "lead": "Manchester United",
    "architects": "Foster + Partners",
    "stated_area_ha": null,
    "homes": null,
    "jobs": null,
    "commercial": "100,000 seats",
    "investment": "c.£2bn (reported)",
    "milestone": "Site c.350 m NW of current ground, between Wharfside Way, Europa Way and John Gilbert Way. Planning application expected late 2027/28.",
    "milestone_date": "2027-12",
    "summary": null,
    "links": [
     {
      "label": "Wikipedia",
      "url": "https://en.wikipedia.org/wiki/New_Trafford_Stadium"
     }
    ],
    "images": [],
    "confidence": "point-estimate",
    "boundary_source": "centroid estimate"
   },
   "geometry": {
    "type": "Point",
    "coordinates": [
     -2.295,
     53.4655
    ]
   }
  },
  {
   "type": "Feature",
   "properties": {
    "id": "civic-quarter",
    "name": "Civic Quarter, Trafford",
    "borough": "Trafford",
    "category": "mixed",
    "status": "on-site",
    "lead": "Trafford Council + Bruntwood Works JV; Lancashire Cricket",
    "architects": "Feilden Clegg Bradley; Avison Young; Planit-IE",
    "stated_area_ha": 55,
    "homes": 4000,
    "jobs": null,
    "commercial": "500k+ sq ft employment; Lumina Village (ex-Kellogg's): 750 homes, 200k sq ft offices, school, 100-bed hotel",
    "investment": null,
    "milestone": "Area Action Plan adopted 2 Feb 2023. Former B&Q site 228 homes approved 2025; leisure centre proposed.",
    "milestone_date": "2025-06",
    "summary": "Trafford Town Hall, Old Trafford cricket ground, UA92 and White City up to the A56.",
    "links": [
     {
      "label": "PNW",
      "url": "https://www.placenorthwest.co.uk/trafford-adopts-4000-home-strategy/"
     }
    ],
    "images": [
     {
      "src": "assets/images/civic-quarter/01.jpg",
      "caption": "Trafford adopts 4,000-home strategy  - Place North West",
      "credit": "Place North West",
      "source_url": "https://www.placenorthwest.co.uk/trafford-adopts-4000-home-strategy/",
      "licence": "all rights reserved — research use with attribution",
      "px": [
       964,
       488
      ]
     }
    ],
    "confidence": "land-supply-site",
    "boundary_source": "GMCA 2025 housing land supply site 1601-00 (Civic Quarter AAP)",
    "boundary_features": 1
   },
   "geometry": {
    "coordinates": [
     [
      [
       -2.293977,
       53.458361
      ],
      [
       -2.290726,
       53.459895
      ],
      [
       -2.290281,
       53.460227
      ],
      [
       -2.287901,
       53.461289
      ],
      [
       -2.287199,
       53.461507
      ],
      [
       -2.285838,
       53.461981
      ],
      [
       -2.283777,
       53.462952
      ],
      [
       -2.282373,
       53.463426
      ],
      [
       -2.280883,
       53.463786
      ],
      [
       -2.279878,
       53.46333
      ],
      [
       -2.279259,
       53.463166
      ],
      [
       -2.276485,
       53.462715
      ],
      [
       -2.27578,
       53.4625
      ],
      [
       -2.275694,
       53.462437
      ],
      [
       -2.275886,
       53.462347
      ],
      [
       -2.277225,
       53.461886
      ],
      [
       -2.278437,
       53.461375
      ],
      [
       -2.279605,
       53.460736
      ],
      [
       -2.280454,
       53.460187
      ],
      [
       -2.282044,
       53.458911
      ],
      [
       -2.28304,
       53.458006
      ],
      [
       -2.28393,
       53.457253
      ],
      [
       -2.284989,
       53.456246
      ],
      [
       -2.286091,
       53.455238
      ],
      [
       -2.288192,
       53.453923
      ],
      [
       -2.293954,
       53.458145
      ],
      [
       -2.294019,
       53.458221
      ],
      [
       -2.293977,
       53.458361
      ]
     ]
    ],
    "type": "Polygon"
   }
  },
  {
   "type": "Feature",
   "properties": {
    "id": "trafford-waters",
    "name": "Trafford Waters (TraffordCity)",
    "borough": "Trafford",
    "category": "mixed",
    "status": "on-site",
    "lead": "Peel Waters / Peel L&P; L&Q, X1",
    "architects": "Gillespies; Arcadis",
    "stated_area_ha": 22,
    "homes": 3000,
    "jobs": null,
    "commercial": "850k sq ft offices; 100k+ sq ft amenity; Therme Manchester adjacent (broke ground Sep 2025, due 2028)",
    "investment": null,
    "milestone": "Outline consent; enabling works since 2022. L&Q first affordable homes c.2025; X1 208 homes start 2026.",
    "milestone_date": "2026-01",
    "summary": "Between the Trafford Centre and the Ship Canal; c.20-year programme.",
    "links": [
     {
      "label": "Peel Waters",
      "url": "https://www.peelwaters.co.uk/portfolio/trafford-waters/"
     }
    ],
    "images": [
     {
      "src": "assets/images/trafford-waters/01.jpg",
      "caption": "Trafford Waters - Peel Waters",
      "credit": "Peel Waters",
      "source_url": "https://www.peelwaters.co.uk/portfolio/trafford-waters/",
      "licence": "all rights reserved — research use with attribution",
      "px": [
       401,
       392
      ]
     },
     {
      "src": "assets/images/trafford-waters/02.jpg",
      "caption": "Coming soon...'Trafford Waters'",
      "credit": "Anthony Shaw",
      "source_url": "https://commons.wikimedia.org/wiki/File:Coming_soon...%27Trafford_Waters%27.jpg",
      "licence": "Public domain",
      "px": [
       1600,
       1200
      ]
     },
     {
      "src": "assets/images/trafford-waters/03.jpg",
      "caption": "Coming soon...Trafford Waters",
      "credit": "Anthony Shaw",
      "source_url": "https://commons.wikimedia.org/wiki/File:Coming_soon...Trafford_Waters.jpg",
      "licence": "Public domain",
      "px": [
       1600,
       1200
      ]
     }
    ],
    "confidence": "land-supply-site",
    "boundary_source": "GMCA 2025 housing land supply site 1894-00",
    "boundary_features": 1
   },
   "geometry": {
    "coordinates": [
     [
      [
       -2.368905,
       53.469355
      ],
      [
       -2.36234,
       53.471626
      ],
      [
       -2.358838,
       53.472796
      ],
      [
       -2.357184,
       53.473335
      ],
      [
       -2.354941,
       53.474028
      ],
      [
       -2.35447,
       53.474165
      ],
      [
       -2.353446,
       53.474428
      ],
      [
       -2.353242,
       53.474121
      ],
      [
       -2.353237,
       53.47409
      ],
      [
       -2.353303,
       53.474025
      ],
      [
       -2.354443,
       53.473617
      ],
      [
       -2.355334,
       53.473211
      ],
      [
       -2.355235,
       53.473139
      ],
      [
       -2.354309,
       53.47356
      ],
      [
       -2.353896,
       53.47372
      ],
      [
       -2.353117,
       53.47396
      ],
      [
       -2.353035,
       53.473903
      ],
      [
       -2.352833,
       53.473754
      ],
      [
       -2.352794,
       53.473695
      ],
      [
       -2.353415,
       53.473405
      ],
      [
       -2.353423,
       53.473354
      ],
      [
       -2.353246,
       53.473204
      ],
      [
       -2.352373,
       53.472564
      ],
      [
       -2.352089,
       53.472921
      ],
      [
       -2.352011,
       53.472896
      ],
      [
       -2.352014,
       53.472514
      ],
      [
       -2.351984,
       53.472356
      ],
      [
       -2.351901,
       53.472182
      ],
      [
       -2.351753,
       53.472025
      ],
      [
       -2.351753,
       53.471946
      ],
      [
       -2.352709,
       53.471278
      ],
      [
       -2.350992,
       53.470056
      ],
      [
       -2.351963,
       53.469619
      ],
      [
       -2.351599,
       53.469362
      ],
      [
       -2.351633,
       53.469308
      ],
      [
       -2.352292,
       53.469031
      ],
      [
       -2.352627,
       53.468917
      ],
      [
       -2.353133,
       53.468801
      ],
      [
       -2.3535,
       53.468755
      ],
      [
       -2.353676,
       53.468749
      ],
      [
       -2.354088,
       53.468903
      ],
      [
       -2.354478,
       53.469022
      ],
      [
       -2.35554,
       53.469295
      ],
      [
       -2.356116,
       53.46942
      ],
      [
       -2.356634,
       53.469518
      ],
      [
       -2.357032,
       53.469576
      ],
      [
       -2.357345,
       53.469598
      ],
      [
       -2.357853,
       53.469607
      ],
      [
       -2.357964,
       53.469629
      ],
      [
       -2.358147,
       53.469712
      ],
      [
       -2.358729,
       53.470338
      ],
      [
       -2.359217,
       53.470816
      ],
      [
       -2.359293,
       53.470947
      ],
      [
       -2.359286,
       53.471067
      ],
      [
       -2.361105,
       53.471318
      ],
      [
       -2.361992,
       53.470586
      ],
      [
       -2.361985,
       53.470512
      ],
      [
       -2.362462,
       53.4701
      ],
      [
       -2.362628,
       53.469782
      ],
      [
       -2.362825,
       53.469684
      ],
      [
       -2.363773,
       53.469924
      ],
      [
       -2.364141,
       53.469944
      ],
      [
       -2.365611,
       53.469567
      ],
      [
       -2.368089,
       53.468665
      ],
      [
       -2.368905,
       53.469355
      ]
     ]
    ],
    "type": "Polygon"
   }
  },
  {
   "type": "Feature",
   "properties": {
    "id": "new-carrington",
    "name": "New Carrington (PfE JPA30)",
    "borough": "Trafford",
    "category": "mixed",
    "status": "framework",
    "lead": "Himor (1,655 ac ex-Shell site), Redrow, Peel; Trafford Council",
    "architects": null,
    "stated_area_ha": 1130,
    "homes": 5000,
    "jobs": null,
    "commercial": "350,000 m² employment; Carrington Village 750 homes + 500k sq ft (hybrid consent)",
    "investment": "£130m Carrington Relief Road",
    "milestone": "PfE allocation. Masterplan delivery strategy 2025. Relief Road (4.3 km) application 2026; construction 2030–32.",
    "milestone_date": "2026-03",
    "summary": "Largest PfE allocation: Carrington / Partington / Sale West, to c.2040.",
    "links": [
     {
      "label": "Trafford masterplan",
      "url": "https://www.trafford.gov.uk/planning/planning-policy-and-strategy/masterplans-and-strategic-sites/new-carrington-masterplan"
     }
    ],
    "images": [
     {
      "src": "assets/images/new-carrington/01.jpg",
      "caption": "Old carrington road flixton manchester",
      "credit": "Parrot of Doom",
      "source_url": "https://commons.wikimedia.org/wiki/File:Old_carrington_road_flixton_manchester.jpg",
      "licence": "CC BY-SA 3.0",
      "px": [
       1143,
       1600
      ]
     }
    ],
    "confidence": "allocation-boundary",
    "boundary_source": "PfE 2024 allocation JPA30 (GMCA, OGL)",
    "boundary_features": 1
   },
   "geometry": {
    "coordinates": [
     [
      [
       -2.357845,
       53.429869
      ],
      [
       -2.358356,
       53.427997
      ],
      [
       -2.358517,
       53.427639
      ],
      [
       -2.358528,
       53.427216
      ],
      [
       -2.358474,
       53.42685
      ],
      [
       -2.358288,
       53.426085
      ],
      [
       -2.358465,
       53.425884
      ],
      [
       -2.35927,
       53.42537
      ],
      [
       -2.359614,
       53.424835
      ],
      [
       -2.359876,
       53.424328
      ],
      [
       -2.361542,
       53.419588
      ],
      [
       -2.36288,
       53.415697
      ],
      [
       -2.364885,
       53.410489
      ],
      [
       -2.364928,
       53.410422
      ],
      [
       -2.365331,
       53.409323
      ],
      [
       -2.365662,
       53.408832
      ],
      [
       -2.365872,
       53.408477
      ],
      [
       -2.366366,
       53.407546
      ],
      [
       -2.366941,
       53.406697
      ],
      [
       -2.368033,
       53.40692
      ],
      [
       -2.374197,
       53.408358
      ],
      [
       -2.37751,
       53.409424
      ],
      [
       -2.379128,
       53.409928
      ],
      [
       -2.379196,
       53.409907
      ],
      [
       -2.379283,
       53.409903
      ],
      [
       -2.379812,
       53.410035
      ],
      [
       -2.379881,
       53.41004
      ],
      [
       -2.380014,
       53.410021
      ],
      [
       -2.380288,
       53.410044
      ],
      [
       -2.38038,
       53.410027
      ],
      [
       -2.380541,
       53.409956
      ],
      [
       -2.380632,
       53.409938
      ],
      [
       -2.38088,
       53.409935
      ],
      [
       -2.381017,
       53.409978
      ],
      [
       -2.381093,
       53.409983
      ],
      [
       -2.381361,
       53.409896
      ],
      [
       -2.381563,
       53.409866
      ],
      [
       -2.381763,
       53.409868
      ],
      [
       -2.382153,
       53.409905
      ],
      [
       -2.383244,
       53.409962
      ],
      [
       -2.383754,
       53.409964
      ],
      [
       -2.384053,
       53.409953
      ],
      [
       -2.384524,
       53.40986
      ],
      [
       -2.384975,
       53.409804
      ],
      [
       -2.385059,
       53.409805
      ],
      [
       -2.385121,
       53.409817
      ],
      [
       -2.385498,
       53.410004
      ],
      [
       -2.38588,
       53.410309
      ],
      [
       -2.385915,
       53.410321
      ],
      [
       -2.386001,
       53.410318
      ],
      [
       -2.386466,
       53.410156
      ],
      [
       -2.386644,
       53.410122
      ],
      [
       -2.386781,
       53.410135
      ],
      [
       -2.386785,
       53.410182
      ],
      [
       -2.386583,
       53.410269
      ],
      [
       -2.386568,
       53.410308
      ],
      [
       -2.386587,
       53.410336
      ],
      [
       -2.386685,
       53.410388
      ],
      [
       -2.386863,
       53.41043
      ],
      [
       -2.387131,
       53.410536
      ],
      [
       -2.387184,
       53.410539
      ],
      [
       -2.38724,
       53.410515
      ],
      [
       -2.387479,
       53.410261
      ],
      [
       -2.387527,
       53.410237
      ],
      [
       -2.387818,
       53.410162
      ],
      [
       -2.388064,
       53.410177
      ],
      [
       -2.388169,
       53.410212
      ],
      [
       -2.388202,
       53.410314
      ],
      [
       -2.388267,
       53.410375
      ],
      [
       -2.388376,
       53.410436
      ],
      [
       -2.388503,
       53.410445
      ],
      [
       -2.388607,
       53.410426
      ],
      [
       -2.388705,
       53.410381
      ],
      [
       -2.388817,
       53.41039
      ],
      [
       -2.389278,
       53.410538
      ],
      [
       -2.389325,
       53.410587
      ],
      [
       -2.38924,
       53.410658
      ],
      [
       -2.389237,
       53.41073
      ],
      [
       -2.389342,
       53.41079
      ],
      [
       -2.389507,
       53.41084
      ],
      [
       -2.389796,
       53.410874
      ],
      [
       -2.390673,
       53.410905
      ],
      [
       -2.391263,
       53.411034
      ],
      [
       -2.391621,
       53.411078
      ],
      [
       -2.391711,
       53.411064
      ],
      [
       -2.391772,
       53.411037
      ],
      [
       -2.391795,
       53.411009
      ],
      [
       -2.391807,
       53.410905
      ],
      [
       -2.391904,
       53.410849
      ],
      [
       -2.391977,
       53.410871
      ],
      [
       -2.392408,
       53.411111
      ],
      [
       -2.392554,
       53.411151
      ],
      [
       -2.392608,
       53.411154
      ],
      [
       -2.392729,
       53.41113
      ],
      [
       -2.392954,
       53.41103
      ],
      [
       -2.393103,
       53.410995
      ],
      [
       -2.393325,
       53.411053
      ],
      [
       -2.393563,
       53.411233
      ],
      [
       -2.393668,
       53.411259
      ],
      [
       -2.393767,
       53.411242
      ],
      [
       -2.394017,
       53.411131
      ],
      [
       -2.394203,
       53.411101
      ],
      [
       -2.394294,
       53.411127
      ],
      [
       -2.394458,
       53.411225
      ],
      [
       -2.394994,
       53.411314
      ],
      [
       -2.395111,
       53.411308
      ],
      [
       -2.395269,
       53.411197
      ],
      [
       -2.395376,
       53.411192
      ],
      [
       -2.395434,
       53.411213
      ],
      [
       -2.395452,
       53.411268
      ],
      [
       -2.395353,
       53.411413
      ],
      [
       -2.395405,
       53.411459
      ],
      [
       -2.395491,
       53.411477
      ],
      [
       -2.395621,
       53.41144
      ],
      [
       -2.395686,
       53.411385
      ],
      [
       -2.395714,
       53.411313
      ],
      [
       -2.395705,
       53.411207
      ],
      [
       -2.395726,
       53.411142
      ],
      [
       -2.395975,
       53.410856
      ],
      [
       -2.396118,
       53.410771
      ],
      [
       -2.396254,
       53.410745
      ],
      [
       -2.396348,
       53.410759
      ],
      [
       -2.396528,
       53.410837
      ],
      [
       -2.396736,
       53.411064
      ],
      [
       -2.396838,
       53.411133
      ],
      [
       -2.396979,
       53.411181
      ],
      [
       -2.397062,
       53.411176
      ],
      [
       -2.397101,
       53.411154
      ],
      [
       -2.397223,
       53.410972
      ],
      [
       -2.397268,
       53.410847
      ],
      [
       -2.397303,
       53.410822
      ],
      [
       -2.39736,
       53.410815
      ],
      [
       -2.397476,
       53.410836
      ],
      [
       -2.397586,
       53.410892
      ],
      [
       -2.397665,
       53.4111
      ],
      [
       -2.397689,
       53.411127
      ],
      [
       -2.39775,
       53.41115
      ],
      [
       -2.397866,
       53.411135
      ],
      [
       -2.398074,
       53.410993
      ],
      [
       -2.398213,
       53.410944
      ],
      [
       -2.398371,
       53.410945
      ],
      [
       -2.398475,
       53.410978
      ],
      [
       -2.398618,
       53.411054
      ],
      [
       -2.398702,
       53.411061
      ],
      [
       -2.399051,
       53.410904
      ],
      [
       -2.399117,
       53.410884
      ],
      [
       -2.399227,
       53.410882
      ],
      [
       -2.399513,
       53.410906
      ],
      [
       -2.39973,
       53.410942
      ],
      [
       -2.400239,
       53.411093
      ],
      [
       -2.400326,
       53.411094
      ],
      [
       -2.40048,
       53.411042
      ],
      [
       -2.400567,
       53.411042
      ],
      [
       -2.40062,
       53.411078
      ],
      [
       -2.400698,
       53.411219
      ],
      [
       -2.400786,
       53.411254
      ],
      [
       -2.400868,
       53.411236
      ],
      [
       -2.401104,
       53.411094
      ],
      [
       -2.401289,
       53.411042
      ],
      [
       -2.401432,
       53.411053
      ],
      [
       -2.401565,
       53.411144
      ],
      [
       -2.401737,
       53.411192
      ],
      [
       -2.402021,
       53.411221
      ],
      [
       -2.402264,
       53.411221
      ],
      [
       -2.402493,
       53.411203
      ],
      [
       -2.4026,
       53.411173
      ],
      [
       -2.40279,
       53.411086
      ],
      [
       -2.403421,
       53.410966
      ],
      [
       -2.403957,
       53.410903
      ],
      [
       -2.40479,
       53.410859
      ],
      [
       -2.407267,
       53.410787
      ],
      [
       -2.408148,
       53.410773
      ],
      [
       -2.408551,
       53.410789
      ],
      [
       -2.409077,
       53.410919
      ],
      [
       -2.410556,
       53.411226
      ],
      [
       -2.41074,
       53.411242
      ],
      [
       -2.410983,
       53.411207
      ],
      [
       -2.411251,
       53.411137
      ],
      [
       -2.41152,
       53.41103
      ],
      [
       -2.411802,
       53.41086
      ],
      [
       -2.411889,
       53.410772
      ],
      [
       -2.411893,
       53.410522
      ],
      [
       -2.411961,
       53.410411
      ],
      [
       -2.412071,
       53.410344
      ],
      [
       -2.412256,
       53.410313
      ],
      [
       -2.41328,
       53.41025
      ],
      [
       -2.413967,
       53.410215
      ],
      [
       -2.414065,
       53.410228
      ],
      [
       -2.414278,
       53.410213
      ],
      [
       -2.414351,
       53.410184
      ],
      [
       -2.414527,
       53.410171
      ],
      [
       -2.414645,
       53.410128
      ],
      [
       -2.414991,
       53.410095
      ],
      [
       -2.415382,
       53.409891
      ],
      [
       -2.415216,
       53.409801
      ],
      [
       -2.415172,
       53.409683
      ],
      [
       -2.415101,
       53.409068
      ],
      [
       -2.415294,
       53.408928
      ],
      [
       -2.415388,
       53.408882
      ],
      [
       -2.415486,
       53.40889
      ],
      [
       -2.415631,
       53.408879
      ],
      [
       -2.416206,
       53.408958
      ],
      [
       -2.416463,
       53.407368
      ],
      [
       -2.417814,
       53.407423
      ],
      [
       -2.418963,
       53.407505
      ],
      [
       -2.42035,
       53.407855
      ],
      [
       -2.422011,
       53.408316
      ],
      [
       -2.421999,
       53.408333
      ],
      [
       -2.422775,
       53.408602
      ],
      [
       -2.423848,
       53.408844
      ],
      [
       -2.424145,
       53.408931
      ],
      [
       -2.424795,
       53.409055
      ],
      [
       -2.425408,
       53.409136
      ],
      [
       -2.426598,
       53.409256
      ],
      [
       -2.426916,
       53.409259
      ],
      [
       -2.427562,
       53.409198
      ],
      [
       -2.427612,
       53.409215
      ],
      [
       -2.428165,
       53.4092
      ],
      [
       -2.429322,
       53.409141
      ],
      [
       -2.429926,
       53.409074
      ],
      [
       -2.430693,
       53.409048
      ],
      [
       -2.431758,
       53.40891
      ],
      [
       -2.431797,
       53.408875
      ],
      [
       -2.431883,
       53.408869
      ],
      [
       -2.432079,
       53.408819
      ],
      [
       -2.432406,
       53.408716
      ],
      [
       -2.433993,
       53.407981
      ],
      [
       -2.434513,
       53.407791
      ],
      [
       -2.434826,
       53.407535
      ],
      [
       -2.435252,
       53.407283
      ],
      [
       -2.438678,
       53.408336
      ],
      [
       -2.440146,
       53.408824
      ],
      [
       -2.440483,
       53.408927
      ],
      [
       -2.440587,
       53.408946
      ],
      [
       -2.444292,
       53.408957
      ],
      [
       -2.445567,
       53.408947
      ],
      [
       -2.449352,
       53.408978
      ],
      [
       -2.449368,
       53.409022
      ],
      [
       -2.449285,
       53.409178
      ],
      [
       -2.448999,
       53.409486
      ],
      [
       -2.449641,
       53.409736
      ],
      [
       -2.449791,
       53.409769
      ],
      [
       -2.449947,
       53.409867
      ],
      [
       -2.45301,
       53.411068
      ],
      [
       -2.452356,
       53.412086
      ],
      [
       -2.452457,
       53.412076
      ],
      [
       -2.452555,
       53.412096
      ],
      [
       -2.452652,
       53.412155
      ],
      [
       -2.452702,
       53.412233
      ],
      [
       -2.452688,
       53.412315
      ],
      [
       -2.452609,
       53.412376
      ],
      [
       -2.452254,
       53.412472
      ],
      [
       -2.452454,
       53.412973
      ],
      [
       -2.452331,
       53.412946
      ],
      [
       -2.452146,
       53.412942
      ],
      [
       -2.451953,
       53.412902
      ],
      [
       -2.451868,
       53.412903
      ],
      [
       -2.451816,
       53.41292
      ],
      [
       -2.451766,
       53.412962
      ],
      [
       -2.451761,
       53.413017
      ],
      [
       -2.451875,
       53.413147
      ],
      [
       -2.451897,
       53.413207
      ],
      [
       -2.451615,
       53.41338
      ],
      [
       -2.45155,
       53.413369
      ],
      [
       -2.451444,
       53.413255
      ],
      [
       -2.451384,
       53.413222
      ],
      [
       -2.451334,
       53.413214
      ],
      [
       -2.451151,
       53.41324
      ],
      [
       -2.450973,
       53.41319
      ],
      [
       -2.450877,
       53.413186
      ],
      [
       -2.450814,
       53.413229
      ],
      [
       -2.450807,
       53.413345
      ],
      [
       -2.450762,
       53.413439
      ],
      [
       -2.450774,
       53.413534
      ],
      [
       -2.450722,
       53.413575
      ],
      [
       -2.450559,
       53.413588
      ],
      [
       -2.450446,
       53.41358
      ],
      [
       -2.450226,
       53.413622
      ],
      [
       -2.450136,
       53.413602
      ],
      [
       -2.450068,
       53.413539
      ],
      [
       -2.450012,
       53.413522
      ],
      [
       -2.449934,
       53.413512
      ],
      [
       -2.449805,
       53.413522
      ],
      [
       -2.449643,
       53.413576
      ],
      [
       -2.449529,
       53.413819
      ],
      [
       -2.449226,
       53.413752
      ],
      [
       -2.449073,
       53.41374
      ],
      [
       -2.448945,
       53.413797
      ],
      [
       -2.448868,
       53.413941
      ],
      [
       -2.44882,
       53.413971
      ],
      [
       -2.448773,
       53.413978
      ],
      [
       -2.44867,
       53.413978
      ],
      [
       -2.448576,
       53.413904
      ],
      [
       -2.448492,
       53.413878
      ],
      [
       -2.448155,
       53.413868
      ],
      [
       -2.44787,
       53.413792
      ],
      [
       -2.447782,
       53.413794
      ],
      [
       -2.447711,
       53.413816
      ],
      [
       -2.447689,
       53.41384
      ],
      [
       -2.4477,
       53.413893
      ],
      [
       -2.44775,
       53.413947
      ],
      [
       -2.447744,
       53.413979
      ],
      [
       -2.447702,
       53.413998
      ],
      [
       -2.447481,
       53.414009
      ],
      [
       -2.447173,
       53.413953
      ],
      [
       -2.447091,
       53.413954
      ],
      [
       -2.446996,
       53.414049
      ],
      [
       -2.446955,
       53.414133
      ],
      [
       -2.446902,
       53.414161
      ],
      [
       -2.44681,
       53.414175
      ],
      [
       -2.446574,
       53.41415
      ],
      [
       -2.446327,
       53.414221
      ],
      [
       -2.446196,
       53.414225
      ],
      [
       -2.446108,
       53.414189
      ],
      [
       -2.446103,
       53.414118
      ],
      [
       -2.446202,
       53.414005
      ],
      [
       -2.446191,
       53.413951
      ],
      [
       -2.445895,
       53.413749
      ],
      [
       -2.44584,
       53.413744
      ],
      [
       -2.445771,
       53.413762
      ],
      [
       -2.445585,
       53.413866
      ],
      [
       -2.445492,
       53.413867
      ],
      [
       -2.445344,
       53.41376
      ],
      [
       -2.445124,
       53.413747
      ],
      [
       -2.445054,
       53.413727
      ],
      [
       -2.444919,
       53.413576
      ],
      [
       -2.444839,
       53.413536
      ],
      [
       -2.444762,
       53.413538
      ],
      [
       -2.444638,
       53.413576
      ],
      [
       -2.444573,
       53.413575
      ],
      [
       -2.44427,
       53.413459
      ],
      [
       -2.444174,
       53.413382
      ],
      [
       -2.444023,
       53.413119
      ],
      [
       -2.443964,
       53.412949
      ],
      [
       -2.44383,
       53.412875
      ],
      [
       -2.443655,
       53.41285
      ],
      [
       -2.443535,
       53.41285
      ],
      [
       -2.443443,
       53.412872
      ],
      [
       -2.443284,
       53.412951
      ],
      [
       -2.443007,
       53.412964
      ],
      [
       -2.442952,
       53.412956
      ],
      [
       -2.442947,
       53.412906
      ],
      [
       -2.44311,
       53.412761
      ],
      [
       -2.443099,
       53.412664
      ],
      [
       -2.442889,
       53.412574
      ],
      [
       -2.442777,
       53.412475
      ],
      [
       -2.442702,
       53.412444
      ],
      [
       -2.442527,
       53.412458
      ],
      [
       -2.442343,
       53.412426
      ],
      [
       -2.442238,
       53.412328
      ],
      [
       -2.442121,
       53.41211
      ],
      [
       -2.441971,
       53.411989
      ],
      [
       -2.441871,
       53.411939
      ],
      [
       -2.441381,
       53.412225
      ],
      [
       -2.440949,
       53.412032
      ],
      [
       -2.441002,
       53.411996
      ],
      [
       -2.44071,
       53.411869
      ],
      [
       -2.440674,
       53.4119
      ],
      [
       -2.440204,
       53.411781
      ],
      [
       -2.440002,
       53.411699
      ],
      [
       -2.438861,
       53.41149
      ],
      [
       -2.43893,
       53.411354
      ],
      [
       -2.437733,
       53.41112
      ],
      [
       -2.437671,
       53.411249
      ],
      [
       -2.437153,
       53.411154
      ],
      [
       -2.436942,
       53.411136
      ],
      [
       -2.436912,
       53.411194
      ],
      [
       -2.436877,
       53.41119
      ],
      [
       -2.436818,
       53.411307
      ],
      [
       -2.436254,
       53.411198
      ],
      [
       -2.436325,
       53.411057
      ],
      [
       -2.435443,
       53.410886
      ],
      [
       -2.435141,
       53.410773
      ],
      [
       -2.43486,
       53.410706
      ],
      [
       -2.433919,
       53.41035
      ],
      [
       -2.433832,
       53.410234
      ],
      [
       -2.433483,
       53.410125
      ],
      [
       -2.432846,
       53.410136
      ],
      [
       -2.432371,
       53.410209
      ],
      [
       -2.43173,
       53.410369
      ],
      [
       -2.431169,
       53.410904
      ],
      [
       -2.43046,
       53.410764
      ],
      [
       -2.42827,
       53.411312
      ],
      [
       -2.425911,
       53.41185
      ],
      [
       -2.42436,
       53.412289
      ],
      [
       -2.424288,
       53.412748
      ],
      [
       -2.424111,
       53.412722
      ],
      [
       -2.423827,
       53.412639
      ],
      [
       -2.423653,
       53.412563
      ],
      [
       -2.423475,
       53.412456
      ],
      [
       -2.423356,
       53.412343
      ],
      [
       -2.423309,
       53.412011
      ],
      [
       -2.418757,
       53.413293
      ],
      [
       -2.419206,
       53.41374
      ],
      [
       -2.419432,
       53.414002
      ],
      [
       -2.41963,
       53.414329
      ],
      [
       -2.419756,
       53.414632
      ],
      [
       -2.418637,
       53.415057
      ],
      [
       -2.419464,
       53.415896
      ],
      [
       -2.419947,
       53.416331
      ],
      [
       -2.419926,
       53.416348
      ],
      [
       -2.418834,
       53.416623
      ],
      [
       -2.419484,
       53.417152
      ],
      [
       -2.417605,
       53.417611
      ],
      [
       -2.41741,
       53.417672
      ],
      [
       -2.417884,
       53.417995
      ],
      [
       -2.418165,
       53.418291
      ],
      [
       -2.41829,
       53.418337
      ],
      [
       -2.418422,
       53.418472
      ],
      [
       -2.418524,
       53.418513
      ],
      [
       -2.419094,
       53.419101
      ],
      [
       -2.419121,
       53.419169
      ],
      [
       -2.419096,
       53.419228
      ],
      [
       -2.419081,
       53.419215
      ],
      [
       -2.419048,
       53.419229
      ],
      [
       -2.419072,
       53.419266
      ],
      [
       -2.419017,
       53.419286
      ],
      [
       -2.418984,
       53.419258
      ],
      [
       -2.418495,
       53.419474
      ],
      [
       -2.418587,
       53.41954
      ],
      [
       -2.418559,
       53.419562
      ],
      [
       -2.418063,
       53.419824
      ],
      [
       -2.417784,
       53.41995
      ],
      [
       -2.417953,
       53.420069
      ],
      [
       -2.417673,
       53.420215
      ],
      [
       -2.417699,
       53.420234
      ],
      [
       -2.417758,
       53.420205
      ],
      [
       -2.417808,
       53.420241
      ],
      [
       -2.417664,
       53.420313
      ],
      [
       -2.417859,
       53.420438
      ],
      [
       -2.417756,
       53.420489
      ],
      [
       -2.417948,
       53.42064
      ],
      [
       -2.41768,
       53.420769
      ],
      [
       -2.417797,
       53.420815
      ],
      [
       -2.418078,
       53.420674
      ],
      [
       -2.418154,
       53.420731
      ],
      [
       -2.417944,
       53.420838
      ],
      [
       -2.418117,
       53.420905
      ],
      [
       -2.418211,
       53.420984
      ],
      [
       -2.41839,
       53.421057
      ],
      [
       -2.418462,
       53.421009
      ],
      [
       -2.418794,
       53.421126
      ],
      [
       -2.41894,
       53.421157
      ],
      [
       -2.419037,
       53.421205
      ],
      [
       -2.419128,
       53.421277
      ],
      [
       -2.417964,
       53.421404
      ],
      [
       -2.41778,
       53.421407
      ],
      [
       -2.41823,
       53.421537
      ],
      [
       -2.420071,
       53.421978
      ],
      [
       -2.424888,
       53.423358
      ],
      [
       -2.425764,
       53.423636
      ],
      [
       -2.427373,
       53.424107
      ],
      [
       -2.428004,
       53.424346
      ],
      [
       -2.427976,
       53.424421
      ],
      [
       -2.42711,
       53.424773
      ],
      [
       -2.426882,
       53.424776
      ],
      [
       -2.42669,
       53.424827
      ],
      [
       -2.425668,
       53.425252
      ],
      [
       -2.425565,
       53.425281
      ],
      [
       -2.425544,
       53.42527
      ],
      [
       -2.425509,
       53.425288
      ],
      [
       -2.425207,
       53.42525
      ],
      [
       -2.424748,
       53.425432
      ],
      [
       -2.424753,
       53.425443
      ],
      [
       -2.424549,
       53.425543
      ],
      [
       -2.42461,
       53.425644
      ],
      [
       -2.424566,
       53.425665
      ],
      [
       -2.424426,
       53.425602
      ],
      [
       -2.424112,
       53.425762
      ],
      [
       -2.424219,
       53.425835
      ],
      [
       -2.422775,
       53.426608
      ],
      [
       -2.421589,
       53.427322
      ],
      [
       -2.421498,
       53.427271
      ],
      [
       -2.421515,
       53.427259
      ],
      [
       -2.421499,
       53.427254
      ],
      [
       -2.421408,
       53.427286
      ],
      [
       -2.421242,
       53.427407
      ],
      [
       -2.421316,
       53.4275
      ],
      [
       -2.421283,
       53.427521
      ],
      [
       -2.421151,
       53.4275
      ],
      [
       -2.421034,
       53.427545
      ],
      [
       -2.420845,
       53.427678
      ],
      [
       -2.420917,
       53.427763
      ],
      [
       -2.420885,
       53.427785
      ],
      [
       -2.420678,
       53.427755
      ],
      [
       -2.420669,
       53.427773
      ],
      [
       -2.420727,
       53.427793
      ],
      [
       -2.420632,
       53.427855
      ],
      [
       -2.420608,
       53.427845
      ],
      [
       -2.420369,
       53.42803
      ],
      [
       -2.420345,
       53.428079
      ],
      [
       -2.420386,
       53.428078
      ],
      [
       -2.420392,
       53.428151
      ],
      [
       -2.420353,
       53.428153
      ],
      [
       -2.420314,
       53.428184
      ],
      [
       -2.42028,
       53.42826
      ],
      [
       -2.420162,
       53.428329
      ],
      [
       -2.419997,
       53.428488
      ],
      [
       -2.419789,
       53.428604
      ],
      [
       -2.419682,
       53.428713
      ],
      [
       -2.419693,
       53.428738
      ],
      [
       -2.419666,
       53.428762
      ],
      [
       -2.419558,
       53.428818
      ],
      [
       -2.419307,
       53.428992
      ],
      [
       -2.419195,
       53.429093
      ],
      [
       -2.419213,
       53.429146
      ],
      [
       -2.419094,
       53.429265
      ],
      [
       -2.417483,
       53.430707
      ],
      [
       -2.416325,
       53.432141
      ],
      [
       -2.415818,
       53.432813
      ],
      [
       -2.415384,
       53.433429
      ],
      [
       -2.414877,
       53.434289
      ],
      [
       -2.414797,
       53.434325
      ],
      [
       -2.414646,
       53.434343
      ],
      [
       -2.414466,
       53.434701
      ],
      [
       -2.414514,
       53.434711
      ],
      [
       -2.414527,
       53.434731
      ],
      [
       -2.414501,
       53.434841
      ],
      [
       -2.414333,
       53.435147
      ],
      [
       -2.414327,
       53.435201
      ],
      [
       -2.414271,
       53.435189
      ],
      [
       -2.414255,
       53.435216
      ],
      [
       -2.414316,
       53.435228
      ],
      [
       -2.414234,
       53.435277
      ],
      [
       -2.414236,
       53.435407
      ],
      [
       -2.414149,
       53.435547
      ],
      [
       -2.413924,
       53.435794
      ],
      [
       -2.413839,
       53.435776
      ],
      [
       -2.41353,
       53.436017
      ],
      [
       -2.4136,
       53.436073
      ],
      [
       -2.413558,
       53.436116
      ],
      [
       -2.413567,
       53.43616
      ],
      [
       -2.41372,
       53.436239
      ],
      [
       -2.413733,
       53.436268
      ],
      [
       -2.413696,
       53.436374
      ],
      [
       -2.413557,
       53.436582
      ],
      [
       -2.413535,
       53.436663
      ],
      [
       -2.413307,
       53.436849
      ],
      [
       -2.413227,
       53.436947
      ],
      [
       -2.413022,
       53.437079
      ],
      [
       -2.412827,
       53.437172
      ],
      [
       -2.412751,
       53.437267
      ],
      [
       -2.411849,
       53.437737
      ],
      [
       -2.411758,
       53.437848
      ],
      [
       -2.411776,
       53.437952
      ],
      [
       -2.411715,
       53.438126
      ],
      [
       -2.411543,
       53.438258
      ],
      [
       -2.411391,
       53.438348
      ],
      [
       -2.411045,
       53.438493
      ],
      [
       -2.410833,
       53.438547
      ],
      [
       -2.410738,
       53.438556
      ],
      [
       -2.410663,
       53.438543
      ],
      [
       -2.410441,
       53.438542
      ],
      [
       -2.410277,
       53.438573
      ],
      [
       -2.41014,
       53.438576
      ],
      [
       -2.409963,
       53.438625
      ],
      [
       -2.409712,
       53.438653
      ],
      [
       -2.409645,
       53.438682
      ],
      [
       -2.409073,
       53.438793
      ],
      [
       -2.408574,
       53.438927
      ],
      [
       -2.408011,
       53.439055
      ],
      [
       -2.40777,
       53.439083
      ],
      [
       -2.407332,
       53.439183
      ],
      [
       -2.405859,
       53.439477
      ],
      [
       -2.405167,
       53.439579
      ],
      [
       -2.404378,
       53.439738
      ],
      [
       -2.404219,
       53.439739
      ],
      [
       -2.403975,
       53.439708
      ],
      [
       -2.403758,
       53.439662
      ],
      [
       -2.403734,
       53.439648
      ],
      [
       -2.403744,
       53.439619
      ],
      [
       -2.403647,
       53.439602
      ],
      [
       -2.403651,
       53.439574
      ],
      [
       -2.403583,
       53.439561
      ],
      [
       -2.40356,
       53.439585
      ],
      [
       -2.403492,
       53.439556
      ],
      [
       -2.403293,
       53.439535
      ],
      [
       -2.403106,
       53.43949
      ],
      [
       -2.402354,
       53.439458
      ],
      [
       -2.401939,
       53.439473
      ],
      [
       -2.401603,
       53.439512
      ],
      [
       -2.401276,
       53.439496
      ],
      [
       -2.401199,
       53.439445
      ],
      [
       -2.401136,
       53.439297
      ],
      [
       -2.401141,
       53.439185
      ],
      [
       -2.401333,
       53.438943
      ],
      [
       -2.401502,
       53.438781
      ],
      [
       -2.40205,
       53.438381
      ],
      [
       -2.402192,
       53.438243
      ],
      [
       -2.402271,
       53.438121
      ],
      [
       -2.402303,
       53.438017
      ],
      [
       -2.402303,
       53.437776
      ],
      [
       -2.402198,
       53.437501
      ],
      [
       -2.402062,
       53.437355
      ],
      [
       -2.401828,
       53.437223
      ],
      [
       -2.401432,
       53.437075
      ],
      [
       -2.401274,
       53.437038
      ],
      [
       -2.400794,
       53.436832
      ],
      [
       -2.400535,
       53.436649
      ],
      [
       -2.400531,
       53.43656
      ],
      [
       -2.400495,
       53.436468
      ],
      [
       -2.400504,
       53.436299
      ],
      [
       -2.40048,
       53.436243
      ],
      [
       -2.400463,
       53.435954
      ],
      [
       -2.400399,
       53.435789
      ],
      [
       -2.400413,
       53.43574
      ],
      [
       -2.400393,
       53.435662
      ],
      [
       -2.400431,
       53.435588
      ],
      [
       -2.40042,
       53.435465
      ],
      [
       -2.400445,
       53.435397
      ],
      [
       -2.400252,
       53.435103
      ],
      [
       -2.400193,
       53.435066
      ],
      [
       -2.400185,
       53.435005
      ],
      [
       -2.400112,
       53.43495
      ],
      [
       -2.400087,
       53.434898
      ],
      [
       -2.399996,
       53.434816
      ],
      [
       -2.399747,
       53.434674
      ],
      [
       -2.399379,
       53.434388
      ],
      [
       -2.399145,
       53.434275
      ],
      [
       -2.399031,
       53.434182
      ],
      [
       -2.398887,
       53.434115
      ],
      [
       -2.398456,
       53.434048
      ],
      [
       -2.398313,
       53.434043
      ],
      [
       -2.398219,
       53.434017
      ],
      [
       -2.397422,
       53.434068
      ],
      [
       -2.39692,
       53.434041
      ],
      [
       -2.396788,
       53.43401
      ],
      [
       -2.396385,
       53.43389
      ],
      [
       -2.395913,
       53.433704
      ],
      [
       -2.39572,
       53.433609
      ],
      [
       -2.395532,
       53.433552
      ],
      [
       -2.394804,
       53.433127
      ],
      [
       -2.394367,
       53.432969
      ],
      [
       -2.394221,
       53.432899
      ],
      [
       -2.39417,
       53.432899
      ],
      [
       -2.394087,
       53.432831
      ],
      [
       -2.394083,
       53.432861
      ],
      [
       -2.394006,
       53.432797
      ],
      [
       -2.393983,
       53.432808
      ],
      [
       -2.393744,
       53.432725
      ],
      [
       -2.393719,
       53.432747
      ],
      [
       -2.393631,
       53.432716
      ],
      [
       -2.393667,
       53.432681
      ],
      [
       -2.393648,
       53.432675
      ],
      [
       -2.39353,
       53.432661
      ],
      [
       -2.393535,
       53.432649
      ],
      [
       -2.393475,
       53.432635
      ],
      [
       -2.393293,
       53.432629
      ],
      [
       -2.393007,
       53.432577
      ],
      [
       -2.392891,
       53.432516
      ],
      [
       -2.392656,
       53.432477
      ],
      [
       -2.392351,
       53.432398
      ],
      [
       -2.392132,
       53.432377
      ],
      [
       -2.391935,
       53.432435
      ],
      [
       -2.391737,
       53.4324
      ],
      [
       -2.391585,
       53.432421
      ],
      [
       -2.391302,
       53.432375
      ],
      [
       -2.391054,
       53.432377
      ],
      [
       -2.390852,
       53.432405
      ],
      [
       -2.39068,
       53.432455
      ],
      [
       -2.390382,
       53.432507
      ],
      [
       -2.390078,
       53.432631
      ],
      [
       -2.389936,
       53.432665
      ],
      [
       -2.389671,
       53.432799
      ],
      [
       -2.389561,
       53.432888
      ],
      [
       -2.388926,
       53.433201
      ],
      [
       -2.388801,
       53.433361
      ],
      [
       -2.388774,
       53.433471
      ],
      [
       -2.388539,
       53.433766
      ],
      [
       -2.388376,
       53.434151
      ],
      [
       -2.388054,
       53.434337
      ],
      [
       -2.388039,
       53.43436
      ],
      [
       -2.388133,
       53.434552
      ],
      [
       -2.388238,
       53.434641
      ],
      [
       -2.388421,
       53.434881
      ],
      [
       -2.388662,
       53.435115
      ],
      [
       -2.387917,
       53.435318
      ],
      [
       -2.386448,
       53.435325
      ],
      [
       -2.385319,
       53.433569
      ],
      [
       -2.384892,
       53.433326
      ],
      [
       -2.384078,
       53.433819
      ],
      [
       -2.38381,
       53.433942
      ],
      [
       -2.383434,
       53.434184
      ],
      [
       -2.383087,
       53.434378
      ],
      [
       -2.382804,
       53.434499
      ],
      [
       -2.382365,
       53.434634
      ],
      [
       -2.380165,
       53.43514
      ],
      [
       -2.37981,
       53.435169
      ],
      [
       -2.379472,
       53.435164
      ],
      [
       -2.379275,
       53.435145
      ],
      [
       -2.37901,
       53.435096
      ],
      [
       -2.378665,
       53.435011
      ],
      [
       -2.378408,
       53.434924
      ],
      [
       -2.376302,
       53.434093
      ],
      [
       -2.375889,
       53.433982
      ],
      [
       -2.372038,
       53.433201
      ],
      [
       -2.371535,
       53.433029
      ],
      [
       -2.37087,
       53.432968
      ],
      [
       -2.370353,
       53.432879
      ],
      [
       -2.369652,
       53.432674
      ],
      [
       -2.369006,
       53.43243
      ],
      [
       -2.368645,
       53.432277
      ],
      [
       -2.367919,
       53.431884
      ],
      [
       -2.365848,
       53.430549
      ],
      [
       -2.365351,
       53.430364
      ],
      [
       -2.36514,
       53.430328
      ],
      [
       -2.361068,
       53.430439
      ],
      [
       -2.359657,
       53.430437
      ],
      [
       -2.359356,
       53.430388
      ],
      [
       -2.359001,
       53.430304
      ],
      [
       -2.357875,
       53.430213
      ],
      [
       -2.357845,
       53.429869
      ]
     ]
    ],
    "type": "Polygon"
   }
  },
  {
   "type": "Feature",
   "properties": {
    "id": "timperley-wedge",
    "name": "Timperley Wedge / Davenport Green (PfE JPA3.2)",
    "borough": "Trafford",
    "category": "housing",
    "status": "framework",
    "lead": "Royal London consortium (with Prospect); Trafford Council",
    "architects": null,
    "stated_area_ha": 226,
    "homes": 2500,
    "jobs": null,
    "commercial": "60,000 m² employment; rural park; possible Metrolink extension and solar farm; 45% affordable",
    "investment": "£750m",
    "milestone": "Masterplan submitted Nov 2025; Trafford converting to formal planning document. First phase 179 homes at Dobbinetts Lane (full application).",
    "milestone_date": "2025-11",
    "summary": "South of Ridgeway Road next to Manchester Airport.",
    "links": [
     {
      "label": "Trafford timetable",
      "url": "https://www.trafford.gov.uk/planning/planning-policy-and-strategy/masterplans-and-strategic-sites/davenport-green-timperley-wedge/timetable"
     }
    ],
    "images": [],
    "confidence": "allocation-boundary",
    "boundary_source": "PfE 2024 allocation JPA3.2 (GMCA, OGL)",
    "boundary_features": 1
   },
   "geometry": {
    "coordinates": [
     [
      [
       -2.295947,
       53.369266
      ],
      [
       -2.295938,
       53.369278
      ],
      [
       -2.297712,
       53.366809
      ],
      [
       -2.298887,
       53.367547
      ],
      [
       -2.298987,
       53.367774
      ],
      [
       -2.29919,
       53.368139
      ],
      [
       -2.29935,
       53.368345
      ],
      [
       -2.299481,
       53.368446
      ],
      [
       -2.299609,
       53.368495
      ],
      [
       -2.299739,
       53.368509
      ],
      [
       -2.29988,
       53.368578
      ],
      [
       -2.299922,
       53.368621
      ],
      [
       -2.299526,
       53.36917
      ],
      [
       -2.298381,
       53.37059
      ],
      [
       -2.298212,
       53.37077
      ],
      [
       -2.298652,
       53.371057
      ],
      [
       -2.29853,
       53.371145
      ],
      [
       -2.297625,
       53.371563
      ],
      [
       -2.297339,
       53.372036
      ],
      [
       -2.297778,
       53.372423
      ],
      [
       -2.297313,
       53.372615
      ],
      [
       -2.29701,
       53.372762
      ],
      [
       -2.296535,
       53.373063
      ],
      [
       -2.296335,
       53.373233
      ],
      [
       -2.296164,
       53.373419
      ],
      [
       -2.295689,
       53.374014
      ],
      [
       -2.295474,
       53.374353
      ],
      [
       -2.295418,
       53.374475
      ],
      [
       -2.295525,
       53.374518
      ],
      [
       -2.295593,
       53.374581
      ],
      [
       -2.295689,
       53.374868
      ],
      [
       -2.29576,
       53.374834
      ],
      [
       -2.295799,
       53.374791
      ],
      [
       -2.295888,
       53.374765
      ],
      [
       -2.296806,
       53.374816
      ],
      [
       -2.29688,
       53.374834
      ],
      [
       -2.29702,
       53.374833
      ],
      [
       -2.297057,
       53.374821
      ],
      [
       -2.297292,
       53.374833
      ],
      [
       -2.297296,
       53.374819
      ],
      [
       -2.297309,
       53.374832
      ],
      [
       -2.29736,
       53.374833
      ],
      [
       -2.297372,
       53.37482
      ],
      [
       -2.297749,
       53.374817
      ],
      [
       -2.297775,
       53.374836
      ],
      [
       -2.297832,
       53.374837
      ],
      [
       -2.297843,
       53.374815
      ],
      [
       -2.298041,
       53.374786
      ],
      [
       -2.298259,
       53.374734
      ],
      [
       -2.298818,
       53.374558
      ],
      [
       -2.298985,
       53.374537
      ],
      [
       -2.299066,
       53.374609
      ],
      [
       -2.299117,
       53.374591
      ],
      [
       -2.299058,
       53.374524
      ],
      [
       -2.299078,
       53.374486
      ],
      [
       -2.299628,
       53.374269
      ],
      [
       -2.300778,
       53.373375
      ],
      [
       -2.300807,
       53.373372
      ],
      [
       -2.301097,
       53.372905
      ],
      [
       -2.301128,
       53.372897
      ],
      [
       -2.301149,
       53.372858
      ],
      [
       -2.301174,
       53.372854
      ],
      [
       -2.301248,
       53.372787
      ],
      [
       -2.301477,
       53.372693
      ],
      [
       -2.301648,
       53.372672
      ],
      [
       -2.30184,
       53.372671
      ],
      [
       -2.302583,
       53.372771
      ],
      [
       -2.30305,
       53.372805
      ],
      [
       -2.303416,
       53.37281
      ],
      [
       -2.303828,
       53.372795
      ],
      [
       -2.304756,
       53.372689
      ],
      [
       -2.30498,
       53.372678
      ],
      [
       -2.305139,
       53.372692
      ],
      [
       -2.305849,
       53.372841
      ],
      [
       -2.30686,
       53.373267
      ],
      [
       -2.306897,
       53.373364
      ],
      [
       -2.30696,
       53.373415
      ],
      [
       -2.306882,
       53.37355
      ],
      [
       -2.306933,
       53.373641
      ],
      [
       -2.307228,
       53.373719
      ],
      [
       -2.307248,
       53.373745
      ],
      [
       -2.307237,
       53.373802
      ],
      [
       -2.307378,
       53.373936
      ],
      [
       -2.307365,
       53.374029
      ],
      [
       -2.307463,
       53.374081
      ],
      [
       -2.307431,
       53.374212
      ],
      [
       -2.307345,
       53.374294
      ],
      [
       -2.30724,
       53.374339
      ],
      [
       -2.30724,
       53.374388
      ],
      [
       -2.307291,
       53.374454
      ],
      [
       -2.307231,
       53.374489
      ],
      [
       -2.307279,
       53.374634
      ],
      [
       -2.307242,
       53.374721
      ],
      [
       -2.307269,
       53.374757
      ],
      [
       -2.307327,
       53.374784
      ],
      [
       -2.307498,
       53.374782
      ],
      [
       -2.307503,
       53.374803
      ],
      [
       -2.307432,
       53.374879
      ],
      [
       -2.307445,
       53.374928
      ],
      [
       -2.307509,
       53.374962
      ],
      [
       -2.307665,
       53.374991
      ],
      [
       -2.307701,
       53.375012
      ],
      [
       -2.307698,
       53.375038
      ],
      [
       -2.307634,
       53.375078
      ],
      [
       -2.307605,
       53.375127
      ],
      [
       -2.307598,
       53.375241
      ],
      [
       -2.308638,
       53.375357
      ],
      [
       -2.308679,
       53.375343
      ],
      [
       -2.308965,
       53.375405
      ],
      [
       -2.309158,
       53.375427
      ],
      [
       -2.309239,
       53.37542
      ],
      [
       -2.309755,
       53.375302
      ],
      [
       -2.310328,
       53.375125
      ],
      [
       -2.311628,
       53.374814
      ],
      [
       -2.311673,
       53.374761
      ],
      [
       -2.312127,
       53.3744
      ],
      [
       -2.312508,
       53.374279
      ],
      [
       -2.312675,
       53.374182
      ],
      [
       -2.313878,
       53.374689
      ],
      [
       -2.314156,
       53.374832
      ],
      [
       -2.31435,
       53.374959
      ],
      [
       -2.314496,
       53.375094
      ],
      [
       -2.314595,
       53.37523
      ],
      [
       -2.314757,
       53.375555
      ],
      [
       -2.314829,
       53.375786
      ],
      [
       -2.314841,
       53.376077
      ],
      [
       -2.314728,
       53.37702
      ],
      [
       -2.314645,
       53.377219
      ],
      [
       -2.314261,
       53.377842
      ],
      [
       -2.313964,
       53.378594
      ],
      [
       -2.313848,
       53.378767
      ],
      [
       -2.313702,
       53.378928
      ],
      [
       -2.313385,
       53.379181
      ],
      [
       -2.313133,
       53.379332
      ],
      [
       -2.312133,
       53.379677
      ],
      [
       -2.311938,
       53.379768
      ],
      [
       -2.311634,
       53.379957
      ],
      [
       -2.311478,
       53.380034
      ],
      [
       -2.311324,
       53.380085
      ],
      [
       -2.311298,
       53.380071
      ],
      [
       -2.311172,
       53.380126
      ],
      [
       -2.310491,
       53.380283
      ],
      [
       -2.310107,
       53.380421
      ],
      [
       -2.309703,
       53.380607
      ],
      [
       -2.309021,
       53.381001
      ],
      [
       -2.30877,
       53.381126
      ],
      [
       -2.308557,
       53.381182
      ],
      [
       -2.308496,
       53.381165
      ],
      [
       -2.308438,
       53.381101
      ],
      [
       -2.308395,
       53.38111
      ],
      [
       -2.308424,
       53.381184
      ],
      [
       -2.308395,
       53.381219
      ],
      [
       -2.307943,
       53.381301
      ],
      [
       -2.307607,
       53.381418
      ],
      [
       -2.307137,
       53.381649
      ],
      [
       -2.306675,
       53.381912
      ],
      [
       -2.306523,
       53.381987
      ],
      [
       -2.306468,
       53.381987
      ],
      [
       -2.30643,
       53.382009
      ],
      [
       -2.306436,
       53.382043
      ],
      [
       -2.306257,
       53.382148
      ],
      [
       -2.30621,
       53.382156
      ],
      [
       -2.30617,
       53.382137
      ],
      [
       -2.306112,
       53.382171
      ],
      [
       -2.306144,
       53.382219
      ],
      [
       -2.305712,
       53.382483
      ],
      [
       -2.305228,
       53.382821
      ],
      [
       -2.305075,
       53.382992
      ],
      [
       -2.304995,
       53.383024
      ],
      [
       -2.304913,
       53.383027
      ],
      [
       -2.304886,
       53.383132
      ],
      [
       -2.304924,
       53.383169
      ],
      [
       -2.304939,
       53.383227
      ],
      [
       -2.304712,
       53.38361
      ],
      [
       -2.304716,
       53.383829
      ],
      [
       -2.304809,
       53.383901
      ],
      [
       -2.306265,
       53.38446
      ],
      [
       -2.307554,
       53.38485
      ],
      [
       -2.307621,
       53.384857
      ],
      [
       -2.307648,
       53.384845
      ],
      [
       -2.307711,
       53.384864
      ],
      [
       -2.307719,
       53.384899
      ],
      [
       -2.309713,
       53.385478
      ],
      [
       -2.311905,
       53.386219
      ],
      [
       -2.312149,
       53.386312
      ],
      [
       -2.312325,
       53.386398
      ],
      [
       -2.312423,
       53.386426
      ],
      [
       -2.312478,
       53.386341
      ],
      [
       -2.312613,
       53.386288
      ],
      [
       -2.313268,
       53.386181
      ],
      [
       -2.314146,
       53.386088
      ],
      [
       -2.31442,
       53.386083
      ],
      [
       -2.314443,
       53.385953
      ],
      [
       -2.314651,
       53.385648
      ],
      [
       -2.31488,
       53.385253
      ],
      [
       -2.315787,
       53.385413
      ],
      [
       -2.31597,
       53.385352
      ],
      [
       -2.315974,
       53.385373
      ],
      [
       -2.315986,
       53.385348
      ],
      [
       -2.316151,
       53.385349
      ],
      [
       -2.31635,
       53.38528
      ],
      [
       -2.316458,
       53.385302
      ],
      [
       -2.316523,
       53.385293
      ],
      [
       -2.316557,
       53.38527
      ],
      [
       -2.316589,
       53.385183
      ],
      [
       -2.316644,
       53.385148
      ],
      [
       -2.31667,
       53.385157
      ],
      [
       -2.316743,
       53.385269
      ],
      [
       -2.316873,
       53.385281
      ],
      [
       -2.31689,
       53.385302
      ],
      [
       -2.316862,
       53.385334
      ],
      [
       -2.316631,
       53.385362
      ],
      [
       -2.316548,
       53.385395
      ],
      [
       -2.316526,
       53.385435
      ],
      [
       -2.316588,
       53.385555
      ],
      [
       -2.316655,
       53.385562
      ],
      [
       -2.316767,
       53.385531
      ],
      [
       -2.317051,
       53.385506
      ],
      [
       -2.317192,
       53.385522
      ],
      [
       -2.31733,
       53.385505
      ],
      [
       -2.31743,
       53.385518
      ],
      [
       -2.317524,
       53.385547
      ],
      [
       -2.31755,
       53.38557
      ],
      [
       -2.317475,
       53.385671
      ],
      [
       -2.317502,
       53.385721
      ],
      [
       -2.31769,
       53.385765
      ],
      [
       -2.317845,
       53.385757
      ],
      [
       -2.317979,
       53.385875
      ],
      [
       -2.31806,
       53.385866
      ],
      [
       -2.318123,
       53.385834
      ],
      [
       -2.318232,
       53.385691
      ],
      [
       -2.318376,
       53.385584
      ],
      [
       -2.318515,
       53.385548
      ],
      [
       -2.318661,
       53.385554
      ],
      [
       -2.318873,
       53.385608
      ],
      [
       -2.319423,
       53.385888
      ],
      [
       -2.319389,
       53.386006
      ],
      [
       -2.319398,
       53.386073
      ],
      [
       -2.319611,
       53.386238
      ],
      [
       -2.319714,
       53.386239
      ],
      [
       -2.319829,
       53.386154
      ],
      [
       -2.320033,
       53.386115
      ],
      [
       -2.32013,
       53.386128
      ],
      [
       -2.320302,
       53.386184
      ],
      [
       -2.320411,
       53.386183
      ],
      [
       -2.320717,
       53.386109
      ],
      [
       -2.320772,
       53.386023
      ],
      [
       -2.320818,
       53.386004
      ],
      [
       -2.321245,
       53.386062
      ],
      [
       -2.321335,
       53.386095
      ],
      [
       -2.321466,
       53.386218
      ],
      [
       -2.321633,
       53.386257
      ],
      [
       -2.321549,
       53.386734
      ],
      [
       -2.321202,
       53.387876
      ],
      [
       -2.321167,
       53.388223
      ],
      [
       -2.321139,
       53.388266
      ],
      [
       -2.321083,
       53.388302
      ],
      [
       -2.321003,
       53.38833
      ],
      [
       -2.320398,
       53.388441
      ],
      [
       -2.319214,
       53.388495
      ],
      [
       -2.31911,
       53.38848
      ],
      [
       -2.319064,
       53.388513
      ],
      [
       -2.318039,
       53.388715
      ],
      [
       -2.317492,
       53.388802
      ],
      [
       -2.317419,
       53.388793
      ],
      [
       -2.317324,
       53.388748
      ],
      [
       -2.317292,
       53.388663
      ],
      [
       -2.317201,
       53.388653
      ],
      [
       -2.3172,
       53.388637
      ],
      [
       -2.317181,
       53.388652
      ],
      [
       -2.317082,
       53.388635
      ],
      [
       -2.317038,
       53.388674
      ],
      [
       -2.316909,
       53.388739
      ],
      [
       -2.316906,
       53.388923
      ],
      [
       -2.316855,
       53.389057
      ],
      [
       -2.316478,
       53.389705
      ],
      [
       -2.316439,
       53.389735
      ],
      [
       -2.316382,
       53.389749
      ],
      [
       -2.315481,
       53.389743
      ],
      [
       -2.311901,
       53.389642
      ],
      [
       -2.311847,
       53.389611
      ],
      [
       -2.311737,
       53.389612
      ],
      [
       -2.311683,
       53.389633
      ],
      [
       -2.310402,
       53.389594
      ],
      [
       -2.309552,
       53.389535
      ],
      [
       -2.307636,
       53.38935
      ],
      [
       -2.30715,
       53.389286
      ],
      [
       -2.307134,
       53.389258
      ],
      [
       -2.306979,
       53.389236
      ],
      [
       -2.306928,
       53.389255
      ],
      [
       -2.306089,
       53.389143
      ],
      [
       -2.306083,
       53.389113
      ],
      [
       -2.30599,
       53.389102
      ],
      [
       -2.305952,
       53.389123
      ],
      [
       -2.305748,
       53.389094
      ],
      [
       -2.305733,
       53.389077
      ],
      [
       -2.305536,
       53.38907
      ],
      [
       -2.305094,
       53.389008
      ],
      [
       -2.305085,
       53.38899
      ],
      [
       -2.304158,
       53.388872
      ],
      [
       -2.303977,
       53.388435
      ],
      [
       -2.303891,
       53.388147
      ],
      [
       -2.303407,
       53.388206
      ],
      [
       -2.303388,
       53.388156
      ],
      [
       -2.303163,
       53.388183
      ],
      [
       -2.303094,
       53.388246
      ],
      [
       -2.3006,
       53.388565
      ],
      [
       -2.300426,
       53.387546
      ],
      [
       -2.299798,
       53.38764
      ],
      [
       -2.299668,
       53.387676
      ],
      [
       -2.299527,
       53.387637
      ],
      [
       -2.299399,
       53.387563
      ],
      [
       -2.299531,
       53.387422
      ],
      [
       -2.299556,
       53.387246
      ],
      [
       -2.299657,
       53.387182
      ],
      [
       -2.299727,
       53.387183
      ],
      [
       -2.299769,
       53.387161
      ],
      [
       -2.299774,
       53.387036
      ],
      [
       -2.299745,
       53.387016
      ],
      [
       -2.299625,
       53.387007
      ],
      [
       -2.299594,
       53.386933
      ],
      [
       -2.299523,
       53.386867
      ],
      [
       -2.299465,
       53.386855
      ],
      [
       -2.299401,
       53.38687
      ],
      [
       -2.299362,
       53.386851
      ],
      [
       -2.299314,
       53.386774
      ],
      [
       -2.299376,
       53.3867
      ],
      [
       -2.299395,
       53.386554
      ],
      [
       -2.299338,
       53.386489
      ],
      [
       -2.2992,
       53.386433
      ],
      [
       -2.299174,
       53.386409
      ],
      [
       -2.299193,
       53.386257
      ],
      [
       -2.299154,
       53.386113
      ],
      [
       -2.299589,
       53.385858
      ],
      [
       -2.299821,
       53.385563
      ],
      [
       -2.299814,
       53.385518
      ],
      [
       -2.299753,
       53.385427
      ],
      [
       -2.299612,
       53.385405
      ],
      [
       -2.299562,
       53.38537
      ],
      [
       -2.30022,
       53.384996
      ],
      [
       -2.300254,
       53.384927
      ],
      [
       -2.300249,
       53.384849
      ],
      [
       -2.30016,
       53.384722
      ],
      [
       -2.300102,
       53.384672
      ],
      [
       -2.299963,
       53.384639
      ],
      [
       -2.299971,
       53.384577
      ],
      [
       -2.299874,
       53.384475
      ],
      [
       -2.299896,
       53.384358
      ],
      [
       -2.299838,
       53.384294
      ],
      [
       -2.299775,
       53.38425
      ],
      [
       -2.299511,
       53.384178
      ],
      [
       -2.299415,
       53.384093
      ],
      [
       -2.299251,
       53.384069
      ],
      [
       -2.299159,
       53.383986
      ],
      [
       -2.299054,
       53.38395
      ],
      [
       -2.299046,
       53.383852
      ],
      [
       -2.298976,
       53.383804
      ],
      [
       -2.298847,
       53.383762
      ],
      [
       -2.298681,
       53.383741
      ],
      [
       -2.29864,
       53.383647
      ],
      [
       -2.298547,
       53.383602
      ],
      [
       -2.29856,
       53.383524
      ],
      [
       -2.298526,
       53.38349
      ],
      [
       -2.298468,
       53.383477
      ],
      [
       -2.298302,
       53.383487
      ],
      [
       -2.29813,
       53.383463
      ],
      [
       -2.298097,
       53.383384
      ],
      [
       -2.297983,
       53.38326
      ],
      [
       -2.298046,
       53.383168
      ],
      [
       -2.29804,
       53.383142
      ],
      [
       -2.297826,
       53.383021
      ],
      [
       -2.297685,
       53.382878
      ],
      [
       -2.297575,
       53.382861
      ],
      [
       -2.297482,
       53.382895
      ],
      [
       -2.297346,
       53.382876
      ],
      [
       -2.297275,
       53.382857
      ],
      [
       -2.297222,
       53.382757
      ],
      [
       -2.297109,
       53.382743
      ],
      [
       -2.297011,
       53.382704
      ],
      [
       -2.29689,
       53.382708
      ],
      [
       -2.296861,
       53.382697
      ],
      [
       -2.29678,
       53.382587
      ],
      [
       -2.296603,
       53.382476
      ],
      [
       -2.296601,
       53.38237
      ],
      [
       -2.296622,
       53.382342
      ],
      [
       -2.296595,
       53.382239
      ],
      [
       -2.296501,
       53.382234
      ],
      [
       -2.295855,
       53.382084
      ],
      [
       -2.295317,
       53.38192
      ],
      [
       -2.295289,
       53.381927
      ],
      [
       -2.295134,
       53.381868
      ],
      [
       -2.294778,
       53.381799
      ],
      [
       -2.294699,
       53.381773
      ],
      [
       -2.294566,
       53.381697
      ],
      [
       -2.294399,
       53.381739
      ],
      [
       -2.294239,
       53.381722
      ],
      [
       -2.29421,
       53.381706
      ],
      [
       -2.294197,
       53.381602
      ],
      [
       -2.294066,
       53.38154
      ],
      [
       -2.293973,
       53.381398
      ],
      [
       -2.293717,
       53.381226
      ],
      [
       -2.293514,
       53.381118
      ],
      [
       -2.292966,
       53.380933
      ],
      [
       -2.292679,
       53.380805
      ],
      [
       -2.292651,
       53.38076
      ],
      [
       -2.29268,
       53.380644
      ],
      [
       -2.292559,
       53.380494
      ],
      [
       -2.292557,
       53.380387
      ],
      [
       -2.292522,
       53.380315
      ],
      [
       -2.292326,
       53.380239
      ],
      [
       -2.292196,
       53.380166
      ],
      [
       -2.292046,
       53.380038
      ],
      [
       -2.29185,
       53.379917
      ],
      [
       -2.291554,
       53.379665
      ],
      [
       -2.29143,
       53.379476
      ],
      [
       -2.291195,
       53.3792
      ],
      [
       -2.291211,
       53.379164
      ],
      [
       -2.291092,
       53.379101
      ],
      [
       -2.290907,
       53.378922
      ],
      [
       -2.290873,
       53.378822
      ],
      [
       -2.290651,
       53.37857
      ],
      [
       -2.2906,
       53.378533
      ],
      [
       -2.290367,
       53.378448
      ],
      [
       -2.290173,
       53.378284
      ],
      [
       -2.289972,
       53.377997
      ],
      [
       -2.28989,
       53.377935
      ],
      [
       -2.289737,
       53.377871
      ],
      [
       -2.289593,
       53.377747
      ],
      [
       -2.289495,
       53.377561
      ],
      [
       -2.289355,
       53.377396
      ],
      [
       -2.288996,
       53.377249
      ],
      [
       -2.288769,
       53.377
      ],
      [
       -2.288575,
       53.376857
      ],
      [
       -2.288095,
       53.376685
      ],
      [
       -2.287802,
       53.376633
      ],
      [
       -2.287589,
       53.376568
      ],
      [
       -2.287402,
       53.376479
      ],
      [
       -2.287289,
       53.37639
      ],
      [
       -2.288014,
       53.376261
      ],
      [
       -2.288223,
       53.376187
      ],
      [
       -2.288676,
       53.375976
      ],
      [
       -2.289013,
       53.375776
      ],
      [
       -2.289423,
       53.3755
      ],
      [
       -2.289858,
       53.37504
      ],
      [
       -2.290139,
       53.374674
      ],
      [
       -2.290243,
       53.374455
      ],
      [
       -2.290296,
       53.374275
      ],
      [
       -2.290318,
       53.374045
      ],
      [
       -2.290212,
       53.374043
      ],
      [
       -2.290189,
       53.373256
      ],
      [
       -2.290288,
       53.373258
      ],
      [
       -2.290371,
       53.372969
      ],
      [
       -2.29047,
       53.372766
      ],
      [
       -2.290605,
       53.372575
      ],
      [
       -2.290636,
       53.372581
      ],
      [
       -2.290923,
       53.37217
      ],
      [
       -2.291359,
       53.371677
      ],
      [
       -2.291931,
       53.370907
      ],
      [
       -2.292085,
       53.370726
      ],
      [
       -2.29233,
       53.370504
      ],
      [
       -2.292614,
       53.370329
      ],
      [
       -2.293005,
       53.370527
      ],
      [
       -2.292989,
       53.370565
      ],
      [
       -2.293767,
       53.371266
      ],
      [
       -2.294299,
       53.371557
      ],
      [
       -2.295947,
       53.369266
      ]
     ]
    ],
    "type": "Polygon"
   }
  },
  {
   "type": "Feature",
   "properties": {
    "id": "stretford-mall",
    "name": "Stretford town centre / Mall",
    "borough": "Trafford",
    "category": "mixed",
    "status": "consented",
    "lead": "Trafford Council + Bruntwood Works JV",
    "architects": "AHR; Re-form (landscape)",
    "stated_area_ha": null,
    "homes": 251,
    "jobs": null,
    "commercial": null,
    "investment": "£24m Good Growth Fund",
    "milestone": "251 apartments approved Jul 2026; 200 affordable pledged in later phases.",
    "milestone_date": "2026-07",
    "summary": "Masterplan approved 2023.",
    "links": [
     {
      "label": "Trafford",
      "url": "https://www.trafford.gov.uk/news/2026/permission-granted-251-new-homes-site-stretford-mall-0"
     }
    ],
    "images": [
     {
      "src": "assets/images/stretford-mall/01.jpg",
      "caption": "StretfordTownCentre",
      "credit": "R Greenhalgh",
      "source_url": "https://commons.wikimedia.org/wiki/File:StretfordTownCentre.jpg",
      "licence": "CC BY-SA 2.0",
      "px": [
       640,
       480
      ]
     }
    ],
    "confidence": "land-supply-site",
    "boundary_source": "GMCA 2025 offices land supply site E1038",
    "boundary_features": 1
   },
   "geometry": {
    "coordinates": [
     [
      [
       [
        -2.307936,
        53.445915
       ],
       [
        -2.307958,
        53.446196
       ],
       [
        -2.307564,
        53.446085
       ],
       [
        -2.307508,
        53.446041
       ],
       [
        -2.307477,
        53.445988
       ],
       [
        -2.307484,
        53.445864
       ],
       [
        -2.307606,
        53.445732
       ],
       [
        -2.309673,
        53.44391
       ],
       [
        -2.309903,
        53.444031
       ],
       [
        -2.31085,
        53.444319
       ],
       [
        -2.310756,
        53.444415
       ],
       [
        -2.311208,
        53.444542
       ],
       [
        -2.311181,
        53.444572
       ],
       [
        -2.311171,
        53.444689
       ],
       [
        -2.311271,
        53.44471
       ],
       [
        -2.312812,
        53.444586
       ],
       [
        -2.313043,
        53.445225
       ],
       [
        -2.313101,
        53.445217
       ],
       [
        -2.313164,
        53.445444
       ],
       [
        -2.313663,
        53.445389
       ],
       [
        -2.313693,
        53.445373
       ],
       [
        -2.313698,
        53.445593
       ],
       [
        -2.313673,
        53.445629
       ],
       [
        -2.31359,
        53.445658
       ],
       [
        -2.312051,
        53.445766
       ],
       [
        -2.311052,
        53.446001
       ],
       [
        -2.309983,
        53.446273
       ],
       [
        -2.309755,
        53.446302
       ],
       [
        -2.309133,
        53.446333
       ],
       [
        -2.308715,
        53.446319
       ],
       [
        -2.30872,
        53.445904
       ],
       [
        -2.30797,
        53.445898
       ],
       [
        -2.307936,
        53.445915
       ]
      ]
     ],
     [
      [
       [
        -2.305546,
        53.445441
       ],
       [
        -2.305737,
        53.445229
       ],
       [
        -2.306265,
        53.445422
       ],
       [
        -2.306716,
        53.444918
       ],
       [
        -2.307136,
        53.445063
       ],
       [
        -2.307608,
        53.445258
       ],
       [
        -2.307013,
        53.445796
       ],
       [
        -2.306879,
        53.445856
       ],
       [
        -2.306771,
        53.445863
       ],
       [
        -2.305746,
        53.445706
       ],
       [
        -2.305512,
        53.445701
       ],
       [
        -2.305269,
        53.445662
       ],
       [
        -2.305499,
        53.445428
       ],
       [
        -2.305546,
        53.445441
       ]
      ]
     ]
    ],
    "type": "MultiPolygon"
   }
  },
  {
   "type": "Feature",
   "properties": {
    "id": "altrincham-stamford",
    "name": "Altrincham / Stamford Quarter",
    "borough": "Trafford",
    "category": "mixed",
    "status": "consented",
    "lead": "Trafford Council + Bruntwood Works JV; L&Q",
    "architects": null,
    "stated_area_ha": null,
    "homes": 88,
    "jobs": null,
    "commercial": "Rackhams → 75k sq ft workspace; 24k sq ft public realm",
    "investment": null,
    "milestone": "L&Q New Street (88 homes, 40% affordable) approved Jul 2025.",
    "milestone_date": "2025-07",
    "summary": null,
    "links": [
     {
      "label": "Stamford Quarter",
      "url": "https://www.stamfordquarter.com/masterplan/have-your-say/"
     }
    ],
    "images": [
     {
      "src": "assets/images/altrincham-stamford/01.jpg",
      "caption": "Altrincham Station - geograph.org.uk - 1749635",
      "credit": "David Dixon",
      "source_url": "https://commons.wikimedia.org/wiki/File:Altrincham_Station_-_geograph.org.uk_-_1749635.jpg",
      "licence": "CC BY-SA 2.0",
      "px": [
       1600,
       1200
      ]
     },
     {
      "src": "assets/images/altrincham-stamford/02.jpg",
      "caption": "Altrincham approach - geograph.org.uk - 829549",
      "credit": "Whatlep",
      "source_url": "https://commons.wikimedia.org/wiki/File:Altrincham_approach_-_geograph.org.uk_-_829549.jpg",
      "licence": "CC BY-SA 2.0",
      "px": [
       640,
       431
      ]
     },
     {
      "src": "assets/images/altrincham-stamford/03.jpg",
      "caption": "Altrincham railway station and Interchange, Greater Manchester, 2010 - geograph.org.uk - 4093751",
      "credit": "Nigel Thompson",
      "source_url": "https://commons.wikimedia.org/wiki/File:Altrincham_railway_station_and_Interchange,_Greater_Manchester,_2010_-_geograph.org.uk_-_4093751.jpg",
      "licence": "CC BY-SA 2.0",
      "px": [
       1024,
       721
      ]
     }
    ],
    "confidence": "point-estimate",
    "boundary_source": "centroid estimate"
   },
   "geometry": {
    "type": "Point",
    "coordinates": [
     -2.349,
     53.387
    ]
   }
  },
  {
   "type": "Feature",
   "properties": {
    "id": "stockport-mdc",
    "name": "Stockport Town Centre MDC",
    "borough": "Stockport",
    "category": "framework",
    "status": "on-site",
    "lead": "Stockport MDC (chair Lord Barwell); Stockport Council; GMCA",
    "architects": "CBRE (Town Centre East / Goyt riverside, Sep 2026)",
    "stated_area_ha": 166,
    "homes": 8000,
    "jobs": null,
    "commercial": "c.1m sq ft employment; secondary school; health hub",
    "investment": "c.£600m private so far",
    "milestone": "Boundary extension (130 → c.410 ac) approved by Parliament 23 Feb 2026 — UK first. 1,200 homes complete/on site; c.1,500 to start 2026. Business plan 2026–31.",
    "milestone_date": "2026-09",
    "summary": "Town Centre West + Town Centre East. Stockport sits outside PfE; Local Plan Reg 19 to 8 Nov 2026, submission by 31 Dec 2026 under ministerial direction.",
    "links": [
     {
      "label": "Expansion (PNW)",
      "url": "https://www.placenorthwest.co.uk/parliament-approves-stockport-mdc-expansion/"
     },
     {
      "label": "Stockport MDC",
      "url": "https://stockportmdc.co.uk/"
     }
    ],
    "images": [
     {
      "src": "assets/images/stockport-mdc/01.jpg",
      "caption": "Parliament approves Stockport MDC expansion - Place North West",
      "credit": "Place North West",
      "source_url": "https://www.placenorthwest.co.uk/parliament-approves-stockport-mdc-expansion/",
      "licence": "all rights reserved — research use with attribution",
      "px": [
       1024,
       577
      ]
     },
     {
      "src": "assets/images/stockport-mdc/02.jpg",
      "caption": "Stockport MDC - Homepage",
      "credit": "Stockport MDC",
      "source_url": "https://stockportmdc.co.uk/",
      "licence": "all rights reserved — research use with attribution",
      "px": [
       1600,
       840
      ]
     },
     {
      "src": "assets/images/stockport-mdc/03.jpg",
      "caption": "Plaza - Stockport town centre - geograph.org.uk - 4937466",
      "credit": "Chris Allen",
      "source_url": "https://commons.wikimedia.org/wiki/File:Plaza_-_Stockport_town_centre_-_geograph.org.uk_-_4937466.jpg",
      "licence": "CC BY-SA 2.0",
      "px": [
       640,
       480
      ]
     }
    ],
    "confidence": "statutory-boundary",
    "boundary_source": "MDC boundary 2026 (GMCA feature service, OGL)",
    "boundary_features": 1
   },
   "geometry": {
    "coordinates": [
     [
      [
       -2.165941,
       53.410663
      ],
      [
       -2.163498,
       53.411601
      ],
      [
       -2.162574,
       53.412006
      ],
      [
       -2.161744,
       53.412412
      ],
      [
       -2.161582,
       53.412523
      ],
      [
       -2.161029,
       53.412821
      ],
      [
       -2.159318,
       53.413596
      ],
      [
       -2.159272,
       53.413647
      ],
      [
       -2.158994,
       53.413753
      ],
      [
       -2.158827,
       53.413797
      ],
      [
       -2.158418,
       53.414007
      ],
      [
       -2.158407,
       53.413976
      ],
      [
       -2.158367,
       53.413983
      ],
      [
       -2.157784,
       53.414178
      ],
      [
       -2.157603,
       53.414268
      ],
      [
       -2.156802,
       53.41441
      ],
      [
       -2.156167,
       53.414488
      ],
      [
       -2.154478,
       53.414658
      ],
      [
       -2.154025,
       53.414723
      ],
      [
       -2.153602,
       53.414804
      ],
      [
       -2.152046,
       53.41521
      ],
      [
       -2.15017,
       53.415849
      ],
      [
       -2.149991,
       53.415895
      ],
      [
       -2.149883,
       53.4159
      ],
      [
       -2.149741,
       53.415877
      ],
      [
       -2.149194,
       53.41567
      ],
      [
       -2.148948,
       53.415633
      ],
      [
       -2.148428,
       53.415596
      ],
      [
       -2.148281,
       53.415542
      ],
      [
       -2.148166,
       53.415452
      ],
      [
       -2.147915,
       53.415121
      ],
      [
       -2.147491,
       53.414364
      ],
      [
       -2.147247,
       53.413712
      ],
      [
       -2.147184,
       53.41366
      ],
      [
       -2.146881,
       53.413207
      ],
      [
       -2.146795,
       53.413119
      ],
      [
       -2.146591,
       53.412755
      ],
      [
       -2.146366,
       53.412101
      ],
      [
       -2.14633,
       53.41181
      ],
      [
       -2.146354,
       53.411499
      ],
      [
       -2.14651,
       53.411211
      ],
      [
       -2.146631,
       53.411062
      ],
      [
       -2.146844,
       53.410867
      ],
      [
       -2.147974,
       53.410078
      ],
      [
       -2.148402,
       53.409807
      ],
      [
       -2.148796,
       53.40951
      ],
      [
       -2.14911,
       53.409187
      ],
      [
       -2.149265,
       53.40894
      ],
      [
       -2.149392,
       53.40868
      ],
      [
       -2.149461,
       53.40835
      ],
      [
       -2.149456,
       53.407784
      ],
      [
       -2.149282,
       53.406018
      ],
      [
       -2.149152,
       53.405454
      ],
      [
       -2.149181,
       53.404777
      ],
      [
       -2.149456,
       53.403602
      ],
      [
       -2.149557,
       53.403274
      ],
      [
       -2.14965,
       53.403072
      ],
      [
       -2.149828,
       53.402774
      ],
      [
       -2.149969,
       53.402617
      ],
      [
       -2.150143,
       53.402478
      ],
      [
       -2.150546,
       53.402267
      ],
      [
       -2.150994,
       53.402102
      ],
      [
       -2.152297,
       53.401757
      ],
      [
       -2.152705,
       53.401667
      ],
      [
       -2.153347,
       53.401575
      ],
      [
       -2.153659,
       53.401553
      ],
      [
       -2.153728,
       53.401537
      ],
      [
       -2.153995,
       53.401534
      ],
      [
       -2.154107,
       53.401485
      ],
      [
       -2.155497,
       53.401252
      ],
      [
       -2.155845,
       53.401245
      ],
      [
       -2.155925,
       53.401263
      ],
      [
       -2.15621,
       53.401209
      ],
      [
       -2.15609,
       53.401062
      ],
      [
       -2.156239,
       53.401074
      ],
      [
       -2.1566,
       53.401056
      ],
      [
       -2.158798,
       53.400663
      ],
      [
       -2.159159,
       53.40061
      ],
      [
       -2.15941,
       53.400731
      ],
      [
       -2.160844,
       53.401642
      ],
      [
       -2.161495,
       53.402022
      ],
      [
       -2.16158,
       53.402046
      ],
      [
       -2.16174,
       53.40214
      ],
      [
       -2.161914,
       53.40228
      ],
      [
       -2.162129,
       53.402422
      ],
      [
       -2.162334,
       53.40249
      ],
      [
       -2.162763,
       53.40257
      ],
      [
       -2.16287,
       53.402639
      ],
      [
       -2.162916,
       53.402828
      ],
      [
       -2.162992,
       53.402878
      ],
      [
       -2.163007,
       53.402976
      ],
      [
       -2.163362,
       53.403506
      ],
      [
       -2.163477,
       53.403642
      ],
      [
       -2.163672,
       53.403792
      ],
      [
       -2.163785,
       53.403844
      ],
      [
       -2.163933,
       53.403883
      ],
      [
       -2.16411,
       53.403982
      ],
      [
       -2.164775,
       53.404261
      ],
      [
       -2.16495,
       53.404319
      ],
      [
       -2.165135,
       53.404408
      ],
      [
       -2.165138,
       53.404449
      ],
      [
       -2.165264,
       53.404589
      ],
      [
       -2.165753,
       53.405313
      ],
      [
       -2.165827,
       53.405448
      ],
      [
       -2.16588,
       53.405633
      ],
      [
       -2.166434,
       53.405582
      ],
      [
       -2.166618,
       53.406173
      ],
      [
       -2.166884,
       53.406138
      ],
      [
       -2.166921,
       53.406276
      ],
      [
       -2.166963,
       53.406272
      ],
      [
       -2.167016,
       53.40645
      ],
      [
       -2.167122,
       53.406439
      ],
      [
       -2.167255,
       53.406832
      ],
      [
       -2.167649,
       53.406792
      ],
      [
       -2.167764,
       53.40719
      ],
      [
       -2.167831,
       53.407193
      ],
      [
       -2.168939,
       53.407041
      ],
      [
       -2.17218,
       53.406648
      ],
      [
       -2.172243,
       53.406621
      ],
      [
       -2.172354,
       53.406631
      ],
      [
       -2.172658,
       53.406624
      ],
      [
       -2.172823,
       53.406647
      ],
      [
       -2.172933,
       53.406679
      ],
      [
       -2.173092,
       53.406815
      ],
      [
       -2.173718,
       53.407455
      ],
      [
       -2.17359,
       53.407592
      ],
      [
       -2.173407,
       53.40769
      ],
      [
       -2.173222,
       53.407898
      ],
      [
       -2.173044,
       53.408058
      ],
      [
       -2.172725,
       53.408308
      ],
      [
       -2.172543,
       53.408418
      ],
      [
       -2.172277,
       53.408558
      ],
      [
       -2.171768,
       53.40871
      ],
      [
       -2.170581,
       53.409279
      ],
      [
       -2.170214,
       53.409358
      ],
      [
       -2.170137,
       53.409524
      ],
      [
       -2.170149,
       53.409541
      ],
      [
       -2.168053,
       53.410049
      ],
      [
       -2.16709,
       53.410306
      ],
      [
       -2.16705,
       53.4103
      ],
      [
       -2.165941,
       53.410663
      ]
     ]
    ],
    "type": "Polygon"
   }
  },
  {
   "type": "Feature",
   "properties": {
    "id": "stockport-8",
    "name": "Stockport 8",
    "borough": "Stockport",
    "category": "housing",
    "status": "consented",
    "lead": "Stockport Council + English Cities Fund JV; Vinci",
    "architects": null,
    "stated_area_ha": 3.2,
    "homes": 1328,
    "jobs": null,
    "commercial": "Ph1 435 apts + 9,500 sq ft commercial (2028); Ph2–3 outline",
    "investment": "£350m",
    "milestone": "Consent 14–15 Aug 2025.",
    "milestone_date": "2025-08",
    "summary": "King Street West.",
    "links": [
     {
      "label": "PNW",
      "url": "https://www.placenorthwest.co.uk/approval-for-350m-stockport-8/"
     }
    ],
    "images": [
     {
      "src": "assets/images/stockport-8/01.jpg",
      "caption": "Approval for £350m Stockport 8 - Place North West",
      "credit": "Place North West",
      "source_url": "https://www.placenorthwest.co.uk/approval-for-350m-stockport-8/",
      "licence": "all rights reserved — research use with attribution",
      "px": [
       1024,
       682
      ]
     },
     {
      "src": "assets/images/stockport-8/03.jpg",
      "caption": "Stockport, from Stockport Viaduct - geograph.org.uk - 3126894",
      "credit": "Steven Haslington",
      "source_url": "https://commons.wikimedia.org/wiki/File:Stockport,_from_Stockport_Viaduct_-_geograph.org.uk_-_3126894.jpg",
      "licence": "CC BY-SA 2.0",
      "px": [
       1600,
       899
      ]
     }
    ],
    "confidence": "point-estimate",
    "boundary_source": "centroid estimate"
   },
   "geometry": {
    "type": "Point",
    "coordinates": [
     -2.168,
     53.408
    ]
   }
  },
  {
   "type": "Feature",
   "properties": {
    "id": "weir-mill",
    "name": "Weir Mill",
    "borough": "Stockport",
    "category": "housing",
    "status": "delivered",
    "lead": "Capital & Centric",
    "architects": null,
    "stated_area_ha": null,
    "homes": 253,
    "jobs": null,
    "commercial": "c.8 commercial units",
    "investment": "£60m",
    "milestone": "Opened Aug 2026.",
    "milestone_date": "2026-08",
    "summary": "Grade II mills + new build under the viaduct.",
    "links": [
     {
      "label": "Stockport MDC",
      "url": "https://stockportmdc.co.uk/stockports-newest-neighbourhood-weir-mill-set-to-open-its-doors/"
     }
    ],
    "images": [
     {
      "src": "assets/images/weir-mill/01.jpg",
      "caption": "Stockport's newest neighbourhood Weir Mill set to open its doors - Stockport MDC",
      "credit": "Stockport MDC",
      "source_url": "https://stockportmdc.co.uk/stockports-newest-neighbourhood-weir-mill-set-to-open-its-doors/",
      "licence": "all rights reserved — research use with attribution",
      "px": [
       1600,
       1073
      ]
     }
    ],
    "confidence": "land-supply-site",
    "boundary_source": "GMCA 2025 housing land supply site",
    "boundary_features": 1
   },
   "geometry": {
    "coordinates": [
     [
      [
       -2.165647,
       53.409183
      ],
      [
       -2.165132,
       53.408542
      ],
      [
       -2.165405,
       53.408476
      ],
      [
       -2.165907,
       53.40844
      ],
      [
       -2.166091,
       53.408445
      ],
      [
       -2.16652,
       53.408492
      ],
      [
       -2.166614,
       53.408522
      ],
      [
       -2.16679,
       53.409057
      ],
      [
       -2.166761,
       53.40906
      ],
      [
       -2.166761,
       53.409125
      ],
      [
       -2.166631,
       53.409134
      ],
      [
       -2.166611,
       53.40909
      ],
      [
       -2.165647,
       53.409183
      ]
     ]
    ],
    "type": "Polygon"
   }
  },
  {
   "type": "Feature",
   "properties": {
    "id": "stockport-interchange",
    "name": "Stockport Interchange",
    "borough": "Stockport",
    "category": "infrastructure",
    "status": "delivered",
    "lead": "Stockport Council, GMCA, TfGM; Willmott Dixon; BDP",
    "architects": "BDP",
    "stated_area_ha": null,
    "homes": 196,
    "jobs": null,
    "commercial": "18 bus stands; 2 ac Viaduct Park on roof; 14-storey tower",
    "investment": "£140m",
    "milestone": "Opened 19 Mar 2024.",
    "milestone_date": "2024-03",
    "summary": null,
    "links": [
     {
      "label": "PNW",
      "url": "https://www.placenorthwest.co.uk/140m-stockport-interchange-opens/"
     }
    ],
    "images": [
     {
      "src": "assets/images/stockport-interchange/01.jpg",
      "caption": "£140m Stockport Interchange opens  - Place North West",
      "credit": "Place North West",
      "source_url": "https://www.placenorthwest.co.uk/140m-stockport-interchange-opens/",
      "licence": "all rights reserved — research use with attribution",
      "px": [
       1024,
       576
      ]
     },
     {
      "src": "assets/images/stockport-interchange/02.jpg",
      "caption": "Buses at Stockport Interchange (geograph 7737783)",
      "credit": "Gerald England",
      "source_url": "https://commons.wikimedia.org/wiki/File:Buses_at_Stockport_Interchange_(geograph_7737783).jpg",
      "licence": "CC BY-SA 2.0",
      "px": [
       1600,
       1224
      ]
     },
     {
      "src": "assets/images/stockport-interchange/03.jpg",
      "caption": "StockportInterchange",
      "credit": "Biguana99",
      "source_url": "https://commons.wikimedia.org/wiki/File:StockportInterchange.jpg",
      "licence": "CC BY 4.0",
      "px": [
       1600,
       900
      ]
     }
    ],
    "confidence": "point-estimate",
    "boundary_source": "centroid estimate"
   },
   "geometry": {
    "type": "Point",
    "coordinates": [
     -2.1609,
     53.4069
    ]
   }
  },
  {
   "type": "Feature",
   "properties": {
    "id": "northern-gateway",
    "name": "Atom Valley Northern Gateway (PfE JPA1.1 Heywood/Pilsworth)",
    "borough": "Bury / Rochdale",
    "category": "employment",
    "status": "framework",
    "lead": "Northern Gateway Development Vehicle (Harworth + Russell LDP 50/50); Atom Valley Northern Gateway MDC (est. 19 Jan 2026)",
    "architects": null,
    "stated_area_ha": 650,
    "homes": 1000,
    "jobs": 10000,
    "commercial": "Ph1 outline up to 6.5m sq ft advanced manufacturing/logistics; c.13m sq ft across the site. HPARK 120 ac / 1.45m sq ft within.",
    "investment": "c.£630m Ph1",
    "milestone": "SPD adopted Mar 2025. Ph1 outline submitted Apr 2025 — no determination found as of Sep 2026. South Heywood c.1,000 homes, ~400 under construction.",
    "milestone_date": "2026-01",
    "summary": "Core of the Atom Valley MDZ (c.1.6m m², 20,000 jobs, 7,000 homes across the zone).",
    "links": [
     {
      "label": "Harworth",
      "url": "https://harworthgroup.com/2025/04/24/northern-gateway-employment-destination-takes-major-step-forward/"
     },
     {
      "label": "Atom Valley",
      "url": "https://www.atom-valley.co.uk/the-region/sites-and-zones/"
     }
    ],
    "images": [
     {
      "src": "assets/images/northern-gateway/01.jpg",
      "caption": "Northern Gateway employment destination takes major step forward - Harworth",
      "credit": "Harworth",
      "source_url": "https://harworthgroup.com/2025/04/24/northern-gateway-employment-destination-takes-major-step-forward/",
      "licence": "all rights reserved — research use with attribution",
      "px": [
       1600,
       800
      ]
     },
     {
      "src": "assets/images/northern-gateway/02.jpg",
      "caption": "Sites & Zones - Atom Valley Manchester",
      "credit": "Atom Valley Manchester",
      "source_url": "https://www.atom-valley.co.uk/the-region/sites-and-zones/",
      "licence": "all rights reserved — research use with attribution",
      "px": [
       1210,
       680
      ]
     }
    ],
    "confidence": "allocation-boundary",
    "boundary_source": "PfE 2024 allocation JPA1.1 (GMCA, OGL)",
    "boundary_features": 1
   },
   "geometry": {
    "coordinates": [
     [
      [
       -2.243213,
       53.561856
      ],
      [
       -2.243308,
       53.561687
      ],
      [
       -2.243672,
       53.561362
      ],
      [
       -2.24376,
       53.561263
      ],
      [
       -2.243889,
       53.561048
      ],
      [
       -2.244036,
       53.56092
      ],
      [
       -2.244315,
       53.560623
      ],
      [
       -2.245309,
       53.559947
      ],
      [
       -2.246164,
       53.559258
      ],
      [
       -2.246372,
       53.559049
      ],
      [
       -2.246579,
       53.558781
      ],
      [
       -2.247335,
       53.55808
      ],
      [
       -2.247841,
       53.557443
      ],
      [
       -2.247921,
       53.557424
      ],
      [
       -2.247961,
       53.557367
      ],
      [
       -2.247934,
       53.557337
      ],
      [
       -2.249068,
       53.55648
      ],
      [
       -2.249397,
       53.556196
      ],
      [
       -2.249924,
       53.555782
      ],
      [
       -2.250631,
       53.555271
      ],
      [
       -2.251704,
       53.554555
      ],
      [
       -2.252302,
       53.554198
      ],
      [
       -2.25262,
       53.554158
      ],
      [
       -2.252678,
       53.554116
      ],
      [
       -2.252686,
       53.553945
      ],
      [
       -2.25382,
       53.553385
      ],
      [
       -2.254676,
       53.553007
      ],
      [
       -2.254717,
       53.553014
      ],
      [
       -2.254819,
       53.55297
      ],
      [
       -2.255027,
       53.552827
      ],
      [
       -2.255713,
       53.552488
      ],
      [
       -2.25609,
       53.552346
      ],
      [
       -2.256586,
       53.55213
      ],
      [
       -2.256909,
       53.552015
      ],
      [
       -2.257178,
       53.551868
      ],
      [
       -2.258107,
       53.551451
      ],
      [
       -2.259286,
       53.550958
      ],
      [
       -2.259528,
       53.550893
      ],
      [
       -2.259822,
       53.550875
      ],
      [
       -2.260343,
       53.550951
      ],
      [
       -2.260585,
       53.551018
      ],
      [
       -2.261207,
       53.551317
      ],
      [
       -2.261807,
       53.551652
      ],
      [
       -2.262038,
       53.551801
      ],
      [
       -2.262251,
       53.552025
      ],
      [
       -2.262663,
       53.552274
      ],
      [
       -2.263083,
       53.552603
      ],
      [
       -2.263271,
       53.552802
      ],
      [
       -2.263698,
       53.553182
      ],
      [
       -2.264139,
       53.553608
      ],
      [
       -2.265143,
       53.55482
      ],
      [
       -2.265356,
       53.555214
      ],
      [
       -2.265713,
       53.555582
      ],
      [
       -2.265759,
       53.555781
      ],
      [
       -2.265742,
       53.55632
      ],
      [
       -2.266191,
       53.556926
      ],
      [
       -2.266323,
       53.557282
      ],
      [
       -2.266581,
       53.557635
      ],
      [
       -2.266832,
       53.557807
      ],
      [
       -2.266897,
       53.557967
      ],
      [
       -2.267128,
       53.558111
      ],
      [
       -2.267399,
       53.558666
      ],
      [
       -2.267505,
       53.558936
      ],
      [
       -2.268443,
       53.561568
      ],
      [
       -2.268667,
       53.561522
      ],
      [
       -2.269273,
       53.56323
      ],
      [
       -2.269689,
       53.564574
      ],
      [
       -2.270015,
       53.565757
      ],
      [
       -2.27029,
       53.566852
      ],
      [
       -2.270601,
       53.568312
      ],
      [
       -2.270718,
       53.56897
      ],
      [
       -2.270614,
       53.569119
      ],
      [
       -2.270641,
       53.569631
      ],
      [
       -2.270625,
       53.570028
      ],
      [
       -2.270576,
       53.570404
      ],
      [
       -2.270388,
       53.570744
      ],
      [
       -2.270109,
       53.570758
      ],
      [
       -2.269951,
       53.570963
      ],
      [
       -2.269828,
       53.571034
      ],
      [
       -2.269885,
       53.571089
      ],
      [
       -2.269823,
       53.571218
      ],
      [
       -2.269751,
       53.571167
      ],
      [
       -2.269716,
       53.571001
      ],
      [
       -2.26967,
       53.570947
      ],
      [
       -2.269049,
       53.570661
      ],
      [
       -2.268999,
       53.570579
      ],
      [
       -2.26894,
       53.570587
      ],
      [
       -2.268633,
       53.570409
      ],
      [
       -2.268377,
       53.570336
      ],
      [
       -2.268053,
       53.570318
      ],
      [
       -2.267523,
       53.570375
      ],
      [
       -2.267366,
       53.570411
      ],
      [
       -2.267348,
       53.570375
      ],
      [
       -2.267419,
       53.570261
      ],
      [
       -2.267337,
       53.570108
      ],
      [
       -2.267218,
       53.570054
      ],
      [
       -2.266975,
       53.569993
      ],
      [
       -2.266884,
       53.569952
      ],
      [
       -2.266833,
       53.569902
      ],
      [
       -2.266794,
       53.569773
      ],
      [
       -2.266665,
       53.569629
      ],
      [
       -2.266487,
       53.569563
      ],
      [
       -2.266316,
       53.569543
      ],
      [
       -2.266089,
       53.5696
      ],
      [
       -2.265813,
       53.569577
      ],
      [
       -2.265646,
       53.569495
      ],
      [
       -2.265628,
       53.56946
      ],
      [
       -2.265541,
       53.569509
      ],
      [
       -2.265518,
       53.569567
      ],
      [
       -2.265601,
       53.569677
      ],
      [
       -2.265758,
       53.570605
      ],
      [
       -2.265734,
       53.570647
      ],
      [
       -2.265663,
       53.570693
      ],
      [
       -2.265549,
       53.570719
      ],
      [
       -2.265334,
       53.570712
      ],
      [
       -2.265448,
       53.570904
      ],
      [
       -2.265003,
       53.570977
      ],
      [
       -2.264862,
       53.570964
      ],
      [
       -2.26486,
       53.570985
      ],
      [
       -2.264766,
       53.570958
      ],
      [
       -2.264493,
       53.570927
      ],
      [
       -2.26419,
       53.570962
      ],
      [
       -2.264027,
       53.570957
      ],
      [
       -2.263864,
       53.57099
      ],
      [
       -2.263488,
       53.570952
      ],
      [
       -2.263264,
       53.571004
      ],
      [
       -2.263098,
       53.570968
      ],
      [
       -2.262781,
       53.570959
      ],
      [
       -2.262684,
       53.571087
      ],
      [
       -2.262684,
       53.571132
      ],
      [
       -2.262618,
       53.571184
      ],
      [
       -2.262366,
       53.571305
      ],
      [
       -2.262334,
       53.571304
      ],
      [
       -2.262294,
       53.571278
      ],
      [
       -2.262233,
       53.571273
      ],
      [
       -2.262102,
       53.571304
      ],
      [
       -2.261989,
       53.57129
      ],
      [
       -2.261735,
       53.571325
      ],
      [
       -2.261678,
       53.571207
      ],
      [
       -2.261609,
       53.571152
      ],
      [
       -2.261456,
       53.571093
      ],
      [
       -2.261336,
       53.571092
      ],
      [
       -2.26112,
       53.571185
      ],
      [
       -2.26056,
       53.571346
      ],
      [
       -2.260462,
       53.571261
      ],
      [
       -2.260407,
       53.571236
      ],
      [
       -2.260285,
       53.571224
      ],
      [
       -2.259968,
       53.571303
      ],
      [
       -2.259676,
       53.571443
      ],
      [
       -2.259488,
       53.571502
      ],
      [
       -2.259201,
       53.571554
      ],
      [
       -2.258903,
       53.571588
      ],
      [
       -2.258725,
       53.57164
      ],
      [
       -2.258532,
       53.571745
      ],
      [
       -2.258141,
       53.571851
      ],
      [
       -2.257893,
       53.57197
      ],
      [
       -2.257379,
       53.572312
      ],
      [
       -2.257145,
       53.572514
      ],
      [
       -2.256518,
       53.572975
      ],
      [
       -2.256158,
       53.573105
      ],
      [
       -2.256081,
       53.57316
      ],
      [
       -2.256013,
       53.573289
      ],
      [
       -2.255963,
       53.573685
      ],
      [
       -2.25597,
       53.573838
      ],
      [
       -2.255998,
       53.573979
      ],
      [
       -2.256046,
       53.573974
      ],
      [
       -2.256206,
       53.574232
      ],
      [
       -2.256078,
       53.574485
      ],
      [
       -2.255935,
       53.574629
      ],
      [
       -2.255849,
       53.574762
      ],
      [
       -2.255759,
       53.5748
      ],
      [
       -2.255648,
       53.574897
      ],
      [
       -2.255399,
       53.575279
      ],
      [
       -2.255292,
       53.575338
      ],
      [
       -2.25481,
       53.575509
      ],
      [
       -2.25445,
       53.575694
      ],
      [
       -2.254174,
       53.575789
      ],
      [
       -2.254076,
       53.575896
      ],
      [
       -2.253863,
       53.576023
      ],
      [
       -2.25384,
       53.576065
      ],
      [
       -2.25378,
       53.576105
      ],
      [
       -2.253728,
       53.576222
      ],
      [
       -2.253572,
       53.576294
      ],
      [
       -2.253589,
       53.576347
      ],
      [
       -2.25356,
       53.576394
      ],
      [
       -2.253444,
       53.576413
      ],
      [
       -2.253295,
       53.576491
      ],
      [
       -2.253249,
       53.576546
      ],
      [
       -2.253071,
       53.576652
      ],
      [
       -2.25295,
       53.576764
      ],
      [
       -2.252781,
       53.576866
      ],
      [
       -2.252739,
       53.576911
      ],
      [
       -2.252656,
       53.576945
      ],
      [
       -2.252562,
       53.576942
      ],
      [
       -2.252267,
       53.577024
      ],
      [
       -2.251716,
       53.577113
      ],
      [
       -2.251366,
       53.577251
      ],
      [
       -2.251102,
       53.577468
      ],
      [
       -2.250751,
       53.577667
      ],
      [
       -2.250816,
       53.578432
      ],
      [
       -2.250257,
       53.578724
      ],
      [
       -2.250168,
       53.578684
      ],
      [
       -2.250008,
       53.578541
      ],
      [
       -2.249807,
       53.578518
      ],
      [
       -2.249765,
       53.57855
      ],
      [
       -2.249638,
       53.578571
      ],
      [
       -2.24925,
       53.578544
      ],
      [
       -2.248754,
       53.578539
      ],
      [
       -2.248033,
       53.578589
      ],
      [
       -2.248041,
       53.578629
      ],
      [
       -2.245766,
       53.578863
      ],
      [
       -2.245081,
       53.578998
      ],
      [
       -2.243071,
       53.579524
      ],
      [
       -2.241648,
       53.579831
      ],
      [
       -2.240883,
       53.58004
      ],
      [
       -2.240395,
       53.5802
      ],
      [
       -2.240114,
       53.580326
      ],
      [
       -2.237783,
       53.581503
      ],
      [
       -2.237768,
       53.581498
      ],
      [
       -2.237716,
       53.581538
      ],
      [
       -2.237101,
       53.581863
      ],
      [
       -2.236421,
       53.582164
      ],
      [
       -2.235953,
       53.582399
      ],
      [
       -2.235361,
       53.582775
      ],
      [
       -2.234766,
       53.583207
      ],
      [
       -2.234708,
       53.583239
      ],
      [
       -2.234618,
       53.583259
      ],
      [
       -2.234523,
       53.583242
      ],
      [
       -2.2334,
       53.582414
      ],
      [
       -2.230017,
       53.579811
      ],
      [
       -2.229729,
       53.579615
      ],
      [
       -2.229489,
       53.579483
      ],
      [
       -2.229336,
       53.579548
      ],
      [
       -2.229212,
       53.579568
      ],
      [
       -2.228696,
       53.579879
      ],
      [
       -2.228432,
       53.580161
      ],
      [
       -2.227708,
       53.580373
      ],
      [
       -2.227238,
       53.58054
      ],
      [
       -2.226629,
       53.580822
      ],
      [
       -2.225289,
       53.581544
      ],
      [
       -2.224903,
       53.581378
      ],
      [
       -2.224805,
       53.581305
      ],
      [
       -2.224401,
       53.581557
      ],
      [
       -2.223296,
       53.581477
      ],
      [
       -2.221619,
       53.581901
      ],
      [
       -2.220975,
       53.580537
      ],
      [
       -2.220919,
       53.580477
      ],
      [
       -2.223687,
       53.579779
      ],
      [
       -2.223166,
       53.579051
      ],
      [
       -2.220922,
       53.577874
      ],
      [
       -2.216761,
       53.576706
      ],
      [
       -2.214604,
       53.579467
      ],
      [
       -2.213589,
       53.579226
      ],
      [
       -2.213355,
       53.579197
      ],
      [
       -2.21277,
       53.579192
      ],
      [
       -2.212677,
       53.579245
      ],
      [
       -2.21225,
       53.579181
      ],
      [
       -2.212286,
       53.579044
      ],
      [
       -2.211164,
       53.579231
      ],
      [
       -2.21108,
       53.579249
      ],
      [
       -2.211084,
       53.579265
      ],
      [
       -2.210716,
       53.579347
      ],
      [
       -2.210117,
       53.578531
      ],
      [
       -2.210032,
       53.578538
      ],
      [
       -2.209692,
       53.578637
      ],
      [
       -2.207681,
       53.578761
      ],
      [
       -2.207648,
       53.578575
      ],
      [
       -2.207707,
       53.578573
      ],
      [
       -2.207792,
       53.57862
      ],
      [
       -2.208202,
       53.578595
      ],
      [
       -2.207956,
       53.577154
      ],
      [
       -2.207463,
       53.57719
      ],
      [
       -2.207565,
       53.577071
      ],
      [
       -2.207811,
       53.576922
      ],
      [
       -2.207953,
       53.576805
      ],
      [
       -2.208017,
       53.576724
      ],
      [
       -2.208086,
       53.576525
      ],
      [
       -2.208161,
       53.57642
      ],
      [
       -2.20823,
       53.57645
      ],
      [
       -2.208766,
       53.576161
      ],
      [
       -2.209122,
       53.575994
      ],
      [
       -2.209285,
       53.575879
      ],
      [
       -2.209313,
       53.575819
      ],
      [
       -2.209513,
       53.575742
      ],
      [
       -2.209793,
       53.575602
      ],
      [
       -2.210624,
       53.575309
      ],
      [
       -2.211849,
       53.574763
      ],
      [
       -2.213108,
       53.574092
      ],
      [
       -2.212958,
       53.573954
      ],
      [
       -2.21522,
       53.573074
      ],
      [
       -2.216541,
       53.572631
      ],
      [
       -2.219747,
       53.571683
      ],
      [
       -2.221397,
       53.571231
      ],
      [
       -2.225007,
       53.570292
      ],
      [
       -2.227967,
       53.569427
      ],
      [
       -2.22795,
       53.569384
      ],
      [
       -2.227878,
       53.56933
      ],
      [
       -2.229545,
       53.568739
      ],
      [
       -2.23128,
       53.568058
      ],
      [
       -2.232835,
       53.567407
      ],
      [
       -2.234661,
       53.566564
      ],
      [
       -2.234846,
       53.5666
      ],
      [
       -2.238369,
       53.56461
      ],
      [
       -2.238395,
       53.564626
      ],
      [
       -2.239676,
       53.563859
      ],
      [
       -2.239699,
       53.563871
      ],
      [
       -2.240335,
       53.563493
      ],
      [
       -2.240406,
       53.563434
      ],
      [
       -2.240504,
       53.563391
      ],
      [
       -2.241292,
       53.562928
      ],
      [
       -2.241925,
       53.562497
      ],
      [
       -2.24249,
       53.562163
      ],
      [
       -2.242772,
       53.562026
      ],
      [
       -2.243213,
       53.561856
      ]
     ]
    ],
    "type": "Polygon"
   }
  },
  {
   "type": "Feature",
   "properties": {
    "id": "simister-bowlee",
    "name": "Simister / Bowlee (PfE JPA1.2)",
    "borough": "Bury / Rochdale",
    "category": "housing",
    "status": "framework",
    "lead": "Bury Council; Rochdale BC",
    "architects": null,
    "stated_area_ha": null,
    "homes": 1550,
    "jobs": null,
    "commercial": "Primary school; 25% affordable",
    "investment": null,
    "milestone": "Draft site-specific development framework consultation 13 Feb–27 Mar 2026.",
    "milestone_date": "2026-03",
    "summary": null,
    "links": [
     {
      "label": "Bury",
      "url": "https://www.bury.gov.uk/planning-building-control/planning-policy/strategic-sites-5/simisterbowlee-northern-gateway"
     }
    ],
    "images": [
     {
      "src": "assets/images/simister-bowlee/02.jpg",
      "caption": "Simister , Simister Interchange - geograph.org.uk - 6360232",
      "credit": "Lewis Clarke",
      "source_url": "https://commons.wikimedia.org/wiki/File:Simister_,_Simister_Interchange_-_geograph.org.uk_-_6360232.jpg",
      "licence": "CC BY-SA 2.0",
      "px": [
       1600,
       1067
      ]
     }
    ],
    "confidence": "allocation-boundary",
    "boundary_source": "PfE 2024 allocation JPA1.2 (GMCA, OGL)",
    "boundary_features": 1
   },
   "geometry": {
    "coordinates": [
     [
      [
       -2.235991,
       53.54945
      ],
      [
       -2.233977,
       53.549625
      ],
      [
       -2.233507,
       53.549447
      ],
      [
       -2.233001,
       53.549215
      ],
      [
       -2.232725,
       53.549118
      ],
      [
       -2.231698,
       53.548678
      ],
      [
       -2.231268,
       53.548514
      ],
      [
       -2.231007,
       53.548506
      ],
      [
       -2.229666,
       53.547814
      ],
      [
       -2.228188,
       53.547078
      ],
      [
       -2.227559,
       53.54679
      ],
      [
       -2.227158,
       53.546562
      ],
      [
       -2.226577,
       53.546152
      ],
      [
       -2.228265,
       53.545774
      ],
      [
       -2.228366,
       53.545982
      ],
      [
       -2.228683,
       53.545926
      ],
      [
       -2.228629,
       53.545758
      ],
      [
       -2.229011,
       53.5456
      ],
      [
       -2.228823,
       53.545488
      ],
      [
       -2.22876,
       53.545383
      ],
      [
       -2.228415,
       53.545486
      ],
      [
       -2.228031,
       53.544901
      ],
      [
       -2.228361,
       53.544881
      ],
      [
       -2.228393,
       53.544727
      ],
      [
       -2.230386,
       53.544153
      ],
      [
       -2.232125,
       53.543946
      ],
      [
       -2.232907,
       53.544107
      ],
      [
       -2.234013,
       53.543805
      ],
      [
       -2.234282,
       53.543765
      ],
      [
       -2.23427,
       53.543731
      ],
      [
       -2.235132,
       53.543665
      ],
      [
       -2.235152,
       53.543759
      ],
      [
       -2.235664,
       53.543722
      ],
      [
       -2.235665,
       53.543632
      ],
      [
       -2.235574,
       53.543202
      ],
      [
       -2.235603,
       53.54314
      ],
      [
       -2.236124,
       53.542778
      ],
      [
       -2.236103,
       53.542756
      ],
      [
       -2.236731,
       53.542318
      ],
      [
       -2.236799,
       53.542306
      ],
      [
       -2.237046,
       53.542133
      ],
      [
       -2.237177,
       53.542069
      ],
      [
       -2.237266,
       53.541997
      ],
      [
       -2.237272,
       53.541972
      ],
      [
       -2.237496,
       53.541816
      ],
      [
       -2.237873,
       53.541423
      ],
      [
       -2.238322,
       53.541183
      ],
      [
       -2.237984,
       53.540989
      ],
      [
       -2.237952,
       53.541008
      ],
      [
       -2.23793,
       53.540998
      ],
      [
       -2.237393,
       53.540656
      ],
      [
       -2.237268,
       53.540616
      ],
      [
       -2.236964,
       53.540606
      ],
      [
       -2.237298,
       53.540537
      ],
      [
       -2.237594,
       53.54054
      ],
      [
       -2.23776,
       53.540578
      ],
      [
       -2.23928,
       53.541096
      ],
      [
       -2.24022,
       53.541432
      ],
      [
       -2.240701,
       53.54162
      ],
      [
       -2.241634,
       53.54203
      ],
      [
       -2.242489,
       53.542431
      ],
      [
       -2.24467,
       53.543513
      ],
      [
       -2.24589,
       53.544015
      ],
      [
       -2.245801,
       53.544092
      ],
      [
       -2.245719,
       53.54406
      ],
      [
       -2.245677,
       53.544097
      ],
      [
       -2.247351,
       53.545411
      ],
      [
       -2.24764,
       53.545661
      ],
      [
       -2.248339,
       53.546339
      ],
      [
       -2.248267,
       53.546404
      ],
      [
       -2.247603,
       53.546663
      ],
      [
       -2.24714,
       53.546865
      ],
      [
       -2.2463,
       53.547372
      ],
      [
       -2.245872,
       53.547566
      ],
      [
       -2.244988,
       53.548087
      ],
      [
       -2.244738,
       53.548202
      ],
      [
       -2.244364,
       53.548309
      ],
      [
       -2.244278,
       53.548299
      ],
      [
       -2.244218,
       53.548273
      ],
      [
       -2.243309,
       53.548255
      ],
      [
       -2.242899,
       53.548295
      ],
      [
       -2.24281,
       53.548292
      ],
      [
       -2.242572,
       53.548344
      ],
      [
       -2.242642,
       53.548577
      ],
      [
       -2.242689,
       53.548596
      ],
      [
       -2.242692,
       53.548622
      ],
      [
       -2.242742,
       53.548647
      ],
      [
       -2.242755,
       53.548701
      ],
      [
       -2.242824,
       53.548725
      ],
      [
       -2.242832,
       53.548762
      ],
      [
       -2.242906,
       53.548825
      ],
      [
       -2.24294,
       53.548945
      ],
      [
       -2.24291,
       53.549009
      ],
      [
       -2.243039,
       53.549328
      ],
      [
       -2.243089,
       53.549363
      ],
      [
       -2.243062,
       53.549413
      ],
      [
       -2.243101,
       53.549539
      ],
      [
       -2.243131,
       53.549572
      ],
      [
       -2.243208,
       53.549581
      ],
      [
       -2.243249,
       53.549605
      ],
      [
       -2.243419,
       53.549815
      ],
      [
       -2.243582,
       53.550097
      ],
      [
       -2.243551,
       53.550229
      ],
      [
       -2.243569,
       53.5504
      ],
      [
       -2.243495,
       53.550754
      ],
      [
       -2.243401,
       53.550803
      ],
      [
       -2.243259,
       53.550928
      ],
      [
       -2.242999,
       53.551083
      ],
      [
       -2.242395,
       53.55134
      ],
      [
       -2.242431,
       53.551427
      ],
      [
       -2.242362,
       53.551526
      ],
      [
       -2.242443,
       53.55161
      ],
      [
       -2.242425,
       53.551642
      ],
      [
       -2.242533,
       53.55176
      ],
      [
       -2.242568,
       53.551861
      ],
      [
       -2.242465,
       53.552038
      ],
      [
       -2.242197,
       53.552373
      ],
      [
       -2.242075,
       53.552495
      ],
      [
       -2.241718,
       53.55271
      ],
      [
       -2.24063,
       53.5531
      ],
      [
       -2.240271,
       53.553194
      ],
      [
       -2.239859,
       53.553262
      ],
      [
       -2.239076,
       53.553333
      ],
      [
       -2.238332,
       53.55346
      ],
      [
       -2.237786,
       53.553584
      ],
      [
       -2.237562,
       53.553742
      ],
      [
       -2.237487,
       53.553678
      ],
      [
       -2.237407,
       53.553653
      ],
      [
       -2.237356,
       53.55349
      ],
      [
       -2.236278,
       53.551087
      ],
      [
       -2.235991,
       53.54945
      ]
     ]
    ],
    "type": "Polygon"
   }
  },
  {
   "type": "Feature",
   "properties": {
    "id": "stakehill",
    "name": "Stakehill (PfE JPA2)",
    "borough": "Rochdale / Oldham",
    "category": "mixed",
    "status": "framework",
    "lead": "Stakehill Project Board; JP Milne Will Trust (62 ac)",
    "architects": null,
    "stated_area_ha": null,
    "homes": 1680,
    "jobs": null,
    "commercial": "150,000 m² employment (35k Rochdale / 115k Oldham)",
    "investment": null,
    "milestone": "314 homes + 140k sq ft application at Rochdale committee 2025 (outcome unverified). Infrastructure-led masterplan in prep.",
    "milestone_date": "2025-09",
    "summary": null,
    "links": [
     {
      "label": "PNW",
      "url": "https://www.placenorthwest.co.uk/rochdale-to-hear-pitch-for-300-homes-industrial-at-atom-valley/"
     }
    ],
    "images": [
     {
      "src": "assets/images/stakehill/01.jpg",
      "caption": "Rochdale to hear pitch for 300 homes, industrial at Atom Valley - Place North West",
      "credit": "Place North West",
      "source_url": "https://www.placenorthwest.co.uk/rochdale-to-hear-pitch-for-300-homes-industrial-at-atom-valley/",
      "licence": "all rights reserved — research use with attribution",
      "px": [
       698,
       558
      ]
     },
     {
      "src": "assets/images/stakehill/02.jpg",
      "caption": "RDM, Stakehill - geograph.org.uk - 3895284",
      "credit": "Steven Haslington",
      "source_url": "https://commons.wikimedia.org/wiki/File:RDM,_Stakehill_-_geograph.org.uk_-_3895284.jpg",
      "licence": "CC BY-SA 2.0",
      "px": [
       1600,
       900
      ]
     },
     {
      "src": "assets/images/stakehill/03.jpg",
      "caption": "Stakehill Industrial Estate - geograph.org.uk - 2504373",
      "credit": "Bill Boaden",
      "source_url": "https://commons.wikimedia.org/wiki/File:Stakehill_Industrial_Estate_-_geograph.org.uk_-_2504373.jpg",
      "licence": "CC BY-SA 2.0",
      "px": [
       1600,
       1071
      ]
     }
    ],
    "confidence": "allocation-boundary",
    "boundary_source": "PfE 2024 allocation JPA2 (GMCA, OGL)",
    "boundary_features": 1
   },
   "geometry": {
    "coordinates": [
     [
      [
       [
        -2.171598,
        53.55802
       ],
       [
        -2.171936,
        53.560029
       ],
       [
        -2.171138,
        53.560209
       ],
       [
        -2.17038,
        53.560686
       ],
       [
        -2.168826,
        53.561496
       ],
       [
        -2.166614,
        53.562831
       ],
       [
        -2.164541,
        53.563774
       ],
       [
        -2.163405,
        53.564453
       ],
       [
        -2.162706,
        53.564549
       ],
       [
        -2.162587,
        53.564763
       ],
       [
        -2.161456,
        53.565733
       ],
       [
        -2.161256,
        53.565933
       ],
       [
        -2.161115,
        53.566118
       ],
       [
        -2.160595,
        53.566543
       ],
       [
        -2.160483,
        53.56661
       ],
       [
        -2.160249,
        53.566704
       ],
       [
        -2.160044,
        53.566513
       ],
       [
        -2.160134,
        53.56641
       ],
       [
        -2.159934,
        53.566296
       ],
       [
        -2.159862,
        53.566299
       ],
       [
        -2.159599,
        53.566399
       ],
       [
        -2.159007,
        53.566683
       ],
       [
        -2.159408,
        53.56698
       ],
       [
        -2.158882,
        53.56719
       ],
       [
        -2.159234,
        53.567495
       ],
       [
        -2.15955,
        53.567386
       ],
       [
        -2.159809,
        53.567771
       ],
       [
        -2.159703,
        53.567796
       ],
       [
        -2.159617,
        53.567791
       ],
       [
        -2.159705,
        53.567952
       ],
       [
        -2.15941,
        53.568026
       ],
       [
        -2.159376,
        53.567993
       ],
       [
        -2.159262,
        53.568031
       ],
       [
        -2.159493,
        53.568238
       ],
       [
        -2.159755,
        53.568349
       ],
       [
        -2.159776,
        53.568444
       ],
       [
        -2.159932,
        53.568524
       ],
       [
        -2.160009,
        53.568526
       ],
       [
        -2.160172,
        53.568583
       ],
       [
        -2.160014,
        53.568939
       ],
       [
        -2.160481,
        53.56918
       ],
       [
        -2.160582,
        53.56936
       ],
       [
        -2.160691,
        53.569449
       ],
       [
        -2.161262,
        53.569007
       ],
       [
        -2.161489,
        53.56913
       ],
       [
        -2.161539,
        53.569219
       ],
       [
        -2.161957,
        53.569432
       ],
       [
        -2.162188,
        53.5693
       ],
       [
        -2.162378,
        53.56938
       ],
       [
        -2.163308,
        53.569676
       ],
       [
        -2.164115,
        53.570069
       ],
       [
        -2.164125,
        53.570109
       ],
       [
        -2.164313,
        53.57021
       ],
       [
        -2.163628,
        53.570527
       ],
       [
        -2.163836,
        53.570688
       ],
       [
        -2.163766,
        53.570717
       ],
       [
        -2.163955,
        53.570855
       ],
       [
        -2.164738,
        53.570517
       ],
       [
        -2.165093,
        53.57079
       ],
       [
        -2.165619,
        53.571089
       ],
       [
        -2.165124,
        53.571378
       ],
       [
        -2.166189,
        53.572018
       ],
       [
        -2.165965,
        53.57222
       ],
       [
        -2.165851,
        53.572196
       ],
       [
        -2.16559,
        53.572381
       ],
       [
        -2.166268,
        53.572676
       ],
       [
        -2.166428,
        53.572544
       ],
       [
        -2.166568,
        53.572606
       ],
       [
        -2.166894,
        53.572344
       ],
       [
        -2.166837,
        53.57232
       ],
       [
        -2.166864,
        53.572298
       ],
       [
        -2.166844,
        53.572272
       ],
       [
        -2.167045,
        53.572228
       ],
       [
        -2.167221,
        53.572131
       ],
       [
        -2.167359,
        53.572081
       ],
       [
        -2.16735,
        53.572048
       ],
       [
        -2.167387,
        53.572017
       ],
       [
        -2.167479,
        53.571998
       ],
       [
        -2.170616,
        53.571894
       ],
       [
        -2.170636,
        53.572153
       ],
       [
        -2.173583,
        53.572056
       ],
       [
        -2.17356,
        53.572098
       ],
       [
        -2.173458,
        53.572214
       ],
       [
        -2.173242,
        53.572267
       ],
       [
        -2.172577,
        53.572613
       ],
       [
        -2.172034,
        53.572807
       ],
       [
        -2.171809,
        53.57293
       ],
       [
        -2.170588,
        53.573317
       ],
       [
        -2.170444,
        53.573327
       ],
       [
        -2.169617,
        53.573492
       ],
       [
        -2.169345,
        53.573329
       ],
       [
        -2.169273,
        53.573303
       ],
       [
        -2.168213,
        53.57314
       ],
       [
        -2.168073,
        53.573171
       ],
       [
        -2.168219,
        53.573283
       ],
       [
        -2.168048,
        53.573363
       ],
       [
        -2.167993,
        53.573352
       ],
       [
        -2.167974,
        53.573388
       ],
       [
        -2.167886,
        53.573379
       ],
       [
        -2.168286,
        53.573692
       ],
       [
        -2.168238,
        53.573675
       ],
       [
        -2.167864,
        53.573691
       ],
       [
        -2.167362,
        53.57376
       ],
       [
        -2.167202,
        53.57376
       ],
       [
        -2.166969,
        53.573751
       ],
       [
        -2.166253,
        53.573678
       ],
       [
        -2.165561,
        53.573663
       ],
       [
        -2.164603,
        53.573754
       ],
       [
        -2.164587,
        53.573798
       ],
       [
        -2.161506,
        53.573658
       ],
       [
        -2.161204,
        53.573626
       ],
       [
        -2.161067,
        53.573576
       ],
       [
        -2.160679,
        53.573373
       ],
       [
        -2.160575,
        53.573265
       ],
       [
        -2.158964,
        53.570713
       ],
       [
        -2.157677,
        53.568568
       ],
       [
        -2.157279,
        53.567945
       ],
       [
        -2.156595,
        53.566936
       ],
       [
        -2.155971,
        53.566063
       ],
       [
        -2.156046,
        53.566029
       ],
       [
        -2.155578,
        53.565261
       ],
       [
        -2.155234,
        53.564375
       ],
       [
        -2.155917,
        53.563788
       ],
       [
        -2.157607,
        53.563595
       ],
       [
        -2.158352,
        53.563309
       ],
       [
        -2.158324,
        53.563261
       ],
       [
        -2.159283,
        53.562957
       ],
       [
        -2.16,
        53.562748
       ],
       [
        -2.159935,
        53.56267
       ],
       [
        -2.159597,
        53.562432
       ],
       [
        -2.159503,
        53.562313
       ],
       [
        -2.159403,
        53.562255
       ],
       [
        -2.159719,
        53.562189
       ],
       [
        -2.16061,
        53.56176
       ],
       [
        -2.160102,
        53.561317
       ],
       [
        -2.160261,
        53.560968
       ],
       [
        -2.160303,
        53.560954
       ],
       [
        -2.159964,
        53.560049
       ],
       [
        -2.159683,
        53.559795
       ],
       [
        -2.159123,
        53.559431
       ],
       [
        -2.159442,
        53.559225
       ],
       [
        -2.15964,
        53.558884
       ],
       [
        -2.160202,
        53.558909
       ],
       [
        -2.16106,
        53.558855
       ],
       [
        -2.161517,
        53.558857
       ],
       [
        -2.161436,
        53.558509
       ],
       [
        -2.160661,
        53.557749
       ],
       [
        -2.162151,
        53.557525
       ],
       [
        -2.16299,
        53.557579
       ],
       [
        -2.163162,
        53.557222
       ],
       [
        -2.164651,
        53.556824
       ],
       [
        -2.166528,
        53.556702
       ],
       [
        -2.167617,
        53.55594
       ],
       [
        -2.168818,
        53.556165
       ],
       [
        -2.169065,
        53.556117
       ],
       [
        -2.169453,
        53.556201
       ],
       [
        -2.169899,
        53.556235
       ],
       [
        -2.171121,
        53.556191
       ],
       [
        -2.171501,
        53.556191
       ],
       [
        -2.171532,
        53.556445
       ],
       [
        -2.171542,
        53.55719
       ],
       [
        -2.171588,
        53.557483
       ],
       [
        -2.171598,
        53.55802
       ]
      ]
     ],
     [
      [
       [
        -2.173657,
        53.578659
       ],
       [
        -2.173506,
        53.579409
       ],
       [
        -2.173654,
        53.579421
       ],
       [
        -2.17361,
        53.579733
       ],
       [
        -2.173416,
        53.579759
       ],
       [
        -2.173434,
        53.579678
       ],
       [
        -2.172605,
        53.579787
       ],
       [
        -2.172574,
        53.579883
       ],
       [
        -2.171183,
        53.58009
       ],
       [
        -2.170127,
        53.579925
       ],
       [
        -2.169675,
        53.580374
       ],
       [
        -2.169597,
        53.580376
       ],
       [
        -2.169518,
        53.580493
       ],
       [
        -2.169515,
        53.580552
       ],
       [
        -2.169432,
        53.580544
       ],
       [
        -2.169288,
        53.580785
       ],
       [
        -2.169212,
        53.58108
       ],
       [
        -2.169447,
        53.581087
       ],
       [
        -2.169467,
        53.581047
       ],
       [
        -2.169544,
        53.581052
       ],
       [
        -2.169547,
        53.581033
       ],
       [
        -2.169731,
        53.581025
       ],
       [
        -2.169711,
        53.581081
       ],
       [
        -2.169809,
        53.581182
       ],
       [
        -2.169951,
        53.581235
       ],
       [
        -2.170215,
        53.581297
       ],
       [
        -2.169581,
        53.582031
       ],
       [
        -2.169511,
        53.582148
       ],
       [
        -2.169682,
        53.582158
       ],
       [
        -2.170851,
        53.583883
       ],
       [
        -2.169614,
        53.584237
       ],
       [
        -2.169715,
        53.584327
       ],
       [
        -2.169738,
        53.584373
       ],
       [
        -2.169812,
        53.584363
       ],
       [
        -2.169861,
        53.584458
       ],
       [
        -2.170195,
        53.584374
       ],
       [
        -2.17031,
        53.584509
       ],
       [
        -2.170281,
        53.58453
       ],
       [
        -2.170638,
        53.584647
       ],
       [
        -2.170661,
        53.584625
       ],
       [
        -2.170838,
        53.584688
       ],
       [
        -2.170862,
        53.584732
       ],
       [
        -2.171044,
        53.584799
       ],
       [
        -2.171255,
        53.584791
       ],
       [
        -2.171545,
        53.584745
       ],
       [
        -2.171779,
        53.584817
       ],
       [
        -2.171794,
        53.584799
       ],
       [
        -2.171903,
        53.584831
       ],
       [
        -2.171887,
        53.584851
       ],
       [
        -2.171994,
        53.584882
       ],
       [
        -2.172027,
        53.584837
       ],
       [
        -2.172247,
        53.584894
       ],
       [
        -2.17226,
        53.584874
       ],
       [
        -2.172848,
        53.585007
       ],
       [
        -2.172812,
        53.585056
       ],
       [
        -2.173007,
        53.585099
       ],
       [
        -2.173037,
        53.585054
       ],
       [
        -2.173139,
        53.585069
       ],
       [
        -2.173559,
        53.584979
       ],
       [
        -2.173677,
        53.58484
       ],
       [
        -2.173698,
        53.584844
       ],
       [
        -2.173843,
        53.584708
       ],
       [
        -2.173899,
        53.584669
       ],
       [
        -2.174022,
        53.584635
       ],
       [
        -2.174133,
        53.58496
       ],
       [
        -2.174491,
        53.584928
       ],
       [
        -2.174617,
        53.584958
       ],
       [
        -2.17467,
        53.584952
       ],
       [
        -2.174816,
        53.585318
       ],
       [
        -2.174636,
        53.585385
       ],
       [
        -2.17357,
        53.585535
       ],
       [
        -2.173422,
        53.585529
       ],
       [
        -2.171926,
        53.585606
       ],
       [
        -2.171574,
        53.585774
       ],
       [
        -2.171134,
        53.585801
       ],
       [
        -2.170248,
        53.585816
       ],
       [
        -2.170033,
        53.585815
       ],
       [
        -2.169334,
        53.58577
       ],
       [
        -2.168193,
        53.585617
       ],
       [
        -2.168027,
        53.585634
       ],
       [
        -2.167896,
        53.585609
       ],
       [
        -2.16747,
        53.585566
       ],
       [
        -2.166831,
        53.585607
       ],
       [
        -2.16641,
        53.585608
       ],
       [
        -2.166062,
        53.585542
       ],
       [
        -2.16546,
        53.585538
       ],
       [
        -2.165119,
        53.585429
       ],
       [
        -2.163951,
        53.585406
       ],
       [
        -2.163918,
        53.585337
       ],
       [
        -2.160171,
        53.585642
       ],
       [
        -2.159811,
        53.585653
       ],
       [
        -2.159474,
        53.585614
       ],
       [
        -2.158575,
        53.585417
       ],
       [
        -2.158278,
        53.58538
       ],
       [
        -2.158262,
        53.585294
       ],
       [
        -2.158114,
        53.585034
       ],
       [
        -2.158088,
        53.58476
       ],
       [
        -2.158094,
        53.584471
       ],
       [
        -2.158343,
        53.583837
       ],
       [
        -2.15824,
        53.583603
       ],
       [
        -2.158481,
        53.583386
       ],
       [
        -2.158673,
        53.583256
       ],
       [
        -2.158865,
        53.582901
       ],
       [
        -2.158905,
        53.58275
       ],
       [
        -2.15892,
        53.582201
       ],
       [
        -2.159138,
        53.581808
       ],
       [
        -2.159532,
        53.580981
       ],
       [
        -2.159986,
        53.580273
       ],
       [
        -2.160423,
        53.579428
       ],
       [
        -2.160891,
        53.578287
       ],
       [
        -2.160522,
        53.578235
       ],
       [
        -2.160649,
        53.577924
       ],
       [
        -2.160852,
        53.577274
       ],
       [
        -2.161104,
        53.576145
       ],
       [
        -2.161136,
        53.575799
       ],
       [
        -2.16113,
        53.575293
       ],
       [
        -2.161015,
        53.574321
       ],
       [
        -2.161023,
        53.574217
       ],
       [
        -2.161075,
        53.574105
       ],
       [
        -2.161155,
        53.574019
       ],
       [
        -2.161286,
        53.573929
       ],
       [
        -2.16146,
        53.573895
       ],
       [
        -2.161623,
        53.573892
       ],
       [
        -2.164981,
        53.574045
       ],
       [
        -2.167411,
        53.574139
       ],
       [
        -2.168405,
        53.574115
       ],
       [
        -2.168828,
        53.574082
       ],
       [
        -2.169355,
        53.574021
       ],
       [
        -2.170106,
        53.573898
       ],
       [
        -2.170487,
        53.573813
       ],
       [
        -2.171323,
        53.573585
       ],
       [
        -2.171824,
        53.573409
       ],
       [
        -2.172226,
        53.573248
       ],
       [
        -2.172892,
        53.572927
       ],
       [
        -2.173883,
        53.572365
       ],
       [
        -2.173857,
        53.57234
       ],
       [
        -2.174052,
        53.572257
       ],
       [
        -2.174249,
        53.572199
       ],
       [
        -2.174699,
        53.572114
       ],
       [
        -2.174897,
        53.572113
       ],
       [
        -2.175056,
        53.572148
       ],
       [
        -2.175132,
        53.572187
       ],
       [
        -2.175204,
        53.572263
       ],
       [
        -2.175219,
        53.572309
       ],
       [
        -2.175187,
        53.572329
       ],
       [
        -2.174965,
        53.57234
       ],
       [
        -2.175032,
        53.572691
       ],
       [
        -2.174988,
        53.572694
       ],
       [
        -2.175026,
        53.572987
       ],
       [
        -2.174945,
        53.572989
       ],
       [
        -2.174967,
        53.573111
       ],
       [
        -2.17482,
        53.573143
       ],
       [
        -2.174749,
        53.573199
       ],
       [
        -2.17474,
        53.573235
       ],
       [
        -2.174759,
        53.573274
       ],
       [
        -2.17488,
        53.573332
       ],
       [
        -2.174923,
        53.573408
       ],
       [
        -2.174866,
        53.57341
       ],
       [
        -2.174882,
        53.573481
       ],
       [
        -2.174909,
        53.573479
       ],
       [
        -2.174953,
        53.573551
       ],
       [
        -2.174908,
        53.573554
       ],
       [
        -2.174935,
        53.573684
       ],
       [
        -2.174862,
        53.573699
       ],
       [
        -2.174998,
        53.573929
       ],
       [
        -2.175172,
        53.574039
       ],
       [
        -2.174729,
        53.57414
       ],
       [
        -2.174696,
        53.57409
       ],
       [
        -2.173919,
        53.57427
       ],
       [
        -2.174114,
        53.574552
       ],
       [
        -2.172473,
        53.57493
       ],
       [
        -2.172669,
        53.575234
       ],
       [
        -2.173862,
        53.574988
       ],
       [
        -2.173852,
        53.574975
       ],
       [
        -2.174039,
        53.574926
       ],
       [
        -2.174402,
        53.574851
       ],
       [
        -2.174547,
        53.575106
       ],
       [
        -2.174422,
        53.575169
       ],
       [
        -2.174251,
        53.575322
       ],
       [
        -2.174847,
        53.575401
       ],
       [
        -2.174793,
        53.575687
       ],
       [
        -2.174598,
        53.575675
       ],
       [
        -2.174587,
        53.575742
       ],
       [
        -2.174294,
        53.575722
       ],
       [
        -2.174221,
        53.575973
       ],
       [
        -2.173538,
        53.575931
       ],
       [
        -2.173454,
        53.576494
       ],
       [
        -2.173288,
        53.576858
       ],
       [
        -2.172646,
        53.576765
       ],
       [
        -2.172065,
        53.577246
       ],
       [
        -2.173359,
        53.578116
       ],
       [
        -2.173861,
        53.577896
       ],
       [
        -2.174561,
        53.577403
       ],
       [
        -2.174752,
        53.576993
       ],
       [
        -2.174804,
        53.576807
       ],
       [
        -2.174861,
        53.576778
       ],
       [
        -2.175006,
        53.576811
       ],
       [
        -2.174887,
        53.578203
       ],
       [
        -2.174864,
        53.578846
       ],
       [
        -2.173657,
        53.578659
       ]
      ]
     ]
    ],
    "type": "MultiPolygon"
   }
  },
  {
   "type": "Feature",
   "properties": {
    "id": "kingsway",
    "name": "Kingsway Business Park / SMMC",
    "borough": "Rochdale",
    "category": "employment",
    "status": "on-site",
    "lead": "Wilson Bowden + Homes England + RDA + Rochdale BC",
    "architects": null,
    "stated_area_ha": null,
    "homes": null,
    "jobs": null,
    "commercial": "c.3.4m sq ft; SMMC 2,724 m² innovation hub (summer 2026)",
    "investment": null,
    "milestone": "SMMC completing summer 2026; occupier/funding still being agreed.",
    "milestone_date": "2026-07",
    "summary": "M62 J21.",
    "links": [
     {
      "label": "Invest in Rochdale",
      "url": "https://www.investinrochdale.co.uk/major-projects/atom-valley"
     }
    ],
    "images": [
     {
      "src": "assets/images/kingsway/02.jpg",
      "caption": "(Unopened) Kingsway Business Park Metrolink station",
      "credit": "Jza84",
      "source_url": "https://commons.wikimedia.org/wiki/File:(Unopened)_Kingsway_Business_Park_Metrolink_station.jpg",
      "licence": "CC BY-SA 3.0",
      "px": [
       1600,
       899
      ]
     },
     {
      "src": "assets/images/kingsway/03.jpg",
      "caption": "Kingsway Business Park Metrolink Stop - geograph.org.uk - 3693060",
      "credit": "David Dixon",
      "source_url": "https://commons.wikimedia.org/wiki/File:Kingsway_Business_Park_Metrolink_Stop_-_geograph.org.uk_-_3693060.jpg",
      "licence": "CC BY-SA 2.0",
      "px": [
       640,
       484
      ]
     }
    ],
    "confidence": "land-supply-site",
    "boundary_source": "GMCA 2025 industrial land supply site EMP01",
    "boundary_features": 1
   },
   "geometry": {
    "coordinates": [
     [
      [
       -2.133352,
       53.597048
      ],
      [
       -2.134963,
       53.596835
      ],
      [
       -2.135512,
       53.597287
      ],
      [
       -2.135732,
       53.597541
      ],
      [
       -2.135749,
       53.597588
      ],
      [
       -2.135726,
       53.597654
      ],
      [
       -2.135627,
       53.597751
      ],
      [
       -2.135316,
       53.598148
      ],
      [
       -2.135235,
       53.598222
      ],
      [
       -2.135076,
       53.598441
      ],
      [
       -2.134923,
       53.598997
      ],
      [
       -2.134899,
       53.599176
      ],
      [
       -2.134769,
       53.599387
      ],
      [
       -2.134163,
       53.599901
      ],
      [
       -2.133821,
       53.600167
      ],
      [
       -2.133693,
       53.60024
      ],
      [
       -2.133492,
       53.600286
      ],
      [
       -2.134782,
       53.601308
      ],
      [
       -2.134049,
       53.601541
      ],
      [
       -2.133949,
       53.601593
      ],
      [
       -2.133614,
       53.601705
      ],
      [
       -2.133251,
       53.601958
      ],
      [
       -2.132957,
       53.602198
      ],
      [
       -2.132876,
       53.60223
      ],
      [
       -2.132577,
       53.60225
      ],
      [
       -2.132322,
       53.602289
      ],
      [
       -2.132491,
       53.602835
      ],
      [
       -2.132424,
       53.602851
      ],
      [
       -2.132444,
       53.602896
      ],
      [
       -2.133131,
       53.60354
      ],
      [
       -2.133196,
       53.603867
      ],
      [
       -2.13323,
       53.604266
      ],
      [
       -2.132806,
       53.604313
      ],
      [
       -2.131496,
       53.604516
      ],
      [
       -2.131196,
       53.60454
      ],
      [
       -2.131491,
       53.60495
      ],
      [
       -2.131601,
       53.605069
      ],
      [
       -2.132139,
       53.605404
      ],
      [
       -2.132131,
       53.605565
      ],
      [
       -2.133369,
       53.606371
      ],
      [
       -2.134545,
       53.606855
      ],
      [
       -2.134617,
       53.606865
      ],
      [
       -2.134728,
       53.606854
      ],
      [
       -2.135095,
       53.606725
      ],
      [
       -2.135198,
       53.606715
      ],
      [
       -2.136049,
       53.607088
      ],
      [
       -2.135979,
       53.60716
      ],
      [
       -2.135949,
       53.607235
      ],
      [
       -2.135745,
       53.607429
      ],
      [
       -2.13555,
       53.607659
      ],
      [
       -2.135365,
       53.607928
      ],
      [
       -2.135227,
       53.608193
      ],
      [
       -2.135244,
       53.608205
      ],
      [
       -2.134974,
       53.60891
      ],
      [
       -2.1348,
       53.608978
      ],
      [
       -2.134725,
       53.608905
      ],
      [
       -2.134426,
       53.609025
      ],
      [
       -2.1341,
       53.609187
      ],
      [
       -2.133906,
       53.609312
      ],
      [
       -2.133309,
       53.609613
      ],
      [
       -2.132756,
       53.610039
      ],
      [
       -2.131711,
       53.610684
      ],
      [
       -2.131609,
       53.610715
      ],
      [
       -2.13153,
       53.610848
      ],
      [
       -2.130746,
       53.611352
      ],
      [
       -2.130688,
       53.611415
      ],
      [
       -2.129636,
       53.612139
      ],
      [
       -2.129481,
       53.612089
      ],
      [
       -2.128974,
       53.611979
      ],
      [
       -2.128458,
       53.611815
      ],
      [
       -2.128106,
       53.611725
      ],
      [
       -2.127464,
       53.611623
      ],
      [
       -2.126484,
       53.611522
      ],
      [
       -2.125096,
       53.611292
      ],
      [
       -2.124275,
       53.611085
      ],
      [
       -2.123791,
       53.611034
      ],
      [
       -2.123157,
       53.610894
      ],
      [
       -2.122801,
       53.610841
      ],
      [
       -2.12054,
       53.610371
      ],
      [
       -2.11909,
       53.610039
      ],
      [
       -2.11799,
       53.609838
      ],
      [
       -2.118268,
       53.609171
      ],
      [
       -2.1174,
       53.609044
      ],
      [
       -2.118387,
       53.608324
      ],
      [
       -2.118549,
       53.6084
      ],
      [
       -2.118909,
       53.60811
      ],
      [
       -2.118953,
       53.608132
      ],
      [
       -2.119085,
       53.607991
      ],
      [
       -2.119211,
       53.607902
      ],
      [
       -2.11942,
       53.608015
      ],
      [
       -2.120542,
       53.607261
      ],
      [
       -2.119825,
       53.606848
      ],
      [
       -2.120355,
       53.606465
      ],
      [
       -2.120618,
       53.606373
      ],
      [
       -2.120924,
       53.606303
      ],
      [
       -2.121557,
       53.606232
      ],
      [
       -2.121452,
       53.6061
      ],
      [
       -2.121171,
       53.605991
      ],
      [
       -2.120918,
       53.605924
      ],
      [
       -2.120811,
       53.605845
      ],
      [
       -2.120748,
       53.605846
      ],
      [
       -2.120642,
       53.605747
      ],
      [
       -2.120486,
       53.60565
      ],
      [
       -2.120368,
       53.6056
      ],
      [
       -2.120278,
       53.605601
      ],
      [
       -2.120229,
       53.60563
      ],
      [
       -2.120055,
       53.605627
      ],
      [
       -2.119959,
       53.6056
      ],
      [
       -2.119876,
       53.605597
      ],
      [
       -2.11961,
       53.605696
      ],
      [
       -2.118833,
       53.605371
      ],
      [
       -2.118582,
       53.605286
      ],
      [
       -2.117941,
       53.604853
      ],
      [
       -2.116908,
       53.604521
      ],
      [
       -2.116664,
       53.604158
      ],
      [
       -2.115986,
       53.603504
      ],
      [
       -2.115773,
       53.603614
      ],
      [
       -2.114626,
       53.602806
      ],
      [
       -2.114537,
       53.602651
      ],
      [
       -2.114514,
       53.602477
      ],
      [
       -2.114485,
       53.602428
      ],
      [
       -2.114319,
       53.602293
      ],
      [
       -2.114791,
       53.601994
      ],
      [
       -2.115154,
       53.601807
      ],
      [
       -2.114858,
       53.601647
      ],
      [
       -2.114588,
       53.601764
      ],
      [
       -2.114219,
       53.601994
      ],
      [
       -2.113843,
       53.601879
      ],
      [
       -2.114554,
       53.601264
      ],
      [
       -2.11487,
       53.601047
      ],
      [
       -2.115296,
       53.600793
      ],
      [
       -2.115795,
       53.600591
      ],
      [
       -2.116456,
       53.600242
      ],
      [
       -2.116975,
       53.600182
      ],
      [
       -2.117042,
       53.600162
      ],
      [
       -2.117635,
       53.599778
      ],
      [
       -2.118245,
       53.599567
      ],
      [
       -2.118694,
       53.599379
      ],
      [
       -2.119279,
       53.599128
      ],
      [
       -2.120089,
       53.598747
      ],
      [
       -2.120492,
       53.598727
      ],
      [
       -2.120752,
       53.598428
      ],
      [
       -2.121135,
       53.598236
      ],
      [
       -2.121639,
       53.598008
      ],
      [
       -2.122132,
       53.597887
      ],
      [
       -2.122351,
       53.597736
      ],
      [
       -2.122977,
       53.5974
      ],
      [
       -2.124199,
       53.596865
      ],
      [
       -2.124745,
       53.596597
      ],
      [
       -2.125119,
       53.596377
      ],
      [
       -2.125375,
       53.596164
      ],
      [
       -2.126242,
       53.595894
      ],
      [
       -2.126568,
       53.595749
      ],
      [
       -2.127157,
       53.595399
      ],
      [
       -2.127305,
       53.595331
      ],
      [
       -2.127603,
       53.595217
      ],
      [
       -2.128189,
       53.595061
      ],
      [
       -2.128724,
       53.594862
      ],
      [
       -2.129336,
       53.594597
      ],
      [
       -2.129989,
       53.59438
      ],
      [
       -2.130304,
       53.594325
      ],
      [
       -2.131672,
       53.59397
      ],
      [
       -2.131928,
       53.593934
      ],
      [
       -2.131941,
       53.593954
      ],
      [
       -2.132009,
       53.59391
      ],
      [
       -2.132225,
       53.594188
      ],
      [
       -2.132441,
       53.594417
      ],
      [
       -2.131391,
       53.594492
      ],
      [
       -2.132033,
       53.595402
      ],
      [
       -2.132484,
       53.59538
      ],
      [
       -2.132546,
       53.595855
      ],
      [
       -2.132617,
       53.596023
      ],
      [
       -2.132728,
       53.596514
      ],
      [
       -2.132802,
       53.596557
      ],
      [
       -2.133352,
       53.597048
      ]
     ]
    ],
    "type": "Polygon"
   }
  },
  {
   "type": "Feature",
   "properties": {
    "id": "rochdale-station",
    "name": "Rochdale Rail Corridor / Station Gardens",
    "borough": "Rochdale",
    "category": "housing",
    "status": "on-site",
    "lead": "Rochdale Development Agency; Willmott Dixon",
    "architects": null,
    "stated_area_ha": null,
    "homes": 1700,
    "jobs": null,
    "commercial": "6,250 m² retail/commercial; Station Square. Station Gardens 200+ net-zero homes (81 first contract), £15m govt funding",
    "investment": null,
    "milestone": "Station Gardens completion early 2028; Maclure Road 33 apts started early 2026. Riverside/Upperbanks complete.",
    "milestone_date": "2026-02",
    "summary": null,
    "links": [
     {
      "label": "Invest in Rochdale",
      "url": "https://www.investinrochdale.co.uk/regeneration/projects/rochdale-rail-corridor"
     }
    ],
    "images": [],
    "confidence": "point-estimate",
    "boundary_source": "centroid estimate"
   },
   "geometry": {
    "type": "Point",
    "coordinates": [
     -2.1535,
     53.6103
    ]
   }
  },
  {
   "type": "Feature",
   "properties": {
    "id": "elton-reservoir",
    "name": "Elton Reservoir (PfE JPA7)",
    "borough": "Bury",
    "category": "housing",
    "status": "framework",
    "lead": "Peel L&P; Bury Council",
    "architects": null,
    "stated_area_ha": 243,
    "homes": 3500,
    "jobs": null,
    "commercial": "Primary school; local centre; new Metrolink stop; link road; 25% affordable",
    "investment": null,
    "milestone": "Development framework finalised Jul 2026. First completions 2027/28.",
    "milestone_date": "2026-07",
    "summary": null,
    "links": [
     {
      "label": "Framework (Bury)",
      "url": "https://www.bury.gov.uk/asset-library/01942-developmentframeworkdocument-accessible-july-2026.pdf"
     },
     {
      "label": "Peel",
      "url": "https://www.peelland.co.uk/elton-reservoir"
     }
    ],
    "images": [
     {
      "src": "assets/images/elton-reservoir/01.jpg",
      "caption": "Elton Reservoir — Peel Land",
      "credit": "Peel Land",
      "source_url": "https://www.peelland.co.uk/elton-reservoir",
      "licence": "all rights reserved — research use with attribution",
      "px": [
       1500,
       844
      ]
     },
     {
      "src": "assets/images/elton-reservoir/02.jpg",
      "caption": "Aerial view of Elton Reservoir",
      "credit": "Parrot of Doom",
      "source_url": "https://commons.wikimedia.org/wiki/File:Aerial_view_of_Elton_Reservoir.jpg",
      "licence": "CC BY-SA 4.0",
      "px": [
       1600,
       1200
      ]
     },
     {
      "src": "assets/images/elton-reservoir/03.jpg",
      "caption": "Elton Reservoir - geograph.org.uk - 2206290",
      "credit": "David Dixon",
      "source_url": "https://commons.wikimedia.org/wiki/File:Elton_Reservoir_-_geograph.org.uk_-_2206290.jpg",
      "licence": "CC BY-SA 2.0",
      "px": [
       800,
       600
      ]
     }
    ],
    "confidence": "allocation-boundary",
    "boundary_source": "PfE 2024 allocation JPA7 (GMCA, OGL)",
    "boundary_features": 1
   },
   "geometry": {
    "coordinates": [
     [
      [
       -2.338037,
       53.581783
      ],
      [
       -2.337388,
       53.581908
      ],
      [
       -2.336996,
       53.582006
      ],
      [
       -2.334386,
       53.582797
      ],
      [
       -2.332922,
       53.581685
      ],
      [
       -2.332602,
       53.58146
      ],
      [
       -2.332378,
       53.581269
      ],
      [
       -2.330897,
       53.580407
      ],
      [
       -2.329144,
       53.581321
      ],
      [
       -2.328337,
       53.581772
      ],
      [
       -2.327316,
       53.582259
      ],
      [
       -2.32622,
       53.582812
      ],
      [
       -2.325803,
       53.582998
      ],
      [
       -2.32493,
       53.583494
      ],
      [
       -2.324912,
       53.583483
      ],
      [
       -2.32446,
       53.583728
      ],
      [
       -2.324487,
       53.583746
      ],
      [
       -2.322798,
       53.584682
      ],
      [
       -2.321947,
       53.585114
      ],
      [
       -2.321928,
       53.585102
      ],
      [
       -2.321795,
       53.585171
      ],
      [
       -2.321813,
       53.585183
      ],
      [
       -2.320178,
       53.586049
      ],
      [
       -2.320197,
       53.586062
      ],
      [
       -2.319794,
       53.586256
      ],
      [
       -2.319854,
       53.586301
      ],
      [
       -2.31964,
       53.586372
      ],
      [
       -2.319352,
       53.586506
      ],
      [
       -2.319422,
       53.586557
      ],
      [
       -2.319322,
       53.586605
      ],
      [
       -2.319243,
       53.586612
      ],
      [
       -2.31909,
       53.586683
      ],
      [
       -2.318216,
       53.587206
      ],
      [
       -2.317839,
       53.586954
      ],
      [
       -2.317882,
       53.586861
      ],
      [
       -2.318333,
       53.586272
      ],
      [
       -2.318459,
       53.58605
      ],
      [
       -2.318254,
       53.585266
      ],
      [
       -2.317353,
       53.584911
      ],
      [
       -2.316811,
       53.584921
      ],
      [
       -2.317132,
       53.584374
      ],
      [
       -2.316448,
       53.583776
      ],
      [
       -2.316272,
       53.583655
      ],
      [
       -2.316151,
       53.583607
      ],
      [
       -2.315573,
       53.583541
      ],
      [
       -2.314952,
       53.583182
      ],
      [
       -2.314121,
       53.583338
      ],
      [
       -2.314045,
       53.583318
      ],
      [
       -2.313846,
       53.583389
      ],
      [
       -2.313611,
       53.583312
      ],
      [
       -2.31337,
       53.58329
      ],
      [
       -2.313414,
       53.582891
      ],
      [
       -2.313406,
       53.582204
      ],
      [
       -2.313188,
       53.582209
      ],
      [
       -2.313108,
       53.582251
      ],
      [
       -2.312969,
       53.582502
      ],
      [
       -2.312889,
       53.582531
      ],
      [
       -2.312698,
       53.582522
      ],
      [
       -2.312105,
       53.582345
      ],
      [
       -2.311961,
       53.58189
      ],
      [
       -2.312023,
       53.581732
      ],
      [
       -2.312168,
       53.581521
      ],
      [
       -2.312386,
       53.581316
      ],
      [
       -2.312478,
       53.581168
      ],
      [
       -2.312629,
       53.580994
      ],
      [
       -2.312974,
       53.580669
      ],
      [
       -2.313368,
       53.580128
      ],
      [
       -2.313481,
       53.580054
      ],
      [
       -2.313545,
       53.57998
      ],
      [
       -2.31364,
       53.579731
      ],
      [
       -2.313692,
       53.579361
      ],
      [
       -2.313672,
       53.579256
      ],
      [
       -2.313717,
       53.579132
      ],
      [
       -2.313706,
       53.579016
      ],
      [
       -2.313614,
       53.578634
      ],
      [
       -2.313411,
       53.578253
      ],
      [
       -2.313267,
       53.578149
      ],
      [
       -2.313178,
       53.578052
      ],
      [
       -2.313081,
       53.577998
      ],
      [
       -2.312952,
       53.577965
      ],
      [
       -2.312667,
       53.577957
      ],
      [
       -2.31289,
       53.577062
      ],
      [
       -2.313041,
       53.576131
      ],
      [
       -2.312717,
       53.576056
      ],
      [
       -2.311683,
       53.575989
      ],
      [
       -2.310727,
       53.575603
      ],
      [
       -2.31064,
       53.57559
      ],
      [
       -2.310897,
       53.575368
      ],
      [
       -2.311303,
       53.57497
      ],
      [
       -2.312658,
       53.575253
      ],
      [
       -2.312645,
       53.575275
      ],
      [
       -2.312722,
       53.575291
      ],
      [
       -2.312735,
       53.57527
      ],
      [
       -2.313182,
       53.57534
      ],
      [
       -2.313266,
       53.574974
      ],
      [
       -2.313427,
       53.574458
      ],
      [
       -2.313761,
       53.573661
      ],
      [
       -2.314,
       53.573178
      ],
      [
       -2.314276,
       53.572685
      ],
      [
       -2.31476,
       53.571958
      ],
      [
       -2.31526,
       53.571337
      ],
      [
       -2.315795,
       53.570742
      ],
      [
       -2.31633,
       53.570207
      ],
      [
       -2.316829,
       53.569753
      ],
      [
       -2.318064,
       53.568725
      ],
      [
       -2.318738,
       53.56823
      ],
      [
       -2.319287,
       53.567725
      ],
      [
       -2.32018,
       53.566837
      ],
      [
       -2.320416,
       53.566565
      ],
      [
       -2.320621,
       53.566287
      ],
      [
       -2.321012,
       53.565625
      ],
      [
       -2.321188,
       53.565223
      ],
      [
       -2.321296,
       53.564913
      ],
      [
       -2.321392,
       53.564464
      ],
      [
       -2.321419,
       53.56417
      ],
      [
       -2.321426,
       53.563698
      ],
      [
       -2.3214,
       53.563407
      ],
      [
       -2.321361,
       53.563287
      ],
      [
       -2.323295,
       53.563199
      ],
      [
       -2.323303,
       53.563248
      ],
      [
       -2.32342,
       53.5633
      ],
      [
       -2.323487,
       53.563383
      ],
      [
       -2.32342,
       53.563412
      ],
      [
       -2.323819,
       53.563696
      ],
      [
       -2.324132,
       53.563843
      ],
      [
       -2.323937,
       53.564008
      ],
      [
       -2.324101,
       53.564118
      ],
      [
       -2.324192,
       53.564281
      ],
      [
       -2.324241,
       53.564317
      ],
      [
       -2.324905,
       53.564586
      ],
      [
       -2.325581,
       53.564981
      ],
      [
       -2.326128,
       53.565266
      ],
      [
       -2.326085,
       53.565313
      ],
      [
       -2.325593,
       53.565632
      ],
      [
       -2.324942,
       53.565909
      ],
      [
       -2.324862,
       53.565924
      ],
      [
       -2.324917,
       53.565953
      ],
      [
       -2.324758,
       53.566016
      ],
      [
       -2.325007,
       53.566113
      ],
      [
       -2.325959,
       53.566297
      ],
      [
       -2.326728,
       53.56647
      ],
      [
       -2.326749,
       53.566541
      ],
      [
       -2.327065,
       53.56699
      ],
      [
       -2.327475,
       53.567965
      ],
      [
       -2.327314,
       53.568209
      ],
      [
       -2.327496,
       53.568444
      ],
      [
       -2.327383,
       53.568488
      ],
      [
       -2.327743,
       53.568913
      ],
      [
       -2.327711,
       53.568942
      ],
      [
       -2.327813,
       53.568994
      ],
      [
       -2.328011,
       53.569369
      ],
      [
       -2.328158,
       53.569556
      ],
      [
       -2.329001,
       53.570294
      ],
      [
       -2.329247,
       53.570151
      ],
      [
       -2.331221,
       53.571439
      ],
      [
       -2.331379,
       53.571538
      ],
      [
       -2.331457,
       53.571553
      ],
      [
       -2.331567,
       53.571637
      ],
      [
       -2.331779,
       53.571499
      ],
      [
       -2.332517,
       53.571552
      ],
      [
       -2.332514,
       53.571567
      ],
      [
       -2.332981,
       53.571588
      ],
      [
       -2.334093,
       53.573963
      ],
      [
       -2.334446,
       53.573946
      ],
      [
       -2.334858,
       53.57389
      ],
      [
       -2.334966,
       53.573902
      ],
      [
       -2.334977,
       53.573925
      ],
      [
       -2.335107,
       53.573931
      ],
      [
       -2.335232,
       53.573915
      ],
      [
       -2.335274,
       53.57398
      ],
      [
       -2.335488,
       53.573876
      ],
      [
       -2.335653,
       53.574244
      ],
      [
       -2.33561,
       53.574252
      ],
      [
       -2.335638,
       53.574324
      ],
      [
       -2.335613,
       53.574334
      ],
      [
       -2.33541,
       53.574325
      ],
      [
       -2.335371,
       53.574349
      ],
      [
       -2.335298,
       53.574343
      ],
      [
       -2.335159,
       53.574196
      ],
      [
       -2.335028,
       53.574171
      ],
      [
       -2.334951,
       53.574114
      ],
      [
       -2.333648,
       53.574676
      ],
      [
       -2.334048,
       53.574889
      ],
      [
       -2.334043,
       53.574992
      ],
      [
       -2.334869,
       53.575273
      ],
      [
       -2.335791,
       53.57576
      ],
      [
       -2.336041,
       53.575875
      ],
      [
       -2.336407,
       53.575999
      ],
      [
       -2.336479,
       53.576056
      ],
      [
       -2.336535,
       53.576141
      ],
      [
       -2.336549,
       53.576246
      ],
      [
       -2.336599,
       53.576271
      ],
      [
       -2.337002,
       53.57679
      ],
      [
       -2.337247,
       53.576953
      ],
      [
       -2.336919,
       53.577115
      ],
      [
       -2.33773,
       53.577626
      ],
      [
       -2.337982,
       53.577996
      ],
      [
       -2.338068,
       53.578062
      ],
      [
       -2.338937,
       53.577585
      ],
      [
       -2.33929,
       53.577785
      ],
      [
       -2.339417,
       53.577805
      ],
      [
       -2.339832,
       53.577793
      ],
      [
       -2.340036,
       53.577831
      ],
      [
       -2.340317,
       53.577934
      ],
      [
       -2.340352,
       53.577965
      ],
      [
       -2.338965,
       53.580164
      ],
      [
       -2.338949,
       53.580161
      ],
      [
       -2.338854,
       53.580296
      ],
      [
       -2.338557,
       53.580781
      ],
      [
       -2.338582,
       53.580788
      ],
      [
       -2.338571,
       53.580807
      ],
      [
       -2.33844,
       53.580938
      ],
      [
       -2.338228,
       53.581011
      ],
      [
       -2.338112,
       53.581092
      ],
      [
       -2.338043,
       53.581181
      ],
      [
       -2.338049,
       53.581288
      ],
      [
       -2.337892,
       53.581458
      ],
      [
       -2.338037,
       53.581783
      ]
     ]
    ],
    "type": "Polygon"
   }
  },
  {
   "type": "Feature",
   "properties": {
    "id": "mill-gate",
    "name": "Mill Gate / Bury town centre",
    "borough": "Bury",
    "category": "mixed",
    "status": "framework",
    "lead": "Bury Council + Bruntwood JV",
    "architects": null,
    "stated_area_ha": 11,
    "homes": 800,
    "jobs": null,
    "commercial": "Ph1 120 homes up to 10 storeys; Bury Interchange £80m rebuild from Nov 2026",
    "investment": "£24.1m Good Growth Fund Ph1",
    "milestone": "Framework adopted; no detailed Ph1 application found.",
    "milestone_date": "2026-01",
    "summary": null,
    "links": [
     {
      "label": "PNW",
      "url": "https://www.placenorthwest.co.uk/bury-signs-off-mill-gate-regen-framework/"
     }
    ],
    "images": [
     {
      "src": "assets/images/mill-gate/01.jpg",
      "caption": "Bury signs off Mill Gate regen framework - Place North West",
      "credit": "Place North West",
      "source_url": "https://www.placenorthwest.co.uk/bury-signs-off-mill-gate-regen-framework/",
      "licence": "all rights reserved — research use with attribution",
      "px": [
       1024,
       592
      ]
     },
     {
      "src": "assets/images/mill-gate/03.jpg",
      "caption": "Mill Gate - geograph.org.uk - 5126861",
      "credit": "N Chadwick",
      "source_url": "https://commons.wikimedia.org/wiki/File:Mill_Gate_-_geograph.org.uk_-_5126861.jpg",
      "licence": "CC BY-SA 2.0",
      "px": [
       640,
       426
      ]
     }
    ],
    "confidence": "point-estimate",
    "boundary_source": "centroid estimate"
   },
   "geometry": {
    "type": "Point",
    "coordinates": [
     -2.296,
     53.5925
    ]
   }
  },
  {
   "type": "Feature",
   "properties": {
    "id": "radcliffe",
    "name": "Radcliffe town centre",
    "borough": "Bury",
    "category": "civic",
    "status": "on-site",
    "lead": "Bury Council",
    "architects": null,
    "stated_area_ha": null,
    "homes": 500,
    "jobs": null,
    "commercial": "£40m Radcliffe Hub (leisure, library, workspace); new secondary school (Coney Green)",
    "investment": "£40m (£20m LUF)",
    "milestone": "Hub opens 2026.",
    "milestone_date": "2026-09",
    "summary": null,
    "links": [
     {
      "label": "PNW",
      "url": "https://www.placenorthwest.co.uk/radcliffe-unveils-40m-civic-hub-plans/"
     }
    ],
    "images": [
     {
      "src": "assets/images/radcliffe/01.jpg",
      "caption": "Radcliffe unveils £40m civic hub plans - Place North West",
      "credit": "Place North West",
      "source_url": "https://www.placenorthwest.co.uk/radcliffe-unveils-40m-civic-hub-plans/",
      "licence": "all rights reserved — research use with attribution",
      "px": [
       1024,
       614
      ]
     },
     {
      "src": "assets/images/radcliffe/02.jpg",
      "caption": "Canal Towpath near Radcliffe Town Centre - geograph.org.uk - 4886407",
      "credit": "David Dixon",
      "source_url": "https://commons.wikimedia.org/wiki/File:Canal_Towpath_near_Radcliffe_Town_Centre_-_geograph.org.uk_-_4886407.jpg",
      "licence": "CC BY-SA 2.0",
      "px": [
       640,
       481
      ]
     },
     {
      "src": "assets/images/radcliffe/03.jpg",
      "caption": "Manchester, Bolton and Bury Canal, Radcliffe Town Centre - geograph.org.uk - 6449756",
      "credit": "David Dixon",
      "source_url": "https://commons.wikimedia.org/wiki/File:Manchester,_Bolton_and_Bury_Canal,_Radcliffe_Town_Centre_-_geograph.org.uk_-_6449756.jpg",
      "licence": "CC BY-SA 2.0",
      "px": [
       768,
       1024
      ]
     }
    ],
    "confidence": "point-estimate",
    "boundary_source": "centroid estimate"
   },
   "geometry": {
    "type": "Point",
    "coordinates": [
     -2.327,
     53.5615
    ]
   }
  },
  {
   "type": "Feature",
   "properties": {
    "id": "oldham-mdc",
    "name": "Oldham town centre / Oldham MDC",
    "borough": "Oldham",
    "category": "mixed",
    "status": "on-site",
    "lead": "Oldham Council + Muse (15-yr partnership); Oldham MDC (approved Sep 2026, est. early 2027)",
    "architects": null,
    "stated_area_ha": null,
    "homes": 2000,
    "jobs": 800,
    "commercial": "Spindles Town Square £63m (Tommyfield market); SportsTown 5,000-cap arena",
    "investment": null,
    "milestone": "Prince's Gate Ph1 (£28m, 75 affordable) started Aug 2026 (331 eventually). MDC approved Sep 2026.",
    "milestone_date": "2026-09",
    "summary": "MDC boundary: town centre to Alexandra Park, Medlock valley and Oldham Edge.",
    "links": [
     {
      "label": "Prince's Gate",
      "url": "https://www.willmottdixon.co.uk/news/willmott-dixon-starts-28m-princes-gate-phase-1-development-in-oldham-town-centre"
     },
     {
      "label": "MDC (Oldham Chronicle)",
      "url": "https://www.oldham-chronicle.co.uk/news-features/139/news/191/a-new-mdc-approved-for-oldham"
     }
    ],
    "images": [
     {
      "src": "assets/images/oldham-mdc/01.jpg",
      "caption": "Willmott Dixon starts £28m Prince’s Gate Phase 1 development in Oldham town centre",
      "credit": "Willmott Dixon",
      "source_url": "https://www.willmottdixon.co.uk/news/willmott-dixon-starts-28m-princes-gate-phase-1-development-in-oldham-town-centre",
      "licence": "all rights reserved — research use with attribution",
      "px": [
       1600,
       1137
      ]
     },
     {
      "src": "assets/images/oldham-mdc/02.jpg",
      "caption": "A new MDC approved for Oldham",
      "credit": "Oldham Evening Chronicle",
      "source_url": "https://www.oldham-chronicle.co.uk/news-features/139/news/191/a-new-mdc-approved-for-oldham",
      "licence": "all rights reserved — research use with attribution",
      "px": [
       1600,
       1067
      ]
     },
     {
      "src": "assets/images/oldham-mdc/03.jpg",
      "caption": "Jack and the Beanstalk floral display, Oldham town centre - geograph.org.uk - 3863051",
      "credit": "Linden Milner",
      "source_url": "https://commons.wikimedia.org/wiki/File:Jack_and_the_Beanstalk_floral_display,_Oldham_town_centre_-_geograph.org.uk_-_3863051.jpg",
      "licence": "CC BY-SA 2.0",
      "px": [
       1200,
       1600
      ]
     }
    ],
    "confidence": "proposed-boundary",
    "boundary_source": "Proposed MDC boundary (GMCA, OGL)",
    "boundary_features": 1
   },
   "geometry": {
    "coordinates": [
     [
      [
       -2.10562,
       53.554178
      ],
      [
       -2.105815,
       53.554018
      ],
      [
       -2.106477,
       53.553227
      ],
      [
       -2.106761,
       53.552852
      ],
      [
       -2.106866,
       53.552796
      ],
      [
       -2.106977,
       53.552783
      ],
      [
       -2.107808,
       53.552841
      ],
      [
       -2.108086,
       53.552832
      ],
      [
       -2.10841,
       53.552765
      ],
      [
       -2.108637,
       53.552649
      ],
      [
       -2.108771,
       53.552524
      ],
      [
       -2.108846,
       53.552339
      ],
      [
       -2.108856,
       53.552216
      ],
      [
       -2.108835,
       53.552109
      ],
      [
       -2.108708,
       53.551866
      ],
      [
       -2.108208,
       53.551157
      ],
      [
       -2.107722,
       53.550393
      ],
      [
       -2.107432,
       53.549782
      ],
      [
       -2.106898,
       53.548485
      ],
      [
       -2.106449,
       53.547731
      ],
      [
       -2.106052,
       53.54692
      ],
      [
       -2.105577,
       53.546031
      ],
      [
       -2.105324,
       53.546044
      ],
      [
       -2.105059,
       53.546126
      ],
      [
       -2.102941,
       53.547105
      ],
      [
       -2.10237,
       53.547459
      ],
      [
       -2.102048,
       53.547313
      ],
      [
       -2.101815,
       53.547174
      ],
      [
       -2.100612,
       53.54656
      ],
      [
       -2.099669,
       53.546157
      ],
      [
       -2.098345,
       53.545523
      ],
      [
       -2.09811,
       53.545387
      ],
      [
       -2.097812,
       53.545166
      ],
      [
       -2.097652,
       53.545016
      ],
      [
       -2.097596,
       53.544933
      ],
      [
       -2.097576,
       53.544835
      ],
      [
       -2.097624,
       53.544333
      ],
      [
       -2.09757,
       53.543803
      ],
      [
       -2.097361,
       53.543133
      ],
      [
       -2.09703,
       53.542526
      ],
      [
       -2.096865,
       53.542133
      ],
      [
       -2.096839,
       53.542002
      ],
      [
       -2.096857,
       53.541866
      ],
      [
       -2.09714,
       53.541226
      ],
      [
       -2.097216,
       53.541153
      ],
      [
       -2.097281,
       53.541021
      ],
      [
       -2.097338,
       53.540828
      ],
      [
       -2.097332,
       53.540739
      ],
      [
       -2.097209,
       53.540371
      ],
      [
       -2.097229,
       53.540312
      ],
      [
       -2.100794,
       53.53931
      ],
      [
       -2.10094,
       53.53949
      ],
      [
       -2.101934,
       53.539244
      ],
      [
       -2.102283,
       53.539655
      ],
      [
       -2.102586,
       53.53957
      ],
      [
       -2.102626,
       53.539608
      ],
      [
       -2.10305,
       53.539492
      ],
      [
       -2.103108,
       53.539537
      ],
      [
       -2.103474,
       53.539501
      ],
      [
       -2.103971,
       53.539338
      ],
      [
       -2.104123,
       53.539269
      ],
      [
       -2.104469,
       53.539482
      ],
      [
       -2.104808,
       53.539294
      ],
      [
       -2.104741,
       53.53921
      ],
      [
       -2.105153,
       53.53891
      ],
      [
       -2.10534,
       53.538834
      ],
      [
       -2.105595,
       53.538625
      ],
      [
       -2.105856,
       53.538758
      ],
      [
       -2.106077,
       53.538532
      ],
      [
       -2.107114,
       53.537694
      ],
      [
       -2.108964,
       53.536247
      ],
      [
       -2.109166,
       53.536037
      ],
      [
       -2.108818,
       53.536003
      ],
      [
       -2.108171,
       53.535999
      ],
      [
       -2.108131,
       53.535944
      ],
      [
       -2.108163,
       53.53585
      ],
      [
       -2.108025,
       53.535801
      ],
      [
       -2.107281,
       53.535638
      ],
      [
       -2.105922,
       53.535504
      ],
      [
       -2.10492,
       53.535389
      ],
      [
       -2.103189,
       53.535034
      ],
      [
       -2.101255,
       53.534545
      ],
      [
       -2.100511,
       53.534386
      ],
      [
       -2.100066,
       53.534271
      ],
      [
       -2.099484,
       53.53418
      ],
      [
       -2.098886,
       53.534157
      ],
      [
       -2.098853,
       53.534056
      ],
      [
       -2.098703,
       53.533959
      ],
      [
       -2.098945,
       53.533706
      ],
      [
       -2.099365,
       53.533383
      ],
      [
       -2.099709,
       53.533192
      ],
      [
       -2.100503,
       53.532602
      ],
      [
       -2.099779,
       53.53229
      ],
      [
       -2.099734,
       53.532239
      ],
      [
       -2.099301,
       53.532073
      ],
      [
       -2.099459,
       53.531902
      ],
      [
       -2.098981,
       53.531703
      ],
      [
       -2.098663,
       53.531997
      ],
      [
       -2.09806,
       53.531759
      ],
      [
       -2.097741,
       53.531998
      ],
      [
       -2.097227,
       53.531786
      ],
      [
       -2.096299,
       53.53256
      ],
      [
       -2.095325,
       53.532293
      ],
      [
       -2.096091,
       53.531717
      ],
      [
       -2.095431,
       53.531282
      ],
      [
       -2.095242,
       53.531429
      ],
      [
       -2.095008,
       53.531564
      ],
      [
       -2.094544,
       53.531897
      ],
      [
       -2.094455,
       53.531829
      ],
      [
       -2.093864,
       53.531526
      ],
      [
       -2.094731,
       53.530767
      ],
      [
       -2.094642,
       53.530632
      ],
      [
       -2.094629,
       53.530437
      ],
      [
       -2.094447,
       53.530295
      ],
      [
       -2.094374,
       53.530315
      ],
      [
       -2.092861,
       53.52962
      ],
      [
       -2.093067,
       53.529287
      ],
      [
       -2.092722,
       53.528975
      ],
      [
       -2.09252,
       53.528707
      ],
      [
       -2.092015,
       53.528691
      ],
      [
       -2.090636,
       53.528728
      ],
      [
       -2.090633,
       53.528824
      ],
      [
       -2.09058,
       53.528897
      ],
      [
       -2.09058,
       53.528991
      ],
      [
       -2.090261,
       53.528943
      ],
      [
       -2.089853,
       53.528814
      ],
      [
       -2.089622,
       53.528688
      ],
      [
       -2.089747,
       53.528654
      ],
      [
       -2.08966,
       53.528537
      ],
      [
       -2.089528,
       53.528445
      ],
      [
       -2.089391,
       53.528412
      ],
      [
       -2.088509,
       53.527853
      ],
      [
       -2.088443,
       53.527535
      ],
      [
       -2.087748,
       53.527367
      ],
      [
       -2.087077,
       53.527259
      ],
      [
       -2.086317,
       53.52725
      ],
      [
       -2.086313,
       53.527065
      ],
      [
       -2.086478,
       53.52707
      ],
      [
       -2.086826,
       53.527009
      ],
      [
       -2.086822,
       53.526956
      ],
      [
       -2.088305,
       53.526919
      ],
      [
       -2.088292,
       53.526705
      ],
      [
       -2.088365,
       53.526678
      ],
      [
       -2.088458,
       53.526615
      ],
      [
       -2.088692,
       53.526553
      ],
      [
       -2.088732,
       53.526514
      ],
      [
       -2.089637,
       53.526387
      ],
      [
       -2.089499,
       53.526122
      ],
      [
       -2.090396,
       53.52589
      ],
      [
       -2.090258,
       53.525418
      ],
      [
       -2.090605,
       53.52537
      ],
      [
       -2.090378,
       53.524932
      ],
      [
       -2.090055,
       53.524971
      ],
      [
       -2.089779,
       53.524422
      ],
      [
       -2.089439,
       53.524475
      ],
      [
       -2.089309,
       53.524186
      ],
      [
       -2.089633,
       53.524162
      ],
      [
       -2.089944,
       53.524107
      ],
      [
       -2.091124,
       53.524068
      ],
      [
       -2.091285,
       53.523789
      ],
      [
       -2.091672,
       53.523668
      ],
      [
       -2.09194,
       53.523358
      ],
      [
       -2.09198,
       53.5231
      ],
      [
       -2.09201,
       53.523044
      ],
      [
       -2.091923,
       53.522703
      ],
      [
       -2.092068,
       53.522563
      ],
      [
       -2.092419,
       53.522102
      ],
      [
       -2.092394,
       53.521755
      ],
      [
       -2.092643,
       53.520984
      ],
      [
       -2.092566,
       53.520883
      ],
      [
       -2.092161,
       53.520748
      ],
      [
       -2.092127,
       53.520624
      ],
      [
       -2.093264,
       53.520623
      ],
      [
       -2.093265,
       53.520248
      ],
      [
       -2.093237,
       53.520069
      ],
      [
       -2.093179,
       53.519929
      ],
      [
       -2.093093,
       53.519927
      ],
      [
       -2.093061,
       53.519909
      ],
      [
       -2.092953,
       53.519626
      ],
      [
       -2.092944,
       53.51953
      ],
      [
       -2.09314,
       53.519227
      ],
      [
       -2.093186,
       53.519213
      ],
      [
       -2.093533,
       53.518966
      ],
      [
       -2.093664,
       53.518823
      ],
      [
       -2.093433,
       53.518123
      ],
      [
       -2.09413,
       53.517961
      ],
      [
       -2.094682,
       53.517909
      ],
      [
       -2.095235,
       53.517775
      ],
      [
       -2.095376,
       53.517709
      ],
      [
       -2.095451,
       53.517641
      ],
      [
       -2.095449,
       53.517504
      ],
      [
       -2.095404,
       53.517427
      ],
      [
       -2.09514,
       53.517204
      ],
      [
       -2.095027,
       53.517073
      ],
      [
       -2.094962,
       53.51693
      ],
      [
       -2.094944,
       53.516776
      ],
      [
       -2.09499,
       53.516593
      ],
      [
       -2.095051,
       53.5161
      ],
      [
       -2.095122,
       53.515931
      ],
      [
       -2.095513,
       53.515582
      ],
      [
       -2.095805,
       53.515423
      ],
      [
       -2.096766,
       53.514991
      ],
      [
       -2.097081,
       53.514892
      ],
      [
       -2.097328,
       53.51479
      ],
      [
       -2.09766,
       53.514552
      ],
      [
       -2.097778,
       53.514439
      ],
      [
       -2.097885,
       53.514305
      ],
      [
       -2.097938,
       53.514169
      ],
      [
       -2.09801,
       53.514078
      ],
      [
       -2.098147,
       53.513954
      ],
      [
       -2.098267,
       53.51389
      ],
      [
       -2.09841,
       53.513891
      ],
      [
       -2.098621,
       53.513959
      ],
      [
       -2.098724,
       53.514039
      ],
      [
       -2.098855,
       53.514079
      ],
      [
       -2.099029,
       53.514012
      ],
      [
       -2.099091,
       53.513955
      ],
      [
       -2.099056,
       53.513842
      ],
      [
       -2.099088,
       53.513796
      ],
      [
       -2.099379,
       53.513628
      ],
      [
       -2.0995,
       53.513532
      ],
      [
       -2.099592,
       53.513418
      ],
      [
       -2.099669,
       53.513263
      ],
      [
       -2.099668,
       53.51271
      ],
      [
       -2.099558,
       53.512612
      ],
      [
       -2.099475,
       53.512471
      ],
      [
       -2.099582,
       53.512385
      ],
      [
       -2.099535,
       53.512328
      ],
      [
       -2.099533,
       53.512246
      ],
      [
       -2.099966,
       53.511737
      ],
      [
       -2.100062,
       53.51165
      ],
      [
       -2.100494,
       53.511455
      ],
      [
       -2.100626,
       53.511341
      ],
      [
       -2.101633,
       53.511187
      ],
      [
       -2.102069,
       53.511155
      ],
      [
       -2.102708,
       53.511513
      ],
      [
       -2.10272,
       53.511625
      ],
      [
       -2.103612,
       53.511774
      ],
      [
       -2.10381,
       53.511835
      ],
      [
       -2.103658,
       53.51192
      ],
      [
       -2.103552,
       53.512173
      ],
      [
       -2.103528,
       53.51233
      ],
      [
       -2.103393,
       53.512513
      ],
      [
       -2.1034,
       53.512722
      ],
      [
       -2.103374,
       53.512791
      ],
      [
       -2.103396,
       53.512972
      ],
      [
       -2.103562,
       53.513066
      ],
      [
       -2.103597,
       53.513116
      ],
      [
       -2.103558,
       53.513125
      ],
      [
       -2.10357,
       53.513158
      ],
      [
       -2.10288,
       53.513239
      ],
      [
       -2.103218,
       53.513507
      ],
      [
       -2.10327,
       53.513507
      ],
      [
       -2.103339,
       53.513688
      ],
      [
       -2.101772,
       53.513894
      ],
      [
       -2.101247,
       53.513899
      ],
      [
       -2.101101,
       53.513851
      ],
      [
       -2.100648,
       53.513529
      ],
      [
       -2.100495,
       53.513563
      ],
      [
       -2.100324,
       53.513747
      ],
      [
       -2.100279,
       53.513883
      ],
      [
       -2.100144,
       53.513966
      ],
      [
       -2.10009,
       53.514031
      ],
      [
       -2.100058,
       53.514101
      ],
      [
       -2.100103,
       53.514291
      ],
      [
       -2.100026,
       53.514327
      ],
      [
       -2.099327,
       53.514453
      ],
      [
       -2.098424,
       53.515244
      ],
      [
       -2.099039,
       53.515561
      ],
      [
       -2.099059,
       53.515744
      ],
      [
       -2.099845,
       53.516319
      ],
      [
       -2.100459,
       53.516482
      ],
      [
       -2.100282,
       53.51673
      ],
      [
       -2.100044,
       53.516848
      ],
      [
       -2.100056,
       53.517007
      ],
      [
       -2.100141,
       53.517072
      ],
      [
       -2.100223,
       53.517222
      ],
      [
       -2.100312,
       53.517291
      ],
      [
       -2.100494,
       53.517532
      ],
      [
       -2.100438,
       53.517662
      ],
      [
       -2.100333,
       53.517761
      ],
      [
       -2.100139,
       53.517792
      ],
      [
       -2.100091,
       53.517855
      ],
      [
       -2.099836,
       53.51798
      ],
      [
       -2.100088,
       53.518226
      ],
      [
       -2.098316,
       53.519116
      ],
      [
       -2.097685,
       53.51909
      ],
      [
       -2.097617,
       53.519357
      ],
      [
       -2.095967,
       53.519776
      ],
      [
       -2.09702,
       53.520452
      ],
      [
       -2.097373,
       53.520462
      ],
      [
       -2.097476,
       53.520545
      ],
      [
       -2.097527,
       53.520521
      ],
      [
       -2.097636,
       53.520607
      ],
      [
       -2.097549,
       53.520622
      ],
      [
       -2.097562,
       53.520685
      ],
      [
       -2.097465,
       53.520675
      ],
      [
       -2.096742,
       53.521044
      ],
      [
       -2.097183,
       53.521227
      ],
      [
       -2.097754,
       53.521566
      ],
      [
       -2.097981,
       53.521903
      ],
      [
       -2.097839,
       53.52193
      ],
      [
       -2.097475,
       53.521658
      ],
      [
       -2.097079,
       53.52154
      ],
      [
       -2.09682,
       53.521499
      ],
      [
       -2.096517,
       53.5215
      ],
      [
       -2.095386,
       53.521631
      ],
      [
       -2.095236,
       53.521742
      ],
      [
       -2.095327,
       53.522266
      ],
      [
       -2.095222,
       53.5227
      ],
      [
       -2.095045,
       53.523057
      ],
      [
       -2.095695,
       53.524482
      ],
      [
       -2.095833,
       53.524604
      ],
      [
       -2.095967,
       53.524823
      ],
      [
       -2.096064,
       53.524891
      ],
      [
       -2.096259,
       53.525285
      ],
      [
       -2.096445,
       53.52529
      ],
      [
       -2.096675,
       53.525365
      ],
      [
       -2.09672,
       53.525446
      ],
      [
       -2.09695,
       53.525518
      ],
      [
       -2.097823,
       53.525352
      ],
      [
       -2.097871,
       53.525224
      ],
      [
       -2.097826,
       53.52514
      ],
      [
       -2.097859,
       53.525094
      ],
      [
       -2.098028,
       53.52507
      ],
      [
       -2.0995,
       53.525244
      ],
      [
       -2.0995,
       53.525475
      ],
      [
       -2.098377,
       53.5255
      ],
      [
       -2.098373,
       53.52571
      ],
      [
       -2.098099,
       53.525742
      ],
      [
       -2.098237,
       53.526237
      ],
      [
       -2.098492,
       53.526218
      ],
      [
       -2.098585,
       53.526427
      ],
      [
       -2.098739,
       53.526403
      ],
      [
       -2.099347,
       53.527255
      ],
      [
       -2.100512,
       53.527875
      ],
      [
       -2.101022,
       53.528183
      ],
      [
       -2.101734,
       53.528563
      ],
      [
       -2.102698,
       53.529121
      ],
      [
       -2.103701,
       53.529746
      ],
      [
       -2.104883,
       53.530439
      ],
      [
       -2.105636,
       53.530727
      ],
      [
       -2.106615,
       53.531213
      ],
      [
       -2.107084,
       53.531405
      ],
      [
       -2.107537,
       53.531525
      ],
      [
       -2.108084,
       53.53178
      ],
      [
       -2.108537,
       53.532116
      ],
      [
       -2.109181,
       53.532513
      ],
      [
       -2.109538,
       53.532934
      ],
      [
       -2.109773,
       53.533168
      ],
      [
       -2.110427,
       53.532844
      ],
      [
       -2.11148,
       53.532287
      ],
      [
       -2.112626,
       53.531614
      ],
      [
       -2.113765,
       53.531329
      ],
      [
       -2.113875,
       53.531444
      ],
      [
       -2.114877,
       53.532773
      ],
      [
       -2.115275,
       53.5335
      ],
      [
       -2.115405,
       53.533837
      ],
      [
       -2.115831,
       53.535574
      ],
      [
       -2.11634,
       53.535271
      ],
      [
       -2.116413,
       53.535306
      ],
      [
       -2.116849,
       53.535344
      ],
      [
       -2.117678,
       53.535528
      ],
      [
       -2.118067,
       53.535725
      ],
      [
       -2.11791,
       53.535865
      ],
      [
       -2.11916,
       53.536473
      ],
      [
       -2.118983,
       53.536567
      ],
      [
       -2.119137,
       53.536668
      ],
      [
       -2.119327,
       53.53668
      ],
      [
       -2.120161,
       53.537269
      ],
      [
       -2.120452,
       53.537255
      ],
      [
       -2.120667,
       53.537303
      ],
      [
       -2.120869,
       53.537404
      ],
      [
       -2.121043,
       53.537572
      ],
      [
       -2.121622,
       53.53779
      ],
      [
       -2.12138,
       53.537955
      ],
      [
       -2.12101,
       53.53817
      ],
      [
       -2.120744,
       53.538279
      ],
      [
       -2.120629,
       53.538358
      ],
      [
       -2.120602,
       53.538408
      ],
      [
       -2.121135,
       53.538779
      ],
      [
       -2.12132,
       53.538938
      ],
      [
       -2.121701,
       53.539209
      ],
      [
       -2.122994,
       53.540489
      ],
      [
       -2.123536,
       53.541451
      ],
      [
       -2.123899,
       53.542414
      ],
      [
       -2.124817,
       53.545241
      ],
      [
       -2.125176,
       53.546246
      ],
      [
       -2.125553,
       53.546956
      ],
      [
       -2.125809,
       53.547165
      ],
      [
       -2.126237,
       53.547363
      ],
      [
       -2.126615,
       53.547597
      ],
      [
       -2.126739,
       53.547775
      ],
      [
       -2.126779,
       53.548173
      ],
      [
       -2.126842,
       53.548293
      ],
      [
       -2.128211,
       53.549326
      ],
      [
       -2.128717,
       53.549638
      ],
      [
       -2.130646,
       53.550957
      ],
      [
       -2.131027,
       53.55128
      ],
      [
       -2.131284,
       53.551776
      ],
      [
       -2.131449,
       53.552337
      ],
      [
       -2.131589,
       53.552563
      ],
      [
       -2.131877,
       53.552898
      ],
      [
       -2.132313,
       53.553246
      ],
      [
       -2.13254,
       53.553389
      ],
      [
       -2.132894,
       53.553568
      ],
      [
       -2.135291,
       53.554453
      ],
      [
       -2.136337,
       53.554915
      ],
      [
       -2.137576,
       53.555536
      ],
      [
       -2.13876,
       53.554738
      ],
      [
       -2.138868,
       53.554644
      ],
      [
       -2.13904,
       53.554652
      ],
      [
       -2.139428,
       53.554572
      ],
      [
       -2.140035,
       53.554778
      ],
      [
       -2.140004,
       53.554947
      ],
      [
       -2.139921,
       53.555113
      ],
      [
       -2.139408,
       53.555842
      ],
      [
       -2.138861,
       53.556266
      ],
      [
       -2.138645,
       53.556413
      ],
      [
       -2.138209,
       53.557004
      ],
      [
       -2.137178,
       53.556778
      ],
      [
       -2.136668,
       53.55675
      ],
      [
       -2.135831,
       53.556794
      ],
      [
       -2.133711,
       53.55694
      ],
      [
       -2.131585,
       53.557166
      ],
      [
       -2.130616,
       53.557309
      ],
      [
       -2.129603,
       53.557529
      ],
      [
       -2.129059,
       53.557732
      ],
      [
       -2.128353,
       53.558085
      ],
      [
       -2.124215,
       53.560287
      ],
      [
       -2.123927,
       53.560472
      ],
      [
       -2.123508,
       53.56061
      ],
      [
       -2.122787,
       53.560675
      ],
      [
       -2.121523,
       53.560711
      ],
      [
       -2.121076,
       53.560771
      ],
      [
       -2.120506,
       53.560978
      ],
      [
       -2.118897,
       53.561653
      ],
      [
       -2.118768,
       53.561681
      ],
      [
       -2.118627,
       53.561676
      ],
      [
       -2.1185,
       53.561653
      ],
      [
       -2.118341,
       53.561565
      ],
      [
       -2.118171,
       53.561269
      ],
      [
       -2.118077,
       53.561163
      ],
      [
       -2.117982,
       53.561084
      ],
      [
       -2.117802,
       53.560972
      ],
      [
       -2.117661,
       53.560929
      ],
      [
       -2.115653,
       53.560596
      ],
      [
       -2.113066,
       53.560003
      ],
      [
       -2.112503,
       53.559907
      ],
      [
       -2.112069,
       53.559879
      ],
      [
       -2.112102,
       53.559828
      ],
      [
       -2.112747,
       53.559664
      ],
      [
       -2.112913,
       53.559513
      ],
      [
       -2.112997,
       53.559301
      ],
      [
       -2.112939,
       53.559218
      ],
      [
       -2.112806,
       53.559108
      ],
      [
       -2.112809,
       53.558908
      ],
      [
       -2.11235,
       53.558771
      ],
      [
       -2.112124,
       53.55866
      ],
      [
       -2.112162,
       53.558625
      ],
      [
       -2.110778,
       53.557445
      ],
      [
       -2.110761,
       53.557435
      ],
      [
       -2.110639,
       53.557459
      ],
      [
       -2.110469,
       53.557229
      ],
      [
       -2.110199,
       53.55699
      ],
      [
       -2.110087,
       53.556839
      ],
      [
       -2.110123,
       53.556799
      ],
      [
       -2.11014,
       53.55667
      ],
      [
       -2.110129,
       53.556595
      ],
      [
       -2.110071,
       53.556477
      ],
      [
       -2.109713,
       53.556213
      ],
      [
       -2.109652,
       53.556127
      ],
      [
       -2.109659,
       53.556028
      ],
      [
       -2.109572,
       53.555996
      ],
      [
       -2.109323,
       53.556004
      ],
      [
       -2.109196,
       53.555966
      ],
      [
       -2.109207,
       53.555923
      ],
      [
       -2.109178,
       53.555852
      ],
      [
       -2.109048,
       53.555721
      ],
      [
       -2.108837,
       53.555362
      ],
      [
       -2.108378,
       53.554993
      ],
      [
       -2.107941,
       53.554793
      ],
      [
       -2.107912,
       53.554858
      ],
      [
       -2.107385,
       53.554785
      ],
      [
       -2.107056,
       53.554702
      ],
      [
       -2.107006,
       53.554719
      ],
      [
       -2.106243,
       53.55449
      ],
      [
       -2.106229,
       53.554432
      ],
      [
       -2.10586,
       53.554301
      ],
      [
       -2.105886,
       53.554264
      ],
      [
       -2.10562,
       53.554178
      ]
     ]
    ],
    "type": "Polygon"
   }
  },
  {
   "type": "Feature",
   "properties": {
    "id": "northern-roots",
    "name": "Northern Roots",
    "borough": "Oldham",
    "category": "civic",
    "status": "delivered",
    "lead": "Oldham Council; Willmott Dixon",
    "architects": null,
    "stated_area_ha": 65,
    "homes": null,
    "jobs": null,
    "commercial": "160 ac urban farm/eco-park; Welcome Centre; Forestry Skills Centre",
    "investment": "£13m",
    "milestone": "Public opening Sep 2026.",
    "milestone_date": "2026-09",
    "summary": null,
    "links": [
     {
      "label": "Willmott Dixon",
      "url": "https://www.willmottdixon.co.uk/projects/northern-roots-oldham"
     }
    ],
    "images": [
     {
      "src": "assets/images/northern-roots/01.jpg",
      "caption": "Northern Roots, Oldham",
      "credit": "Willmott Dixon",
      "source_url": "https://www.willmottdixon.co.uk/projects/northern-roots-oldham",
      "licence": "all rights reserved — research use with attribution",
      "px": [
       1600,
       1200
      ]
     }
    ],
    "confidence": "point-estimate",
    "boundary_source": "centroid estimate"
   },
   "geometry": {
    "type": "Point",
    "coordinates": [
     -2.1,
     53.528
    ]
   }
  },
  {
   "type": "Feature",
   "properties": {
    "id": "broadway-green",
    "name": "Broadway Green / Foxdenton",
    "borough": "Oldham",
    "category": "mixed",
    "status": "on-site",
    "lead": "Oldham Council + Foxdenton LLP JV; Chancerygate; Stonebond/Great Places",
    "architects": null,
    "stated_area_ha": 49,
    "homes": 500,
    "jobs": 2000,
    "commercial": "600–700k sq ft employment (c.400k delivered); 25 ac linear park",
    "investment": null,
    "milestone": "Final housing phase 2025–26; most homes complete.",
    "milestone_date": "2026-01",
    "summary": "Chadderton, M60 J21.",
    "links": [
     {
      "label": "PNW",
      "url": "https://www.placenorthwest.co.uk/how-oldham-is-turning-plans-into-places-with-momentum/"
     }
    ],
    "images": [
     {
      "src": "assets/images/broadway-green/01.jpg",
      "caption": "How Oldham is turning plans into places with momentum - Place North West",
      "credit": "Place North West",
      "source_url": "https://www.placenorthwest.co.uk/how-oldham-is-turning-plans-into-places-with-momentum/",
      "licence": "all rights reserved — research use with attribution",
      "px": [
       1024,
       713
      ]
     }
    ],
    "confidence": "proposals-map-wms",
    "boundary_source": "Oldham Local Plan Proposals Map WMS (map.oldham.gov.uk, business employment area polygon, 42 ha) unioned with GMCA 2025 land-supply plots HLA3263.1/.3, OLD0184, OLD0051",
    "boundary_features": 5
   },
   "geometry": {
    "coordinates": [
     [
      [
       [
        -2.161916,
        53.540159
       ],
       [
        -2.16237,
        53.540353
       ],
       [
        -2.163049,
        53.54072
       ],
       [
        -2.163248,
        53.540785
       ],
       [
        -2.16353,
        53.541086
       ],
       [
        -2.163543,
        53.541133
       ],
       [
        -2.162335,
        53.54278
       ],
       [
        -2.161927,
        53.542857
       ],
       [
        -2.16191,
        53.543026
       ],
       [
        -2.16127,
        53.543398
       ],
       [
        -2.159942,
        53.544257
       ],
       [
        -2.159584,
        53.544254
       ],
       [
        -2.157768,
        53.54524
       ],
       [
        -2.157569,
        53.545142
       ],
       [
        -2.156732,
        53.544591
       ],
       [
        -2.156158,
        53.54425
       ],
       [
        -2.155737,
        53.544038
       ],
       [
        -2.155073,
        53.54376
       ],
       [
        -2.154506,
        53.543172
       ],
       [
        -2.154509,
        53.543026
       ],
       [
        -2.154414,
        53.542981
       ],
       [
        -2.15438,
        53.542893
       ],
       [
        -2.154166,
        53.542917
       ],
       [
        -2.153945,
        53.542899
       ],
       [
        -2.1522,
        53.543081
       ],
       [
        -2.151985,
        53.543151
       ],
       [
        -2.151412,
        53.543523
       ],
       [
        -2.151314,
        53.543523
       ],
       [
        -2.151058,
        53.543362
       ],
       [
        -2.150774,
        53.543077
       ],
       [
        -2.151309,
        53.542074
       ],
       [
        -2.151154,
        53.542035
       ],
       [
        -2.151088,
        53.542095
       ],
       [
        -2.151021,
        53.542101
       ],
       [
        -2.150074,
        53.541917
       ],
       [
        -2.150088,
        53.541753
       ],
       [
        -2.150229,
        53.541759
       ],
       [
        -2.15025,
        53.541737
       ],
       [
        -2.149696,
        53.541269
       ],
       [
        -2.150158,
        53.540162
       ],
       [
        -2.150268,
        53.540145
       ],
       [
        -2.150996,
        53.540225
       ],
       [
        -2.151757,
        53.540206
       ],
       [
        -2.151833,
        53.54016
       ],
       [
        -2.152003,
        53.540131
       ],
       [
        -2.152251,
        53.540003
       ],
       [
        -2.152102,
        53.53994
       ],
       [
        -2.152091,
        53.539626
       ],
       [
        -2.151697,
        53.53955
       ],
       [
        -2.15094,
        53.538911
       ],
       [
        -2.150792,
        53.53891
       ],
       [
        -2.150742,
        53.538938
       ],
       [
        -2.150991,
        53.538505
       ],
       [
        -2.153801,
        53.538964
       ],
       [
        -2.154163,
        53.538933
       ],
       [
        -2.154581,
        53.538816
       ],
       [
        -2.155359,
        53.538306
       ],
       [
        -2.155813,
        53.537675
       ],
       [
        -2.156464,
        53.536939
       ],
       [
        -2.15703,
        53.537123
       ],
       [
        -2.157004,
        53.537187
       ],
       [
        -2.15706,
        53.537214
       ],
       [
        -2.157131,
        53.537177
       ],
       [
        -2.157391,
        53.537257
       ],
       [
        -2.157421,
        53.537304
       ],
       [
        -2.1574,
        53.537347
       ],
       [
        -2.157713,
        53.53749
       ],
       [
        -2.158054,
        53.537312
       ],
       [
        -2.158197,
        53.537324
       ],
       [
        -2.158677,
        53.537714
       ],
       [
        -2.158808,
        53.537876
       ],
       [
        -2.159066,
        53.538342
       ],
       [
        -2.159067,
        53.5384
       ],
       [
        -2.158735,
        53.538478
       ],
       [
        -2.158541,
        53.538623
       ],
       [
        -2.158757,
        53.538946
       ],
       [
        -2.158796,
        53.538986
       ],
       [
        -2.158863,
        53.539
       ],
       [
        -2.158873,
        53.539038
       ],
       [
        -2.158434,
        53.539144
       ],
       [
        -2.158189,
        53.539303
       ],
       [
        -2.158286,
        53.539362
       ],
       [
        -2.158884,
        53.54013
       ],
       [
        -2.158918,
        53.540133
       ],
       [
        -2.15894,
        53.540107
       ],
       [
        -2.158946,
        53.539951
       ],
       [
        -2.159313,
        53.539666
       ],
       [
        -2.159377,
        53.539659
       ],
       [
        -2.160147,
        53.539924
       ],
       [
        -2.160469,
        53.539972
       ],
       [
        -2.160775,
        53.540071
       ],
       [
        -2.160998,
        53.540053
       ],
       [
        -2.161659,
        53.54031
       ],
       [
        -2.161819,
        53.540185
       ],
       [
        -2.161916,
        53.540159
       ]
      ]
     ],
     [
      [
       [
        -2.165703,
        53.537543
       ],
       [
        -2.16557,
        53.53902
       ],
       [
        -2.165155,
        53.539013
       ],
       [
        -2.165123,
        53.53903
       ],
       [
        -2.165067,
        53.539781
       ],
       [
        -2.165153,
        53.539906
       ],
       [
        -2.16357,
        53.540245
       ],
       [
        -2.16314,
        53.540372
       ],
       [
        -2.162842,
        53.540354
       ],
       [
        -2.162475,
        53.540203
       ],
       [
        -2.162766,
        53.539908
       ],
       [
        -2.16164,
        53.539454
       ],
       [
        -2.1617,
        53.539247
       ],
       [
        -2.161645,
        53.539222
       ],
       [
        -2.161768,
        53.53895
       ],
       [
        -2.162022,
        53.53877
       ],
       [
        -2.162338,
        53.538794
       ],
       [
        -2.162459,
        53.538758
       ],
       [
        -2.162522,
        53.538639
       ],
       [
        -2.162766,
        53.538344
       ],
       [
        -2.163056,
        53.538426
       ],
       [
        -2.164195,
        53.538452
       ],
       [
        -2.164322,
        53.537174
       ],
       [
        -2.165481,
        53.537528
       ],
       [
        -2.165703,
        53.537543
       ]
      ]
     ]
    ],
    "type": "MultiPolygon"
   }
  },
  {
   "type": "Feature",
   "properties": {
    "id": "bolton-mdc",
    "name": "Bolton Town Centre MDC",
    "borough": "Bolton",
    "category": "mixed",
    "status": "framework",
    "lead": "Bolton Council; GMCA (MDC approved Sep 2026, est. early 2027)",
    "architects": null,
    "stated_area_ha": null,
    "homes": 2000,
    "jobs": null,
    "commercial": "13 sites; 31,000 m² employment; 300 hotel beds; 14,000 m² F&B",
    "investment": null,
    "milestone": "Consultation Mar 2026; approved Sep 2026.",
    "milestone_date": "2026-09",
    "summary": "Includes Crompton Place (MEPC, c.£250m, demolition from Aug 2026), Church Wharf (Watson Homes, 415 homes + hotel, consented Oct 2025) and Trinity Quarter.",
    "links": [
     {
      "label": "Bolton",
      "url": "https://www.bolton.gov.uk/news/article/2007/have-your-say-bolton-town-centre-mayoral-development-corporation"
     }
    ],
    "images": [
     {
      "src": "assets/images/bolton-mdc/01.jpg",
      "caption": "Have your say: Bolton Town Centre Mayoral Development Corporation – Bolton Council",
      "credit": "Bolton Council",
      "source_url": "https://www.bolton.gov.uk/news/article/2007/have-your-say-bolton-town-centre-mayoral-development-corporation",
      "licence": "all rights reserved — research use with attribution",
      "px": [
       1200,
       600
      ]
     },
     {
      "src": "assets/images/bolton-mdc/02.jpg",
      "caption": "Elephant sculpture in Bolton Town Centre (1)",
      "credit": "Rept0n1x",
      "source_url": "https://commons.wikimedia.org/wiki/File:Elephant_sculpture_in_Bolton_Town_Centre_(1).JPG",
      "licence": "CC BY-SA 3.0",
      "px": [
       1600,
       1200
      ]
     },
     {
      "src": "assets/images/bolton-mdc/03.jpg",
      "caption": "Elephant sculpture in Bolton Town Centre (2)",
      "credit": "Rept0n1x",
      "source_url": "https://commons.wikimedia.org/wiki/File:Elephant_sculpture_in_Bolton_Town_Centre_(2).JPG",
      "licence": "CC BY-SA 3.0",
      "px": [
       1600,
       1200
      ]
     }
    ],
    "confidence": "proposed-boundary",
    "boundary_source": "Proposed MDC boundary (GMCA, OGL)",
    "boundary_features": 1
   },
   "geometry": {
    "coordinates": [
     [
      [
       -2.439054,
       53.573783
      ],
      [
       -2.440131,
       53.574558
      ],
      [
       -2.441883,
       53.575448
      ],
      [
       -2.443127,
       53.576376
      ],
      [
       -2.442036,
       53.576825
      ],
      [
       -2.440069,
       53.577716
      ],
      [
       -2.439223,
       53.57803
      ],
      [
       -2.44049,
       53.578944
      ],
      [
       -2.440738,
       53.57907
      ],
      [
       -2.441444,
       53.579524
      ],
      [
       -2.44071,
       53.57972
      ],
      [
       -2.440398,
       53.579821
      ],
      [
       -2.439997,
       53.580021
      ],
      [
       -2.43992,
       53.579984
      ],
      [
       -2.439145,
       53.580351
      ],
      [
       -2.439041,
       53.580443
      ],
      [
       -2.438664,
       53.58061
      ],
      [
       -2.438171,
       53.580484
      ],
      [
       -2.437944,
       53.58063
      ],
      [
       -2.437231,
       53.580395
      ],
      [
       -2.435438,
       53.580737
      ],
      [
       -2.435385,
       53.581184
      ],
      [
       -2.435261,
       53.581423
      ],
      [
       -2.434861,
       53.581816
      ],
      [
       -2.434189,
       53.582133
      ],
      [
       -2.432886,
       53.582589
      ],
      [
       -2.4322,
       53.582802
      ],
      [
       -2.43102,
       53.583105
      ],
      [
       -2.430172,
       53.583296
      ],
      [
       -2.427578,
       53.583937
      ],
      [
       -2.427334,
       53.58388
      ],
      [
       -2.427116,
       53.583735
      ],
      [
       -2.426792,
       53.58329
      ],
      [
       -2.426392,
       53.582927
      ],
      [
       -2.425993,
       53.582684
      ],
      [
       -2.425036,
       53.58224
      ],
      [
       -2.424909,
       53.582125
      ],
      [
       -2.424219,
       53.581737
      ],
      [
       -2.423818,
       53.581466
      ],
      [
       -2.423309,
       53.581071
      ],
      [
       -2.422997,
       53.58079
      ],
      [
       -2.422744,
       53.580489
      ],
      [
       -2.422291,
       53.579783
      ],
      [
       -2.421207,
       53.577787
      ],
      [
       -2.420778,
       53.576823
      ],
      [
       -2.420285,
       53.576039
      ],
      [
       -2.420273,
       53.575853
      ],
      [
       -2.420508,
       53.57558
      ],
      [
       -2.422272,
       53.574792
      ],
      [
       -2.423829,
       53.574196
      ],
      [
       -2.422562,
       53.572779
      ],
      [
       -2.421983,
       53.572028
      ],
      [
       -2.424135,
       53.571445
      ],
      [
       -2.424834,
       53.571386
      ],
      [
       -2.425564,
       53.57104
      ],
      [
       -2.424988,
       53.57052
      ],
      [
       -2.425822,
       53.570146
      ],
      [
       -2.428109,
       53.572288
      ],
      [
       -2.427003,
       53.572765
      ],
      [
       -2.427601,
       53.574054
      ],
      [
       -2.429009,
       53.574074
      ],
      [
       -2.430071,
       53.574057
      ],
      [
       -2.43077,
       53.574089
      ],
      [
       -2.432004,
       53.574097
      ],
      [
       -2.432341,
       53.574085
      ],
      [
       -2.43269,
       53.574047
      ],
      [
       -2.433655,
       53.573829
      ],
      [
       -2.434018,
       53.573669
      ],
      [
       -2.434308,
       53.573512
      ],
      [
       -2.436179,
       53.572179
      ],
      [
       -2.436712,
       53.572365
      ],
      [
       -2.439054,
       53.573783
      ]
     ]
    ],
    "type": "Polygon"
   }
  },
  {
   "type": "Feature",
   "properties": {
    "id": "crompton-place",
    "name": "Crompton Place",
    "borough": "Bolton",
    "category": "mixed",
    "status": "on-site",
    "lead": "MEPC (Federated Hermes); Bolton Council; Rhodar (demolition)",
    "architects": null,
    "stated_area_ha": null,
    "homes": 340,
    "jobs": null,
    "commercial": "110-bed hotel; c.80k sq ft offices",
    "investment": "c.£250m",
    "milestone": "Demolition started Aug 2026 (50 weeks). No planning application yet.",
    "milestone_date": "2026-08",
    "summary": null,
    "links": [
     {
      "label": "Bolton",
      "url": "https://www.bolton.gov.uk/news/article/2087/work-starts-to-demolish-crompton-place"
     }
    ],
    "images": [
     {
      "src": "assets/images/crompton-place/01.jpg",
      "caption": "Work starts to demolish Crompton Place – Bolton Council",
      "credit": "Bolton Council",
      "source_url": "https://www.bolton.gov.uk/news/article/2087/work-starts-to-demolish-crompton-place",
      "licence": "all rights reserved — research use with attribution",
      "px": [
       1200,
       600
      ]
     },
     {
      "src": "assets/images/crompton-place/02.jpg",
      "caption": "Bradshawgate and Crompton Place - geograph.org.uk - 6549349",
      "credit": "philandju",
      "source_url": "https://commons.wikimedia.org/wiki/File:Bradshawgate_and_Crompton_Place_-_geograph.org.uk_-_6549349.jpg",
      "licence": "CC BY-SA 2.0",
      "px": [
       1600,
       1286
      ]
     },
     {
      "src": "assets/images/crompton-place/03.jpg",
      "caption": "Crompton Place - geograph.org.uk - 6900959",
      "credit": "philandju",
      "source_url": "https://commons.wikimedia.org/wiki/File:Crompton_Place_-_geograph.org.uk_-_6900959.jpg",
      "licence": "CC BY-SA 2.0",
      "px": [
       1600,
       1113
      ]
     }
    ],
    "confidence": "point-estimate",
    "boundary_source": "centroid estimate"
   },
   "geometry": {
    "type": "Point",
    "coordinates": [
     -2.429,
     53.578
    ]
   }
  },
  {
   "type": "Feature",
   "properties": {
    "id": "church-wharf",
    "name": "Church Wharf",
    "borough": "Bolton",
    "category": "housing",
    "status": "consented",
    "lead": "Watson Homes; Bolton Council",
    "architects": null,
    "stated_area_ha": 3,
    "homes": 415,
    "jobs": null,
    "commercial": "130-bed hotel",
    "investment": "£100m",
    "milestone": "Permission granted Oct 2025; phased 2025–29.",
    "milestone_date": "2025-10",
    "summary": null,
    "links": [
     {
      "label": "Construction Enquirer",
      "url": "https://www.constructionenquirer.com/2025/10/03/go-ahead-for-100m-church-wharf-regeneration-in-bolton/"
     }
    ],
    "images": [
     {
      "src": "assets/images/church-wharf/01.jpg",
      "caption": "Go-ahead for Bolton £100m Church Wharf regeneration",
      "credit": "Construction Enquirer",
      "source_url": "https://www.constructionenquirer.com/2025/10/03/go-ahead-for-100m-church-wharf-regeneration-in-bolton/",
      "licence": "all rights reserved — research use with attribution",
      "px": [
       1200,
       828
      ]
     }
    ],
    "confidence": "land-supply-site",
    "boundary_source": "GMCA 2025 housing land supply site",
    "boundary_features": 1
   },
   "geometry": {
    "coordinates": [
     [
      [
       -2.425116,
       53.581727
      ],
      [
       -2.424643,
       53.581194
      ],
      [
       -2.424471,
       53.581198
      ],
      [
       -2.424427,
       53.581093
      ],
      [
       -2.424194,
       53.580934
      ],
      [
       -2.424068,
       53.580974
      ],
      [
       -2.423848,
       53.580985
      ],
      [
       -2.423756,
       53.58101
      ],
      [
       -2.423236,
       53.581018
      ],
      [
       -2.422944,
       53.580741
      ],
      [
       -2.422599,
       53.580302
      ],
      [
       -2.422623,
       53.580208
      ],
      [
       -2.4225,
       53.579953
      ],
      [
       -2.4235,
       53.579792
      ],
      [
       -2.423615,
       53.579846
      ],
      [
       -2.42381,
       53.579817
      ],
      [
       -2.423856,
       53.579911
      ],
      [
       -2.424032,
       53.579973
      ],
      [
       -2.424362,
       53.580041
      ],
      [
       -2.424313,
       53.580113
      ],
      [
       -2.425171,
       53.580384
      ],
      [
       -2.425172,
       53.580398
      ],
      [
       -2.425235,
       53.580418
      ],
      [
       -2.425625,
       53.580396
      ],
      [
       -2.425795,
       53.580218
      ],
      [
       -2.426012,
       53.580191
      ],
      [
       -2.426473,
       53.580292
      ],
      [
       -2.426383,
       53.580478
      ],
      [
       -2.426301,
       53.580883
      ],
      [
       -2.426456,
       53.580894
      ],
      [
       -2.426392,
       53.581179
      ],
      [
       -2.426248,
       53.581158
      ],
      [
       -2.426116,
       53.581341
      ],
      [
       -2.425997,
       53.581451
      ],
      [
       -2.425116,
       53.581727
      ]
     ]
    ],
    "type": "Polygon"
   }
  },
  {
   "type": "Feature",
   "properties": {
    "id": "rivington-chase",
    "name": "Rivington Chase (Horwich Loco Works)",
    "borough": "Bolton",
    "category": "housing",
    "status": "on-site",
    "lead": "Bluemantle/HKR; Homes England; Bolton Council; Bellway",
    "architects": null,
    "stated_area_ha": null,
    "homes": 1700,
    "jobs": null,
    "commercial": null,
    "investment": null,
    "milestone": "Outline 2015. Bellway 458 homes (32 ac) decision expected early 2026 — outcome unverified.",
    "milestone_date": "2026-01",
    "summary": null,
    "links": [
     {
      "label": "PNW",
      "url": "https://www.placenorthwest.co.uk/bellway-lodges-plans-for-458-homes-at-horwich-loco-works/"
     }
    ],
    "images": [
     {
      "src": "assets/images/rivington-chase/01.jpg",
      "caption": "Bellway lodges plans for 458 homes at Horwich Loco Works - Place North West",
      "credit": "Place North West",
      "source_url": "https://www.placenorthwest.co.uk/bellway-lodges-plans-for-458-homes-at-horwich-loco-works/",
      "licence": "all rights reserved — research use with attribution",
      "px": [
       1024,
       576
      ]
     }
    ],
    "confidence": "land-supply-plots",
    "boundary_source": "GMCA 2025 housing land supply plots (dissolved)",
    "boundary_features": 6
   },
   "geometry": {
    "coordinates": [
     [
      [
       -2.565037,
       53.592504
      ],
      [
       -2.564533,
       53.592987
      ],
      [
       -2.564223,
       53.592891
      ],
      [
       -2.564374,
       53.592748
      ],
      [
       -2.564319,
       53.592721
      ],
      [
       -2.564197,
       53.592744
      ],
      [
       -2.564068,
       53.592661
      ],
      [
       -2.564035,
       53.592679
      ],
      [
       -2.563421,
       53.592654
      ],
      [
       -2.562775,
       53.592543
      ],
      [
       -2.562623,
       53.592706
      ],
      [
       -2.562603,
       53.592815
      ],
      [
       -2.562534,
       53.592879
      ],
      [
       -2.562358,
       53.592847
      ],
      [
       -2.562322,
       53.592879
      ],
      [
       -2.561662,
       53.592876
      ],
      [
       -2.561666,
       53.592595
      ],
      [
       -2.559691,
       53.593124
      ],
      [
       -2.558753,
       53.593565
      ],
      [
       -2.558228,
       53.593733
      ],
      [
       -2.557432,
       53.594298
      ],
      [
       -2.557027,
       53.593816
      ],
      [
       -2.554192,
       53.594673
      ],
      [
       -2.553621,
       53.594784
      ],
      [
       -2.551127,
       53.593457
      ],
      [
       -2.550043,
       53.594135
      ],
      [
       -2.549797,
       53.594024
      ],
      [
       -2.549713,
       53.594056
      ],
      [
       -2.550022,
       53.594215
      ],
      [
       -2.549667,
       53.594074
      ],
      [
       -2.549572,
       53.594126
      ],
      [
       -2.549553,
       53.594119
      ],
      [
       -2.547747,
       53.595348
      ],
      [
       -2.54751,
       53.595506
      ],
      [
       -2.547451,
       53.595529
      ],
      [
       -2.547424,
       53.595571
      ],
      [
       -2.547436,
       53.595613
      ],
      [
       -2.546823,
       53.595275
      ],
      [
       -2.546827,
       53.595241
      ],
      [
       -2.547695,
       53.59465
      ],
      [
       -2.547718,
       53.594662
      ],
      [
       -2.546851,
       53.595256
      ],
      [
       -2.546954,
       53.595301
      ],
      [
       -2.547081,
       53.595275
      ],
      [
       -2.54713,
       53.595281
      ],
      [
       -2.547156,
       53.595326
      ],
      [
       -2.547117,
       53.595386
      ],
      [
       -2.547161,
       53.595432
      ],
      [
       -2.547246,
       53.595464
      ],
      [
       -2.54736,
       53.595453
      ],
      [
       -2.54802,
       53.595016
      ],
      [
       -2.547778,
       53.594887
      ],
      [
       -2.54786,
       53.594831
      ],
      [
       -2.548031,
       53.594717
      ],
      [
       -2.548072,
       53.594738
      ],
      [
       -2.5488,
       53.594243
      ],
      [
       -2.548997,
       53.594351
      ],
      [
       -2.549342,
       53.594117
      ],
      [
       -2.549324,
       53.594077
      ],
      [
       -2.548645,
       53.593721
      ],
      [
       -2.548625,
       53.593635
      ],
      [
       -2.54615,
       53.592349
      ],
      [
       -2.545717,
       53.592644
      ],
      [
       -2.546032,
       53.592804
      ],
      [
       -2.545249,
       53.593354
      ],
      [
       -2.544575,
       53.592995
      ],
      [
       -2.544065,
       53.59334
      ],
      [
       -2.543698,
       53.593153
      ],
      [
       -2.543592,
       53.593074
      ],
      [
       -2.543224,
       53.59288
      ],
      [
       -2.543207,
       53.592838
      ],
      [
       -2.542435,
       53.592448
      ],
      [
       -2.542922,
       53.592118
      ],
      [
       -2.540699,
       53.590934
      ],
      [
       -2.539853,
       53.591529
      ],
      [
       -2.539824,
       53.591605
      ],
      [
       -2.53949,
       53.591477
      ],
      [
       -2.53964,
       53.591342
      ],
      [
       -2.539408,
       53.591251
      ],
      [
       -2.539419,
       53.591241
      ],
      [
       -2.539377,
       53.591222
      ],
      [
       -2.539935,
       53.590721
      ],
      [
       -2.54005,
       53.590597
      ],
      [
       -2.538863,
       53.589955
      ],
      [
       -2.540529,
       53.588817
      ],
      [
       -2.54015,
       53.588586
      ],
      [
       -2.539989,
       53.588466
      ],
      [
       -2.539925,
       53.588444
      ],
      [
       -2.539869,
       53.588392
      ],
      [
       -2.540009,
       53.588329
      ],
      [
       -2.540801,
       53.588478
      ],
      [
       -2.541646,
       53.587752
      ],
      [
       -2.541596,
       53.587624
      ],
      [
       -2.54162,
       53.587388
      ],
      [
       -2.541543,
       53.587205
      ],
      [
       -2.54137,
       53.586931
      ],
      [
       -2.541622,
       53.586787
      ],
      [
       -2.542759,
       53.586068
      ],
      [
       -2.542835,
       53.586037
      ],
      [
       -2.542931,
       53.585964
      ],
      [
       -2.542789,
       53.585844
      ],
      [
       -2.5421,
       53.585152
      ],
      [
       -2.542085,
       53.585101
      ],
      [
       -2.541715,
       53.584803
      ],
      [
       -2.541622,
       53.584811
      ],
      [
       -2.541718,
       53.584348
      ],
      [
       -2.541695,
       53.583655
      ],
      [
       -2.541756,
       53.581994
      ],
      [
       -2.542238,
       53.581871
      ],
      [
       -2.542204,
       53.583874
      ],
      [
       -2.542863,
       53.584743
      ],
      [
       -2.543764,
       53.585623
      ],
      [
       -2.543821,
       53.585644
      ],
      [
       -2.543871,
       53.585641
      ],
      [
       -2.544502,
       53.58547
      ],
      [
       -2.545333,
       53.586158
      ],
      [
       -2.545592,
       53.586294
      ],
      [
       -2.54566,
       53.586355
      ],
      [
       -2.545486,
       53.586439
      ],
      [
       -2.545436,
       53.586486
      ],
      [
       -2.545408,
       53.586519
      ],
      [
       -2.54541,
       53.586632
      ],
      [
       -2.546058,
       53.58723
      ],
      [
       -2.545998,
       53.58732
      ],
      [
       -2.546018,
       53.58737
      ],
      [
       -2.546047,
       53.587382
      ],
      [
       -2.546028,
       53.587415
      ],
      [
       -2.546182,
       53.587465
      ],
      [
       -2.545644,
       53.587811
      ],
      [
       -2.54565,
       53.587828
      ],
      [
       -2.545574,
       53.58789
      ],
      [
       -2.545468,
       53.587904
      ],
      [
       -2.545297,
       53.588011
      ],
      [
       -2.545306,
       53.588029
      ],
      [
       -2.545095,
       53.588089
      ],
      [
       -2.545309,
       53.5883
      ],
      [
       -2.545407,
       53.588371
      ],
      [
       -2.54552,
       53.588425
      ],
      [
       -2.545712,
       53.588481
      ],
      [
       -2.545914,
       53.588695
      ],
      [
       -2.546357,
       53.588981
      ],
      [
       -2.546647,
       53.589129
      ],
      [
       -2.546943,
       53.589328
      ],
      [
       -2.547578,
       53.589695
      ],
      [
       -2.547792,
       53.58979
      ],
      [
       -2.548413,
       53.589996
      ],
      [
       -2.549313,
       53.590239
      ],
      [
       -2.551045,
       53.590837
      ],
      [
       -2.551428,
       53.590939
      ],
      [
       -2.551481,
       53.590909
      ],
      [
       -2.551871,
       53.590369
      ],
      [
       -2.551944,
       53.590344
      ],
      [
       -2.552397,
       53.590373
      ],
      [
       -2.553275,
       53.590353
      ],
      [
       -2.55464,
       53.590551
      ],
      [
       -2.555216,
       53.590552
      ],
      [
       -2.555826,
       53.590515
      ],
      [
       -2.556908,
       53.590257
      ],
      [
       -2.556924,
       53.590274
      ],
      [
       -2.557051,
       53.590247
      ],
      [
       -2.557186,
       53.590439
      ],
      [
       -2.557317,
       53.590414
      ],
      [
       -2.557531,
       53.59091
      ],
      [
       -2.557795,
       53.590908
      ],
      [
       -2.558062,
       53.590852
      ],
      [
       -2.558122,
       53.590872
      ],
      [
       -2.558171,
       53.590918
      ],
      [
       -2.558269,
       53.590967
      ],
      [
       -2.558188,
       53.590786
      ],
      [
       -2.558261,
       53.590772
      ],
      [
       -2.558069,
       53.590279
      ],
      [
       -2.557924,
       53.590051
      ],
      [
       -2.558062,
       53.590012
      ],
      [
       -2.559366,
       53.589859
      ],
      [
       -2.560517,
       53.589842
      ],
      [
       -2.561355,
       53.590614
      ],
      [
       -2.562254,
       53.591377
      ],
      [
       -2.562403,
       53.592082
      ],
      [
       -2.563511,
       53.591858
      ],
      [
       -2.563734,
       53.591825
      ],
      [
       -2.563862,
       53.591845
      ],
      [
       -2.564046,
       53.591952
      ],
      [
       -2.563981,
       53.592085
      ],
      [
       -2.564065,
       53.592172
      ],
      [
       -2.564217,
       53.59227
      ],
      [
       -2.564583,
       53.592439
      ],
      [
       -2.56486,
       53.592588
      ],
      [
       -2.564996,
       53.592481
      ],
      [
       -2.565037,
       53.592504
      ]
     ],
     [
      [
       -2.553153,
       53.593768
      ],
      [
       -2.553137,
       53.593797
      ],
      [
       -2.553159,
       53.593779
      ],
      [
       -2.553607,
       53.593957
      ],
      [
       -2.553153,
       53.593768
      ]
     ],
     [
      [
       -2.552754,
       53.593247
      ],
      [
       -2.552824,
       53.593382
      ],
      [
       -2.552886,
       53.593469
      ],
      [
       -2.552754,
       53.593247
      ]
     ],
     [
      [
       -2.55178,
       53.592783
      ],
      [
       -2.551835,
       53.592826
      ],
      [
       -2.552754,
       53.593247
      ],
      [
       -2.55178,
       53.592783
      ]
     ],
     [
      [
       -2.551347,
       53.593257
      ],
      [
       -2.551361,
       53.593257
      ],
      [
       -2.551368,
       53.593255
      ],
      [
       -2.551347,
       53.593257
      ]
     ],
     [
      [
       -2.551106,
       53.593222
      ],
      [
       -2.55115,
       53.593249
      ],
      [
       -2.551166,
       53.59325
      ],
      [
       -2.551106,
       53.593222
      ]
     ],
     [
      [
       -2.563808,
       53.591859
      ],
      [
       -2.563822,
       53.591866
      ],
      [
       -2.563812,
       53.591859
      ],
      [
       -2.563808,
       53.591859
      ]
     ],
     [
      [
       -2.561507,
       53.592254
      ],
      [
       -2.561894,
       53.592076
      ],
      [
       -2.561504,
       53.59225
      ],
      [
       -2.561507,
       53.592254
      ]
     ],
     [
      [
       -2.556745,
       53.591005
      ],
      [
       -2.55757,
       53.59105
      ],
      [
       -2.560188,
       53.591644
      ],
      [
       -2.557632,
       53.591051
      ],
      [
       -2.556745,
       53.591005
      ]
     ],
     [
      [
       -2.554462,
       53.59161
      ],
      [
       -2.555456,
       53.591438
      ],
      [
       -2.554441,
       53.59161
      ],
      [
       -2.554462,
       53.59161
      ]
     ],
     [
      [
       -2.551588,
       53.592636
      ],
      [
       -2.551596,
       53.592597
      ],
      [
       -2.551443,
       53.59259
      ],
      [
       -2.551588,
       53.592636
      ]
     ],
     [
      [
       -2.550251,
       53.592699
      ],
      [
       -2.550439,
       53.592709
      ],
      [
       -2.550572,
       53.592764
      ],
      [
       -2.550553,
       53.59272
      ],
      [
       -2.550722,
       53.592674
      ],
      [
       -2.550591,
       53.592701
      ],
      [
       -2.550251,
       53.592699
      ]
     ],
     [
      [
       -2.550251,
       53.592699
      ],
      [
       -2.54676,
       53.590916
      ],
      [
       -2.547467,
       53.590189
      ],
      [
       -2.546646,
       53.590876
      ],
      [
       -2.550251,
       53.592699
      ]
     ],
     [
      [
       -2.543441,
       53.587916
      ],
      [
       -2.543178,
       53.587845
      ],
      [
       -2.542839,
       53.587793
      ],
      [
       -2.542301,
       53.587857
      ],
      [
       -2.542009,
       53.587973
      ],
      [
       -2.541731,
       53.58783
      ],
      [
       -2.540704,
       53.588697
      ],
      [
       -2.543078,
       53.589887
      ],
      [
       -2.543223,
       53.589917
      ],
      [
       -2.54342,
       53.589989
      ],
      [
       -2.543339,
       53.590129
      ],
      [
       -2.543451,
       53.590017
      ],
      [
       -2.543509,
       53.590063
      ],
      [
       -2.543546,
       53.590004
      ],
      [
       -2.544241,
       53.589668
      ],
      [
       -2.545272,
       53.589029
      ],
      [
       -2.545432,
       53.588959
      ],
      [
       -2.543441,
       53.587916
      ]
     ],
     [
      [
       -2.547533,
       53.591862
      ],
      [
       -2.54745,
       53.591803
      ],
      [
       -2.54751,
       53.591876
      ],
      [
       -2.547533,
       53.591862
      ]
     ],
     [
      [
       -2.549263,
       53.592325
      ],
      [
       -2.5479,
       53.591633
      ],
      [
       -2.547785,
       53.59171
      ],
      [
       -2.54787,
       53.591659
      ],
      [
       -2.549263,
       53.592325
      ]
     ],
     [
      [
       -2.547824,
       53.59312
      ],
      [
       -2.547864,
       53.593141
      ],
      [
       -2.548797,
       53.592515
      ],
      [
       -2.547824,
       53.59312
      ]
     ],
     [
      [
       -2.550635,
       53.593257
      ],
      [
       -2.550633,
       53.593123
      ],
      [
       -2.550618,
       53.593097
      ],
      [
       -2.550427,
       53.593202
      ],
      [
       -2.550579,
       53.593269
      ],
      [
       -2.550599,
       53.593298
      ],
      [
       -2.550635,
       53.593257
      ]
     ],
     [
      [
       -2.55308,
       53.593843
      ],
      [
       -2.553103,
       53.593824
      ],
      [
       -2.553078,
       53.593785
      ],
      [
       -2.55308,
       53.593843
      ]
     ],
     [
      [
       -2.552385,
       53.594088
      ],
      [
       -2.552394,
       53.594084
      ],
      [
       -2.552015,
       53.59387
      ],
      [
       -2.552385,
       53.594088
      ]
     ]
    ],
    "type": "Polygon"
   }
  },
  {
   "type": "Feature",
   "properties": {
    "id": "fettlers",
    "name": "Fettlers (formerly Wigan Galleries)",
    "borough": "Wigan",
    "category": "mixed",
    "status": "on-site",
    "lead": "Cityheart + Wigan Council; Galliford Try",
    "architects": null,
    "stated_area_ha": null,
    "homes": 464,
    "jobs": 660,
    "commercial": "144-bed Hampton by Hilton; Market Hall; leisure/multimedia centre",
    "investment": "£135m",
    "milestone": "Market Hall opens Christmas 2026; hotel + Ph1 winter 2027.",
    "milestone_date": "2026-12",
    "summary": null,
    "links": [
     {
      "label": "PNW",
      "url": "https://www.placenorthwest.co.uk/135m-wigan-galleries-regen-project-rebranded-fettlers/"
     }
    ],
    "images": [
     {
      "src": "assets/images/fettlers/01.jpg",
      "caption": "£135m Wigan Galleries regen project rebranded ‘Fettlers’ - Place North West",
      "credit": "Place North West",
      "source_url": "https://www.placenorthwest.co.uk/135m-wigan-galleries-regen-project-rebranded-fettlers/",
      "licence": "all rights reserved — research use with attribution",
      "px": [
       1024,
       768
      ]
     }
    ],
    "confidence": "land-supply-site",
    "boundary_source": "GMCA 2025 housing land supply site",
    "boundary_features": 1
   },
   "geometry": {
    "coordinates": [
     [
      [
       -2.632413,
       53.549371
      ],
      [
       -2.632134,
       53.549352
      ],
      [
       -2.631381,
       53.548549
      ],
      [
       -2.631544,
       53.548486
      ],
      [
       -2.631451,
       53.548369
      ],
      [
       -2.63326,
       53.547825
      ],
      [
       -2.633769,
       53.548513
      ],
      [
       -2.632413,
       53.549371
      ]
     ]
    ],
    "type": "Polygon"
   }
  },
  {
   "type": "Feature",
   "properties": {
    "id": "west-of-gibfield",
    "name": "West of Gibfield / Gibfield Park (PfE JPA34)",
    "borough": "Wigan",
    "category": "mixed",
    "status": "proposed",
    "lead": "Peel",
    "architects": null,
    "stated_area_ha": 70,
    "homes": 500,
    "jobs": null,
    "commercial": "490,000 sq ft industrial; 71 ac country park",
    "investment": null,
    "milestone": "Consultation launched Feb 2026.",
    "milestone_date": "2026-02",
    "summary": "Atherton.",
    "links": [
     {
      "label": "PNW",
      "url": "https://www.placenorthwest.co.uk/peel-plans-500-homes-490000-sq-ft-industrial-in-wigan/"
     }
    ],
    "images": [
     {
      "src": "assets/images/west-of-gibfield/01.jpg",
      "caption": "Peel plans 500 homes, 490,000 sq ft industrial in Wigan - Place North West",
      "credit": "Place North West",
      "source_url": "https://www.placenorthwest.co.uk/peel-plans-500-homes-490000-sq-ft-industrial-in-wigan/",
      "licence": "all rights reserved — research use with attribution",
      "px": [
       1024,
       478
      ]
     }
    ],
    "confidence": "allocation-boundary",
    "boundary_source": "PfE 2024 allocation JPA34 (GMCA, OGL)",
    "boundary_features": 1
   },
   "geometry": {
    "coordinates": [
     [
      [
       -2.504568,
       53.536252
      ],
      [
       -2.504789,
       53.535622
      ],
      [
       -2.505028,
       53.535077
      ],
      [
       -2.505141,
       53.535094
      ],
      [
       -2.505253,
       53.534681
      ],
      [
       -2.505289,
       53.534535
      ],
      [
       -2.505306,
       53.534138
      ],
      [
       -2.505276,
       53.533623
      ],
      [
       -2.505974,
       53.533387
      ],
      [
       -2.506093,
       53.533316
      ],
      [
       -2.506951,
       53.533096
      ],
      [
       -2.507457,
       53.533005
      ],
      [
       -2.507963,
       53.532981
      ],
      [
       -2.508578,
       53.533029
      ],
      [
       -2.508806,
       53.533015
      ],
      [
       -2.50962,
       53.533078
      ],
      [
       -2.509974,
       53.532331
      ],
      [
       -2.510175,
       53.531747
      ],
      [
       -2.510275,
       53.531342
      ],
      [
       -2.510556,
       53.531149
      ],
      [
       -2.510758,
       53.530847
      ],
      [
       -2.510847,
       53.530404
      ],
      [
       -2.510828,
       53.530122
      ],
      [
       -2.510838,
       53.529642
      ],
      [
       -2.510693,
       53.529407
      ],
      [
       -2.510453,
       53.529145
      ],
      [
       -2.510465,
       53.528825
      ],
      [
       -2.51024,
       53.528419
      ],
      [
       -2.510216,
       53.528259
      ],
      [
       -2.507769,
       53.527979
      ],
      [
       -2.507468,
       53.527819
      ],
      [
       -2.507447,
       53.527698
      ],
      [
       -2.507924,
       53.527599
      ],
      [
       -2.50764,
       53.527083
      ],
      [
       -2.506802,
       53.527223
      ],
      [
       -2.506641,
       53.526896
      ],
      [
       -2.508847,
       53.523699
      ],
      [
       -2.508894,
       53.523525
      ],
      [
       -2.510833,
       53.522924
      ],
      [
       -2.512023,
       53.522653
      ],
      [
       -2.512334,
       53.523122
      ],
      [
       -2.513782,
       53.522784
      ],
      [
       -2.514327,
       53.52329
      ],
      [
       -2.515273,
       53.523112
      ],
      [
       -2.515756,
       53.5239
      ],
      [
       -2.516164,
       53.523808
      ],
      [
       -2.516452,
       53.524318
      ],
      [
       -2.516578,
       53.524935
      ],
      [
       -2.516533,
       53.525466
      ],
      [
       -2.516439,
       53.525951
      ],
      [
       -2.515723,
       53.529269
      ],
      [
       -2.515756,
       53.529367
      ],
      [
       -2.515757,
       53.529547
      ],
      [
       -2.515723,
       53.529859
      ],
      [
       -2.515636,
       53.530051
      ],
      [
       -2.51535,
       53.530221
      ],
      [
       -2.515573,
       53.530568
      ],
      [
       -2.515586,
       53.53074
      ],
      [
       -2.515583,
       53.530767
      ],
      [
       -2.515388,
       53.530976
      ],
      [
       -2.515396,
       53.531131
      ],
      [
       -2.515458,
       53.53128
      ],
      [
       -2.51561,
       53.531357
      ],
      [
       -2.515793,
       53.531762
      ],
      [
       -2.516018,
       53.532155
      ],
      [
       -2.516048,
       53.532393
      ],
      [
       -2.515852,
       53.53263
      ],
      [
       -2.515891,
       53.532781
      ],
      [
       -2.516014,
       53.532963
      ],
      [
       -2.515923,
       53.533174
      ],
      [
       -2.516058,
       53.533295
      ],
      [
       -2.516153,
       53.533418
      ],
      [
       -2.516024,
       53.533639
      ],
      [
       -2.516055,
       53.533733
      ],
      [
       -2.516151,
       53.533873
      ],
      [
       -2.516111,
       53.533949
      ],
      [
       -2.516016,
       53.533939
      ],
      [
       -2.515972,
       53.533962
      ],
      [
       -2.516032,
       53.534142
      ],
      [
       -2.516011,
       53.534264
      ],
      [
       -2.51583,
       53.534464
      ],
      [
       -2.515767,
       53.534483
      ],
      [
       -2.515612,
       53.53448
      ],
      [
       -2.515474,
       53.534438
      ],
      [
       -2.515333,
       53.534416
      ],
      [
       -2.515282,
       53.534438
      ],
      [
       -2.515303,
       53.534507
      ],
      [
       -2.515474,
       53.534646
      ],
      [
       -2.515523,
       53.534726
      ],
      [
       -2.51553,
       53.534794
      ],
      [
       -2.515484,
       53.534852
      ],
      [
       -2.515237,
       53.535012
      ],
      [
       -2.515363,
       53.535117
      ],
      [
       -2.515425,
       53.535275
      ],
      [
       -2.515525,
       53.535416
      ],
      [
       -2.515592,
       53.53549
      ],
      [
       -2.515744,
       53.535583
      ],
      [
       -2.515531,
       53.535804
      ],
      [
       -2.515213,
       53.535804
      ],
      [
       -2.514764,
       53.535883
      ],
      [
       -2.513658,
       53.536207
      ],
      [
       -2.513063,
       53.53632
      ],
      [
       -2.512857,
       53.536223
      ],
      [
       -2.512107,
       53.535577
      ],
      [
       -2.511074,
       53.534752
      ],
      [
       -2.510923,
       53.534735
      ],
      [
       -2.510574,
       53.534389
      ],
      [
       -2.510316,
       53.534241
      ],
      [
       -2.51018,
       53.534092
      ],
      [
       -2.50975,
       53.534341
      ],
      [
       -2.509537,
       53.534326
      ],
      [
       -2.509382,
       53.534557
      ],
      [
       -2.509207,
       53.534886
      ],
      [
       -2.508966,
       53.535017
      ],
      [
       -2.509134,
       53.535245
      ],
      [
       -2.508637,
       53.535215
      ],
      [
       -2.508415,
       53.535164
      ],
      [
       -2.507959,
       53.53511
      ],
      [
       -2.507619,
       53.53598
      ],
      [
       -2.507315,
       53.536436
      ],
      [
       -2.507101,
       53.536659
      ],
      [
       -2.506669,
       53.536613
      ],
      [
       -2.504805,
       53.536342
      ],
      [
       -2.504568,
       53.536252
      ]
     ]
    ],
    "type": "Polygon"
   }
  },
  {
   "type": "Feature",
   "properties": {
    "id": "m6-j25",
    "name": "M6 Junction 25 (PfE JPA31)",
    "borough": "Wigan",
    "category": "employment",
    "status": "consented",
    "lead": "Ask Developments / Peloton",
    "architects": null,
    "stated_area_ha": null,
    "homes": null,
    "jobs": null,
    "commercial": "c.140,000 m² allocated; 133,966 m² B8 consented on appeal Jun 2021",
    "investment": null,
    "milestone": "No 2025–26 milestone found.",
    "milestone_date": "2021-06",
    "summary": null,
    "links": [
     {
      "label": "Wigan",
      "url": "https://www.wigan.gov.uk/Business/Business-Support/Choose-Wigan/Employment-land/Sites/Land-M6-J25.aspx"
     }
    ],
    "images": [
     {
      "src": "assets/images/m6-j25/01.jpg",
      "caption": "Footbridge over M6 north of junction 25 - geograph.org.uk - 5316892",
      "credit": "Gary Rogers",
      "source_url": "https://commons.wikimedia.org/wiki/File:Footbridge_over_M6_north_of_junction_25_-_geograph.org.uk_-_5316892.jpg",
      "licence": "CC BY-SA 2.0",
      "px": [
       1024,
       768
      ]
     },
     {
      "src": "assets/images/m6-j25/02.jpg",
      "caption": "Junction 25 signage - northbound M6 - geograph.org.uk - 6990132",
      "credit": "Dave Thompson",
      "source_url": "https://commons.wikimedia.org/wiki/File:Junction_25_signage_-_northbound_M6_-_geograph.org.uk_-_6990132.jpg",
      "licence": "CC BY-SA 2.0",
      "px": [
       1024,
       768
      ]
     },
     {
      "src": "assets/images/m6-j25/03.jpg",
      "caption": "M6 Junction 25 Northbound Exit road to A49 - geograph.org.uk - 5311601",
      "credit": "Gary Rogers",
      "source_url": "https://commons.wikimedia.org/wiki/File:M6_Junction_25_Northbound_Exit_road_to_A49_-_geograph.org.uk_-_5311601.jpg",
      "licence": "CC BY-SA 2.0",
      "px": [
       1024,
       768
      ]
     }
    ],
    "confidence": "allocation-boundary",
    "boundary_source": "PfE 2024 allocation JPA31 (GMCA, OGL)",
    "boundary_features": 1
   },
   "geometry": {
    "coordinates": [
     [
      [
       -2.652754,
       53.515381
      ],
      [
       -2.652526,
       53.514481
      ],
      [
       -2.652541,
       53.514306
      ],
      [
       -2.652675,
       53.514112
      ],
      [
       -2.652598,
       53.514059
      ],
      [
       -2.652926,
       53.513534
      ],
      [
       -2.6531,
       53.513304
      ],
      [
       -2.653519,
       53.513174
      ],
      [
       -2.654595,
       53.512945
      ],
      [
       -2.655609,
       53.512614
      ],
      [
       -2.657233,
       53.512004
      ],
      [
       -2.658437,
       53.511455
      ],
      [
       -2.659653,
       53.510792
      ],
      [
       -2.660423,
       53.510241
      ],
      [
       -2.661442,
       53.509457
      ],
      [
       -2.661945,
       53.508978
      ],
      [
       -2.662505,
       53.508371
      ],
      [
       -2.662918,
       53.507849
      ],
      [
       -2.663361,
       53.507193
      ],
      [
       -2.663848,
       53.506366
      ],
      [
       -2.664014,
       53.505933
      ],
      [
       -2.666472,
       53.507375
      ],
      [
       -2.667629,
       53.507927
      ],
      [
       -2.668754,
       53.508436
      ],
      [
       -2.669901,
       53.508913
      ],
      [
       -2.671112,
       53.509613
      ],
      [
       -2.671395,
       53.510113
      ],
      [
       -2.671623,
       53.510778
      ],
      [
       -2.671641,
       53.510968
      ],
      [
       -2.671932,
       53.511053
      ],
      [
       -2.672082,
       53.511165
      ],
      [
       -2.670098,
       53.512787
      ],
      [
       -2.669073,
       53.51319
      ],
      [
       -2.668568,
       53.513315
      ],
      [
       -2.66742,
       53.51315
      ],
      [
       -2.667262,
       53.513565
      ],
      [
       -2.666535,
       53.513523
      ],
      [
       -2.666358,
       53.513603
      ],
      [
       -2.665675,
       53.513691
      ],
      [
       -2.665457,
       53.513793
      ],
      [
       -2.664544,
       53.514087
      ],
      [
       -2.663549,
       53.514383
      ],
      [
       -2.662861,
       53.514487
      ],
      [
       -2.660855,
       53.514645
      ],
      [
       -2.660825,
       53.514753
      ],
      [
       -2.660838,
       53.514797
      ],
      [
       -2.660785,
       53.514954
      ],
      [
       -2.660713,
       53.515042
      ],
      [
       -2.66034,
       53.515243
      ],
      [
       -2.655281,
       53.515297
      ],
      [
       -2.655082,
       53.515511
      ],
      [
       -2.655126,
       53.515741
      ],
      [
       -2.65403,
       53.515833
      ],
      [
       -2.652812,
       53.515874
      ],
      [
       -2.652754,
       53.515381
      ]
     ]
    ],
    "type": "Polygon"
   }
  },
  {
   "type": "Feature",
   "properties": {
    "id": "godley-green",
    "name": "Godley Green Garden Village (PfE JPA28)",
    "borough": "Tameside",
    "category": "housing",
    "status": "consented",
    "lead": "Tameside Council + MADE Partnership (Barratt Redrow, Homes England, Lloyds)",
    "architects": null,
    "stated_area_ha": null,
    "homes": 2150,
    "jobs": null,
    "commercial": "Primary school; 2 local centres; 15-year build",
    "investment": "GDV £750m+; £17.4m GMCA enabling",
    "milestone": "Refused Jan 2026, then resolution to grant revised plans 18 Mar 2026 (21/01171/OUT). Start on site targeted autumn 2026; S106 signature unverified.",
    "milestone_date": "2026-03",
    "summary": null,
    "links": [
     {
      "label": "Construction Enquirer",
      "url": "https://www.constructionenquirer.com/2026/03/19/go-ahead-for-manchester-garden-village/"
     }
    ],
    "images": [
     {
      "src": "assets/images/godley-green/01.jpg",
      "caption": "Go-ahead for Manchester Garden Village",
      "credit": "Construction Enquirer",
      "source_url": "https://www.constructionenquirer.com/2026/03/19/go-ahead-for-manchester-garden-village/",
      "licence": "all rights reserved — research use with attribution",
      "px": [
       1200,
       828
      ]
     }
    ],
    "confidence": "allocation-boundary",
    "boundary_source": "PfE 2024 allocation JPA28 (GMCA, OGL)",
    "boundary_features": 1
   },
   "geometry": {
    "coordinates": [
     [
      [
       -2.05248,
       53.448826
      ],
      [
       -2.051611,
       53.448766
      ],
      [
       -2.05135,
       53.448728
      ],
      [
       -2.051344,
       53.448744
      ],
      [
       -2.050945,
       53.448698
      ],
      [
       -2.050047,
       53.448551
      ],
      [
       -2.049487,
       53.448441
      ],
      [
       -2.048987,
       53.448314
      ],
      [
       -2.048735,
       53.448206
      ],
      [
       -2.046493,
       53.447364
      ],
      [
       -2.04647,
       53.44736
      ],
      [
       -2.046287,
       53.447536
      ],
      [
       -2.041213,
       53.445556
      ],
      [
       -2.039195,
       53.444796
      ],
      [
       -2.037689,
       53.444286
      ],
      [
       -2.037118,
       53.444133
      ],
      [
       -2.036463,
       53.44392
      ],
      [
       -2.032399,
       53.442551
      ],
      [
       -2.033711,
       53.442127
      ],
      [
       -2.034114,
       53.442023
      ],
      [
       -2.034827,
       53.441872
      ],
      [
       -2.035969,
       53.441679
      ],
      [
       -2.036911,
       53.441532
      ],
      [
       -2.037108,
       53.441543
      ],
      [
       -2.037121,
       53.441525
      ],
      [
       -2.037297,
       53.441514
      ],
      [
       -2.037344,
       53.441463
      ],
      [
       -2.043872,
       53.44042
      ],
      [
       -2.043925,
       53.440446
      ],
      [
       -2.044015,
       53.440432
      ],
      [
       -2.044058,
       53.440395
      ],
      [
       -2.044228,
       53.440377
      ],
      [
       -2.044696,
       53.44037
      ],
      [
       -2.045296,
       53.440324
      ],
      [
       -2.045728,
       53.440267
      ],
      [
       -2.046608,
       53.440104
      ],
      [
       -2.049141,
       53.439818
      ],
      [
       -2.049847,
       53.439797
      ],
      [
       -2.050026,
       53.439822
      ],
      [
       -2.050571,
       53.439852
      ],
      [
       -2.050785,
       53.439882
      ],
      [
       -2.051261,
       53.439981
      ],
      [
       -2.051767,
       53.440094
      ],
      [
       -2.051804,
       53.440116
      ],
      [
       -2.05184,
       53.440114
      ],
      [
       -2.052839,
       53.440344
      ],
      [
       -2.052989,
       53.440371
      ],
      [
       -2.053028,
       53.440359
      ],
      [
       -2.053496,
       53.440464
      ],
      [
       -2.053504,
       53.440481
      ],
      [
       -2.053574,
       53.440493
      ],
      [
       -2.053579,
       53.440483
      ],
      [
       -2.053922,
       53.440539
      ],
      [
       -2.05597,
       53.44072
      ],
      [
       -2.056806,
       53.440832
      ],
      [
       -2.057784,
       53.44094
      ],
      [
       -2.058316,
       53.440976
      ],
      [
       -2.05824,
       53.441356
      ],
      [
       -2.058233,
       53.441732
      ],
      [
       -2.057768,
       53.442047
      ],
      [
       -2.057936,
       53.442262
      ],
      [
       -2.058036,
       53.442428
      ],
      [
       -2.058319,
       53.44259
      ],
      [
       -2.058439,
       53.44274
      ],
      [
       -2.058426,
       53.44281
      ],
      [
       -2.058482,
       53.442874
      ],
      [
       -2.058491,
       53.443058
      ],
      [
       -2.058345,
       53.443158
      ],
      [
       -2.058326,
       53.443253
      ],
      [
       -2.058479,
       53.44341
      ],
      [
       -2.05852,
       53.443481
      ],
      [
       -2.058712,
       53.443598
      ],
      [
       -2.058743,
       53.443636
      ],
      [
       -2.058852,
       53.443637
      ],
      [
       -2.058951,
       53.443695
      ],
      [
       -2.058962,
       53.443729
      ],
      [
       -2.059008,
       53.443751
      ],
      [
       -2.059098,
       53.443747
      ],
      [
       -2.059171,
       53.443698
      ],
      [
       -2.059322,
       53.443696
      ],
      [
       -2.059425,
       53.443716
      ],
      [
       -2.059483,
       53.443735
      ],
      [
       -2.059532,
       53.44381
      ],
      [
       -2.059685,
       53.443866
      ],
      [
       -2.059738,
       53.443905
      ],
      [
       -2.059796,
       53.443909
      ],
      [
       -2.059844,
       53.443932
      ],
      [
       -2.059867,
       53.444051
      ],
      [
       -2.059984,
       53.444107
      ],
      [
       -2.060005,
       53.444206
      ],
      [
       -2.060071,
       53.444261
      ],
      [
       -2.060083,
       53.444326
      ],
      [
       -2.060126,
       53.444357
      ],
      [
       -2.060161,
       53.444534
      ],
      [
       -2.060286,
       53.444586
      ],
      [
       -2.060335,
       53.444589
      ],
      [
       -2.060527,
       53.444709
      ],
      [
       -2.060572,
       53.444705
      ],
      [
       -2.060713,
       53.444748
      ],
      [
       -2.06077,
       53.444776
      ],
      [
       -2.060783,
       53.444809
      ],
      [
       -2.060902,
       53.444818
      ],
      [
       -2.061139,
       53.444889
      ],
      [
       -2.061224,
       53.444891
      ],
      [
       -2.061443,
       53.444953
      ],
      [
       -2.061505,
       53.445005
      ],
      [
       -2.061623,
       53.445036
      ],
      [
       -2.061643,
       53.445057
      ],
      [
       -2.061617,
       53.445068
      ],
      [
       -2.061647,
       53.445069
      ],
      [
       -2.061678,
       53.445117
      ],
      [
       -2.061781,
       53.445136
      ],
      [
       -2.061816,
       53.44516
      ],
      [
       -2.061745,
       53.445273
      ],
      [
       -2.061927,
       53.445278
      ],
      [
       -2.062024,
       53.445266
      ],
      [
       -2.062081,
       53.445285
      ],
      [
       -2.062136,
       53.445329
      ],
      [
       -2.062188,
       53.445452
      ],
      [
       -2.062114,
       53.445588
      ],
      [
       -2.062214,
       53.445648
      ],
      [
       -2.062352,
       53.445871
      ],
      [
       -2.062346,
       53.445982
      ],
      [
       -2.062246,
       53.446354
      ],
      [
       -2.062372,
       53.446531
      ],
      [
       -2.062345,
       53.446684
      ],
      [
       -2.06251,
       53.44677
      ],
      [
       -2.062527,
       53.446837
      ],
      [
       -2.062569,
       53.446883
      ],
      [
       -2.062566,
       53.44692
      ],
      [
       -2.062643,
       53.446983
      ],
      [
       -2.062734,
       53.447108
      ],
      [
       -2.062823,
       53.447163
      ],
      [
       -2.0628,
       53.447236
      ],
      [
       -2.062833,
       53.447301
      ],
      [
       -2.062875,
       53.447333
      ],
      [
       -2.062831,
       53.447442
      ],
      [
       -2.062928,
       53.447565
      ],
      [
       -2.062869,
       53.447611
      ],
      [
       -2.062872,
       53.447688
      ],
      [
       -2.062928,
       53.447713
      ],
      [
       -2.063033,
       53.447872
      ],
      [
       -2.063142,
       53.447971
      ],
      [
       -2.063135,
       53.448081
      ],
      [
       -2.063024,
       53.448195
      ],
      [
       -2.062803,
       53.448282
      ],
      [
       -2.06209,
       53.448431
      ],
      [
       -2.061499,
       53.448504
      ],
      [
       -2.060932,
       53.448613
      ],
      [
       -2.060372,
       53.448628
      ],
      [
       -2.059151,
       53.448722
      ],
      [
       -2.058586,
       53.448678
      ],
      [
       -2.058478,
       53.448693
      ],
      [
       -2.058339,
       53.44875
      ],
      [
       -2.058245,
       53.448764
      ],
      [
       -2.05759,
       53.448713
      ],
      [
       -2.057372,
       53.448719
      ],
      [
       -2.057372,
       53.448652
      ],
      [
       -2.056968,
       53.448646
      ],
      [
       -2.056474,
       53.448674
      ],
      [
       -2.055989,
       53.448737
      ],
      [
       -2.055674,
       53.448673
      ],
      [
       -2.055482,
       53.448702
      ],
      [
       -2.055355,
       53.4487
      ],
      [
       -2.054508,
       53.448525
      ],
      [
       -2.054098,
       53.448495
      ],
      [
       -2.052707,
       53.448645
      ],
      [
       -2.052671,
       53.448659
      ],
      [
       -2.052817,
       53.448818
      ],
      [
       -2.05248,
       53.448826
      ]
     ]
    ],
    "type": "Polygon"
   }
  },
  {
   "type": "Feature",
   "properties": {
    "id": "ashton-moss-west",
    "name": "Ashton Moss West (PfE JPA27)",
    "borough": "Tameside",
    "category": "employment",
    "status": "framework",
    "lead": "Private landowners; Tameside Council",
    "architects": null,
    "stated_area_ha": 70,
    "homes": null,
    "jobs": null,
    "commercial": "c.1.7m sq ft innovation park / advanced manufacturing",
    "investment": null,
    "milestone": "Development framework approved Jan 2024; no planning application found.",
    "milestone_date": "2024-01",
    "summary": null,
    "links": [
     {
      "label": "Tameside",
      "url": "https://www.tameside.gov.uk/ashtonmosswestdf"
     }
    ],
    "images": [
     {
      "src": "assets/images/ashton-moss-west/01.jpg",
      "caption": "Ashton Moss - geograph.org.uk - 4636469",
      "credit": "Peter McDermott",
      "source_url": "https://commons.wikimedia.org/wiki/File:Ashton_Moss_-_geograph.org.uk_-_4636469.jpg",
      "licence": "CC BY-SA 2.0",
      "px": [
       1600,
       966
      ]
     },
     {
      "src": "assets/images/ashton-moss-west/02.jpg",
      "caption": "Ashton Moss Footpath - geograph.org.uk - 3134104",
      "credit": "John Topping",
      "source_url": "https://commons.wikimedia.org/wiki/File:Ashton_Moss_Footpath_-_geograph.org.uk_-_3134104.jpg",
      "licence": "CC BY-SA 2.0",
      "px": [
       480,
       640
      ]
     },
     {
      "src": "assets/images/ashton-moss-west/03.jpg",
      "caption": "Manchester Road, Ashton Moss - geograph.org.uk - 1976626",
      "credit": "David Dixon",
      "source_url": "https://commons.wikimedia.org/wiki/File:Manchester_Road,_Ashton_Moss_-_geograph.org.uk_-_1976626.jpg",
      "licence": "CC BY-SA 2.0",
      "px": [
       832,
       480
      ]
     }
    ],
    "confidence": "allocation-boundary",
    "boundary_source": "PfE 2024 allocation JPA27 (GMCA, OGL)",
    "boundary_features": 1
   },
   "geometry": {
    "coordinates": [
     [
      [
       -2.12623,
       53.489522
      ],
      [
       -2.124726,
       53.489947
      ],
      [
       -2.124675,
       53.489974
      ],
      [
       -2.124686,
       53.49003
      ],
      [
       -2.124222,
       53.490204
      ],
      [
       -2.122666,
       53.490687
      ],
      [
       -2.12056,
       53.491214
      ],
      [
       -2.11954,
       53.491426
      ],
      [
       -2.119538,
       53.491442
      ],
      [
       -2.119293,
       53.49146
      ],
      [
       -2.119029,
       53.491523
      ],
      [
       -2.118624,
       53.491595
      ],
      [
       -2.118209,
       53.491052
      ],
      [
       -2.117757,
       53.490377
      ],
      [
       -2.117378,
       53.489762
      ],
      [
       -2.117086,
       53.489225
      ],
      [
       -2.116706,
       53.488447
      ],
      [
       -2.11634,
       53.487356
      ],
      [
       -2.117163,
       53.486905
      ],
      [
       -2.118075,
       53.486491
      ],
      [
       -2.119334,
       53.485883
      ],
      [
       -2.120495,
       53.485058
      ],
      [
       -2.12209,
       53.483422
      ],
      [
       -2.122773,
       53.482808
      ],
      [
       -2.123758,
       53.481975
      ],
      [
       -2.124553,
       53.48147
      ],
      [
       -2.124788,
       53.481566
      ],
      [
       -2.126355,
       53.481705
      ],
      [
       -2.127287,
       53.481722
      ],
      [
       -2.127483,
       53.48171
      ],
      [
       -2.127488,
       53.481682
      ],
      [
       -2.127881,
       53.48167
      ],
      [
       -2.128315,
       53.4817
      ],
      [
       -2.128356,
       53.481718
      ],
      [
       -2.12831,
       53.481874
      ],
      [
       -2.129868,
       53.482061
      ],
      [
       -2.130008,
       53.482052
      ],
      [
       -2.130161,
       53.481995
      ],
      [
       -2.130196,
       53.481962
      ],
      [
       -2.130424,
       53.481924
      ],
      [
       -2.130495,
       53.481895
      ],
      [
       -2.130984,
       53.48275
      ],
      [
       -2.131143,
       53.482944
      ],
      [
       -2.131274,
       53.483266
      ],
      [
       -2.131348,
       53.483272
      ],
      [
       -2.131595,
       53.483804
      ],
      [
       -2.13185,
       53.484253
      ],
      [
       -2.131545,
       53.484461
      ],
      [
       -2.131504,
       53.484424
      ],
      [
       -2.129954,
       53.48509
      ],
      [
       -2.12987,
       53.485103
      ],
      [
       -2.127675,
       53.486066
      ],
      [
       -2.126914,
       53.486365
      ],
      [
       -2.126861,
       53.486358
      ],
      [
       -2.12688,
       53.486375
      ],
      [
       -2.124958,
       53.487165
      ],
      [
       -2.125453,
       53.488335
      ],
      [
       -2.125775,
       53.488729
      ],
      [
       -2.125955,
       53.489032
      ],
      [
       -2.126071,
       53.489298
      ],
      [
       -2.12623,
       53.489522
      ]
     ]
    ],
    "type": "Polygon"
   }
  },
  {
   "type": "Feature",
   "properties": {
    "id": "ashton-stalybridge-mdc",
    "name": "Ashton & Stalybridge MDC / St Petersfield",
    "borough": "Tameside",
    "category": "mixed",
    "status": "framework",
    "lead": "Tameside Council; GMCA (MDC approved Sep 2026, est. early 2027)",
    "architects": null,
    "stated_area_ha": null,
    "homes": 3000,
    "jobs": 3000,
    "commercial": "St Petersfield: 18,000 m² commercial, 4,500 m² hotel; Stalybridge £19.9m LUF works from Feb 2026",
    "investment": null,
    "milestone": "MDC consultation May–Jul 2026 (61% support); approved Sep 2026. St Petersfield development partner selection due Q2 2026 (unverified).",
    "milestone_date": "2026-09",
    "summary": "Covers Ashton and Stalybridge town centres, Ashton Moss, Guide Bridge and the rail corridor.",
    "links": [
     {
      "label": "GM Consult",
      "url": "https://www.gmconsult.org/development/ashton-stalybridge-mdc/"
     },
     {
      "label": "St Petersfield",
      "url": "https://www.tameside.gov.uk/futurestpetersfield"
     }
    ],
    "images": [
     {
      "src": "assets/images/ashton-stalybridge-mdc/01.jpg",
      "caption": "Ashton, Ashton Moss, Crothorn, Droylsden, Guide Bridge, Hyde, Oldham & Stalybridge RJD 32",
      "credit": "Railway Clearing House",
      "source_url": "https://commons.wikimedia.org/wiki/File:Ashton,_Ashton_Moss,_Crothorn,_Droylsden,_Guide_Bridge,_Hyde,_Oldham_%26_Stalybridge_RJD_32.jpg",
      "licence": "Public domain",
      "px": [
       1057,
       1600
      ]
     },
     {
      "src": "assets/images/ashton-stalybridge-mdc/02.jpg",
      "caption": "The Tame valley between Stalybridge and Ashton-under-Lyne - geograph.org.uk - 2102203",
      "credit": "Bill Boaden",
      "source_url": "https://commons.wikimedia.org/wiki/File:The_Tame_valley_between_Stalybridge_and_Ashton-under-Lyne_-_geograph.org.uk_-_2102203.jpg",
      "licence": "CC BY-SA 2.0",
      "px": [
       1600,
       1021
      ]
     }
    ],
    "confidence": "proposed-boundary",
    "boundary_source": "Proposed MDC boundary (GMCA, OGL)",
    "boundary_features": 1
   },
   "geometry": {
    "coordinates": [
     [
      [
       -2.125966,
       53.489541
      ],
      [
       -2.123992,
       53.490358
      ],
      [
       -2.118241,
       53.491686
      ],
      [
       -2.112748,
       53.492095
      ],
      [
       -2.099616,
       53.491737
      ],
      [
       -2.100024,
       53.492427
      ],
      [
       -2.095613,
       53.495379
      ],
      [
       -2.094521,
       53.495308
      ],
      [
       -2.094576,
       53.494187
      ],
      [
       -2.092672,
       53.494264
      ],
      [
       -2.092299,
       53.492803
      ],
      [
       -2.089538,
       53.493222
      ],
      [
       -2.089981,
       53.491873
      ],
      [
       -2.08809,
       53.491621
      ],
      [
       -2.087884,
       53.49189
      ],
      [
       -2.084417,
       53.490857
      ],
      [
       -2.075662,
       53.486516
      ],
      [
       -2.070169,
       53.485291
      ],
      [
       -2.059354,
       53.485801
      ],
      [
       -2.055202,
       53.483867
      ],
      [
       -2.051699,
       53.483832
      ],
      [
       -2.050118,
       53.482791
      ],
      [
       -2.055287,
       53.480925
      ],
      [
       -2.059951,
       53.480758
      ],
      [
       -2.062245,
       53.481135
      ],
      [
       -2.066303,
       53.479701
      ],
      [
       -2.069663,
       53.478014
      ],
      [
       -2.070785,
       53.478728
      ],
      [
       -2.071432,
       53.479692
      ],
      [
       -2.0736,
       53.479599
      ],
      [
       -2.078976,
       53.481034
      ],
      [
       -2.084149,
       53.481976
      ],
      [
       -2.088265,
       53.481663
      ],
      [
       -2.090986,
       53.482365
      ],
      [
       -2.098312,
       53.481325
      ],
      [
       -2.101971,
       53.479144
      ],
      [
       -2.10823,
       53.474627
      ],
      [
       -2.106226,
       53.474359
      ],
      [
       -2.106662,
       53.473766
      ],
      [
       -2.110248,
       53.474082
      ],
      [
       -2.114359,
       53.473512
      ],
      [
       -2.115441,
       53.475346
      ],
      [
       -2.113862,
       53.475869
      ],
      [
       -2.108204,
       53.479374
      ],
      [
       -2.106684,
       53.48181
      ],
      [
       -2.104286,
       53.484138
      ],
      [
       -2.104806,
       53.484526
      ],
      [
       -2.108714,
       53.483513
      ],
      [
       -2.110743,
       53.482866
      ],
      [
       -2.112688,
       53.48233
      ],
      [
       -2.11512,
       53.481971
      ],
      [
       -2.117494,
       53.481357
      ],
      [
       -2.121649,
       53.480079
      ],
      [
       -2.12177,
       53.479823
      ],
      [
       -2.124688,
       53.481327
      ],
      [
       -2.125998,
       53.481638
      ],
      [
       -2.130606,
       53.482078
      ],
      [
       -2.131486,
       53.484045
      ],
      [
       -2.125108,
       53.487243
      ],
      [
       -2.125966,
       53.489541
      ]
     ]
    ],
    "type": "Polygon"
   }
  },
  {
   "type": "Feature",
   "properties": {
    "id": "atom-valley-mdc",
    "architects": null,
    "stated_area_ha": null,
    "homes": null,
    "jobs": null,
    "commercial": null,
    "investment": null,
    "images": [
     {
      "src": "assets/images/atom-valley-mdc/01.jpg",
      "caption": "Home",
      "credit": "Greater Manchester Combined Authority",
      "source_url": "https://www.greatermanchester-ca.gov.uk/what-we-do/planning-and-housing/mayoral-development-corporations/",
      "licence": "all rights reserved — research use with attribution",
      "px": [
       600,
       400
      ]
     }
    ],
    "name": "Atom Valley Northern Gateway MDC",
    "borough": "Bury / Rochdale",
    "category": "framework",
    "status": "framework",
    "lead": "GMCA; Atom Valley Northern Gateway MDC (est. 19 Jan 2026)",
    "milestone": "MDC established 19 Jan 2026 covering the Northern Gateway allocations.",
    "milestone_date": "2026-01",
    "summary": "Statutory MDC boundary.",
    "links": [
     {
      "label": "GMCA MDCs",
      "url": "https://www.greatermanchester-ca.gov.uk/what-we-do/planning-and-housing/mayoral-development-corporations/"
     }
    ],
    "confidence": "statutory-boundary",
    "boundary_source": "MDC boundary (GMCA feature service, OGL)",
    "boundary_features": 1
   },
   "geometry": {
    "coordinates": [
     [
      [
       -2.275465,
       53.591543
      ],
      [
       -2.275404,
       53.591679
      ],
      [
       -2.275195,
       53.591973
      ],
      [
       -2.274448,
       53.592103
      ],
      [
       -2.273838,
       53.592132
      ],
      [
       -2.27326,
       53.592189
      ],
      [
       -2.272838,
       53.592293
      ],
      [
       -2.272464,
       53.59248
      ],
      [
       -2.272216,
       53.592797
      ],
      [
       -2.271613,
       53.593784
      ],
      [
       -2.271149,
       53.594706
      ],
      [
       -2.270843,
       53.595693
      ],
      [
       -2.270546,
       53.595694
      ],
      [
       -2.270089,
       53.59523
      ],
      [
       -2.270098,
       53.594225
      ],
      [
       -2.270202,
       53.593359
      ],
      [
       -2.27057,
       53.59213
      ],
      [
       -2.270458,
       53.591749
      ],
      [
       -2.269942,
       53.591434
      ],
      [
       -2.269001,
       53.591372
      ],
      [
       -2.266521,
       53.591363
      ],
      [
       -2.266292,
       53.591388
      ],
      [
       -2.265928,
       53.591343
      ],
      [
       -2.265739,
       53.591197
      ],
      [
       -2.26559,
       53.590969
      ],
      [
       -2.265114,
       53.590765
      ],
      [
       -2.263861,
       53.590476
      ],
      [
       -2.262702,
       53.590384
      ],
      [
       -2.261924,
       53.590132
      ],
      [
       -2.261129,
       53.589964
      ],
      [
       -2.26031,
       53.589834
      ],
      [
       -2.259629,
       53.589136
      ],
      [
       -2.259593,
       53.58828
      ],
      [
       -2.258902,
       53.587072
      ],
      [
       -2.258672,
       53.586165
      ],
      [
       -2.258267,
       53.585591
      ],
      [
       -2.257721,
       53.585269
      ],
      [
       -2.25518,
       53.584083
      ],
      [
       -2.25426,
       53.583462
      ],
      [
       -2.253725,
       53.581914
      ],
      [
       -2.253195,
       53.581425
      ],
      [
       -2.251946,
       53.580333
      ],
      [
       -2.250856,
       53.579628
      ],
      [
       -2.249426,
       53.578888
      ],
      [
       -2.248041,
       53.578629
      ],
      [
       -2.246442,
       53.578787
      ],
      [
       -2.245542,
       53.5789
      ],
      [
       -2.245081,
       53.578998
      ],
      [
       -2.243025,
       53.579536
      ],
      [
       -2.241648,
       53.579831
      ],
      [
       -2.240619,
       53.580121
      ],
      [
       -2.240394,
       53.5802
      ],
      [
       -2.240114,
       53.580326
      ],
      [
       -2.237783,
       53.581503
      ],
      [
       -2.237767,
       53.581498
      ],
      [
       -2.237716,
       53.581538
      ],
      [
       -2.237101,
       53.581863
      ],
      [
       -2.236421,
       53.582164
      ],
      [
       -2.235953,
       53.582399
      ],
      [
       -2.235361,
       53.582775
      ],
      [
       -2.234766,
       53.583207
      ],
      [
       -2.234708,
       53.583239
      ],
      [
       -2.234618,
       53.583259
      ],
      [
       -2.234523,
       53.583242
      ],
      [
       -2.2334,
       53.582414
      ],
      [
       -2.230016,
       53.579811
      ],
      [
       -2.229729,
       53.579615
      ],
      [
       -2.229489,
       53.579483
      ],
      [
       -2.229335,
       53.579548
      ],
      [
       -2.229212,
       53.579568
      ],
      [
       -2.228696,
       53.579879
      ],
      [
       -2.228432,
       53.580161
      ],
      [
       -2.227708,
       53.580373
      ],
      [
       -2.227238,
       53.58054
      ],
      [
       -2.226628,
       53.580822
      ],
      [
       -2.225289,
       53.581544
      ],
      [
       -2.224903,
       53.581378
      ],
      [
       -2.224805,
       53.581305
      ],
      [
       -2.2244,
       53.581557
      ],
      [
       -2.223296,
       53.581477
      ],
      [
       -2.221619,
       53.581901
      ],
      [
       -2.220975,
       53.580537
      ],
      [
       -2.220919,
       53.580477
      ],
      [
       -2.223687,
       53.57978
      ],
      [
       -2.223166,
       53.579051
      ],
      [
       -2.220922,
       53.577874
      ],
      [
       -2.216761,
       53.576706
      ],
      [
       -2.214604,
       53.579467
      ],
      [
       -2.213589,
       53.579226
      ],
      [
       -2.213355,
       53.579197
      ],
      [
       -2.212769,
       53.579192
      ],
      [
       -2.212677,
       53.579245
      ],
      [
       -2.21225,
       53.579181
      ],
      [
       -2.212286,
       53.579044
      ],
      [
       -2.211164,
       53.579231
      ],
      [
       -2.21108,
       53.579249
      ],
      [
       -2.211084,
       53.579265
      ],
      [
       -2.210716,
       53.579347
      ],
      [
       -2.210117,
       53.578531
      ],
      [
       -2.210031,
       53.578538
      ],
      [
       -2.209692,
       53.578637
      ],
      [
       -2.207681,
       53.578761
      ],
      [
       -2.207648,
       53.578575
      ],
      [
       -2.207707,
       53.578573
      ],
      [
       -2.207792,
       53.57862
      ],
      [
       -2.208202,
       53.578595
      ],
      [
       -2.207956,
       53.577154
      ],
      [
       -2.207463,
       53.57719
      ],
      [
       -2.207396,
       53.577274
      ],
      [
       -2.207373,
       53.577432
      ],
      [
       -2.207217,
       53.577437
      ],
      [
       -2.207084,
       53.577344
      ],
      [
       -2.206888,
       53.577307
      ],
      [
       -2.206349,
       53.57736
      ],
      [
       -2.205553,
       53.577626
      ],
      [
       -2.203852,
       53.578313
      ],
      [
       -2.201995,
       53.578988
      ],
      [
       -2.201784,
       53.578872
      ],
      [
       -2.202033,
       53.578649
      ],
      [
       -2.202157,
       53.578472
      ],
      [
       -2.202203,
       53.578313
      ],
      [
       -2.2021,
       53.578041
      ],
      [
       -2.201398,
       53.576545
      ],
      [
       -2.200901,
       53.575634
      ],
      [
       -2.201986,
       53.575392
      ],
      [
       -2.204408,
       53.575211
      ],
      [
       -2.205579,
       53.575194
      ],
      [
       -2.205757,
       53.575145
      ],
      [
       -2.205903,
       53.575063
      ],
      [
       -2.205976,
       53.574942
      ],
      [
       -2.205808,
       53.573889
      ],
      [
       -2.206563,
       53.57383
      ],
      [
       -2.206736,
       53.574875
      ],
      [
       -2.2069,
       53.574963
      ],
      [
       -2.207104,
       53.574995
      ],
      [
       -2.207518,
       53.575004
      ],
      [
       -2.208002,
       53.574891
      ],
      [
       -2.209711,
       53.574281
      ],
      [
       -2.21383,
       53.57238
      ],
      [
       -2.220509,
       53.570368
      ],
      [
       -2.224702,
       53.567071
      ],
      [
       -2.225195,
       53.56573
      ],
      [
       -2.226001,
       53.564324
      ],
      [
       -2.22799,
       53.562236
      ],
      [
       -2.229793,
       53.560558
      ],
      [
       -2.233061,
       53.557928
      ],
      [
       -2.234804,
       53.556696
      ],
      [
       -2.235768,
       53.555783
      ],
      [
       -2.236232,
       53.554991
      ],
      [
       -2.236538,
       53.553883
      ],
      [
       -2.236222,
       53.553242
      ],
      [
       -2.235715,
       53.551978
      ],
      [
       -2.235334,
       53.550908
      ],
      [
       -2.234058,
       53.54961
      ],
      [
       -2.233977,
       53.549625
      ],
      [
       -2.233507,
       53.549447
      ],
      [
       -2.233001,
       53.549215
      ],
      [
       -2.232725,
       53.549118
      ],
      [
       -2.231698,
       53.548678
      ],
      [
       -2.231268,
       53.548514
      ],
      [
       -2.231007,
       53.548506
      ],
      [
       -2.229666,
       53.547814
      ],
      [
       -2.228188,
       53.547078
      ],
      [
       -2.227559,
       53.54679
      ],
      [
       -2.227158,
       53.546562
      ],
      [
       -2.226577,
       53.546152
      ],
      [
       -2.228265,
       53.545774
      ],
      [
       -2.228366,
       53.545982
      ],
      [
       -2.228683,
       53.545926
      ],
      [
       -2.228629,
       53.545758
      ],
      [
       -2.229011,
       53.5456
      ],
      [
       -2.228823,
       53.545488
      ],
      [
       -2.22876,
       53.545383
      ],
      [
       -2.228415,
       53.545486
      ],
      [
       -2.228031,
       53.544901
      ],
      [
       -2.228361,
       53.544881
      ],
      [
       -2.228393,
       53.544727
      ],
      [
       -2.230386,
       53.544153
      ],
      [
       -2.232125,
       53.543946
      ],
      [
       -2.232907,
       53.544107
      ],
      [
       -2.234013,
       53.543805
      ],
      [
       -2.233894,
       53.54334
      ],
      [
       -2.233885,
       53.54314
      ],
      [
       -2.233939,
       53.542879
      ],
      [
       -2.234177,
       53.542172
      ],
      [
       -2.234069,
       53.541864
      ],
      [
       -2.234393,
       53.541761
      ],
      [
       -2.235117,
       53.541369
      ],
      [
       -2.235809,
       53.54086
      ],
      [
       -2.235877,
       53.540648
      ],
      [
       -2.235825,
       53.540536
      ],
      [
       -2.235563,
       53.540343
      ],
      [
       -2.235171,
       53.540214
      ],
      [
       -2.234249,
       53.540043
      ],
      [
       -2.234191,
       53.539935
      ],
      [
       -2.234197,
       53.539823
      ],
      [
       -2.234327,
       53.53962
      ],
      [
       -2.2345,
       53.539438
      ],
      [
       -2.23463,
       53.53936
      ],
      [
       -2.234876,
       53.53929
      ],
      [
       -2.235274,
       53.539207
      ],
      [
       -2.236384,
       53.539266
      ],
      [
       -2.23726,
       53.539169
      ],
      [
       -2.238122,
       53.539025
      ],
      [
       -2.238498,
       53.538929
      ],
      [
       -2.238935,
       53.539209
      ],
      [
       -2.238768,
       53.539387
      ],
      [
       -2.238755,
       53.539442
      ],
      [
       -2.238834,
       53.539777
      ],
      [
       -2.239857,
       53.540378
      ],
      [
       -2.242632,
       53.541819
      ],
      [
       -2.244824,
       53.54285
      ],
      [
       -2.245308,
       53.543143
      ],
      [
       -2.245792,
       53.543361
      ],
      [
       -2.246413,
       53.543604
      ],
      [
       -2.245835,
       53.544229
      ],
      [
       -2.24719,
       53.545279
      ],
      [
       -2.24764,
       53.545661
      ],
      [
       -2.248338,
       53.546339
      ],
      [
       -2.248266,
       53.546404
      ],
      [
       -2.247602,
       53.546663
      ],
      [
       -2.24714,
       53.546865
      ],
      [
       -2.2463,
       53.547372
      ],
      [
       -2.245872,
       53.547566
      ],
      [
       -2.244988,
       53.548087
      ],
      [
       -2.244738,
       53.548202
      ],
      [
       -2.244364,
       53.548309
      ],
      [
       -2.244278,
       53.548299
      ],
      [
       -2.244217,
       53.548273
      ],
      [
       -2.243309,
       53.548256
      ],
      [
       -2.242899,
       53.548295
      ],
      [
       -2.242809,
       53.548292
      ],
      [
       -2.242572,
       53.548344
      ],
      [
       -2.242641,
       53.548577
      ],
      [
       -2.242689,
       53.548597
      ],
      [
       -2.242692,
       53.548622
      ],
      [
       -2.242742,
       53.548647
      ],
      [
       -2.242754,
       53.548701
      ],
      [
       -2.242824,
       53.548725
      ],
      [
       -2.242832,
       53.548762
      ],
      [
       -2.242906,
       53.548825
      ],
      [
       -2.24294,
       53.548945
      ],
      [
       -2.242909,
       53.549009
      ],
      [
       -2.243039,
       53.549328
      ],
      [
       -2.243089,
       53.549363
      ],
      [
       -2.243062,
       53.549413
      ],
      [
       -2.2431,
       53.549539
      ],
      [
       -2.243131,
       53.549572
      ],
      [
       -2.243208,
       53.549581
      ],
      [
       -2.243249,
       53.549605
      ],
      [
       -2.243419,
       53.549815
      ],
      [
       -2.243582,
       53.550097
      ],
      [
       -2.243551,
       53.550229
      ],
      [
       -2.243569,
       53.5504
      ],
      [
       -2.243495,
       53.550754
      ],
      [
       -2.2434,
       53.550803
      ],
      [
       -2.243259,
       53.550928
      ],
      [
       -2.242999,
       53.551083
      ],
      [
       -2.242395,
       53.55134
      ],
      [
       -2.24243,
       53.551427
      ],
      [
       -2.242362,
       53.551526
      ],
      [
       -2.242443,
       53.55161
      ],
      [
       -2.242425,
       53.551643
      ],
      [
       -2.242533,
       53.55176
      ],
      [
       -2.242567,
       53.551861
      ],
      [
       -2.243223,
       53.55253
      ],
      [
       -2.244444,
       53.553157
      ],
      [
       -2.246584,
       53.553659
      ],
      [
       -2.248698,
       53.553737
      ],
      [
       -2.25065,
       53.553541
      ],
      [
       -2.252577,
       53.553044
      ],
      [
       -2.259305,
       53.549733
      ],
      [
       -2.259918,
       53.549503
      ],
      [
       -2.260565,
       53.549447
      ],
      [
       -2.261205,
       53.549486
      ],
      [
       -2.26186,
       53.54967
      ],
      [
       -2.262472,
       53.550086
      ],
      [
       -2.263424,
       53.551082
      ],
      [
       -2.266951,
       53.555216
      ],
      [
       -2.268802,
       53.558514
      ],
      [
       -2.270497,
       53.563636
      ],
      [
       -2.271718,
       53.56896
      ],
      [
       -2.272189,
       53.572245
      ],
      [
       -2.272989,
       53.572315
      ],
      [
       -2.274018,
       53.572656
      ],
      [
       -2.27443,
       53.572973
      ],
      [
       -2.274504,
       53.573231
      ],
      [
       -2.275398,
       53.573514
      ],
      [
       -2.275935,
       53.573565
      ],
      [
       -2.27638,
       53.573918
      ],
      [
       -2.276787,
       53.573952
      ],
      [
       -2.277535,
       53.57417
      ],
      [
       -2.278151,
       53.574035
      ],
      [
       -2.278346,
       53.573862
      ],
      [
       -2.2786,
       53.573852
      ],
      [
       -2.278759,
       53.57383
      ],
      [
       -2.28023,
       53.573477
      ],
      [
       -2.280099,
       53.573802
      ],
      [
       -2.281168,
       53.573588
      ],
      [
       -2.281316,
       53.573521
      ],
      [
       -2.281679,
       53.573529
      ],
      [
       -2.281511,
       53.573894
      ],
      [
       -2.281545,
       53.574071
      ],
      [
       -2.281737,
       53.57464
      ],
      [
       -2.280797,
       53.574884
      ],
      [
       -2.279916,
       53.57509
      ],
      [
       -2.279284,
       53.575349
      ],
      [
       -2.277724,
       53.576149
      ],
      [
       -2.276518,
       53.576821
      ],
      [
       -2.275852,
       53.577221
      ],
      [
       -2.27462,
       53.578224
      ],
      [
       -2.274266,
       53.578479
      ],
      [
       -2.273939,
       53.578632
      ],
      [
       -2.273314,
       53.578811
      ],
      [
       -2.272983,
       53.57889
      ],
      [
       -2.273245,
       53.579123
      ],
      [
       -2.273598,
       53.579304
      ],
      [
       -2.273888,
       53.579408
      ],
      [
       -2.274204,
       53.579471
      ],
      [
       -2.274442,
       53.579461
      ],
      [
       -2.274739,
       53.579524
      ],
      [
       -2.275194,
       53.579589
      ],
      [
       -2.275698,
       53.579729
      ],
      [
       -2.275828,
       53.579782
      ],
      [
       -2.275997,
       53.579768
      ],
      [
       -2.276158,
       53.579853
      ],
      [
       -2.276384,
       53.57985
      ],
      [
       -2.277636,
       53.580117
      ],
      [
       -2.277697,
       53.580184
      ],
      [
       -2.277668,
       53.580571
      ],
      [
       -2.2776,
       53.580715
      ],
      [
       -2.277594,
       53.580808
      ],
      [
       -2.277632,
       53.580893
      ],
      [
       -2.278078,
       53.581143
      ],
      [
       -2.27844,
       53.581319
      ],
      [
       -2.278634,
       53.581434
      ],
      [
       -2.278741,
       53.581524
      ],
      [
       -2.278788,
       53.581898
      ],
      [
       -2.278842,
       53.581983
      ],
      [
       -2.278953,
       53.582085
      ],
      [
       -2.279107,
       53.582122
      ],
      [
       -2.279344,
       53.582104
      ],
      [
       -2.279687,
       53.582038
      ],
      [
       -2.27991,
       53.582034
      ],
      [
       -2.280215,
       53.582066
      ],
      [
       -2.280486,
       53.582121
      ],
      [
       -2.280702,
       53.582342
      ],
      [
       -2.280839,
       53.582516
      ],
      [
       -2.280829,
       53.582551
      ],
      [
       -2.280686,
       53.582609
      ],
      [
       -2.280654,
       53.582672
      ],
      [
       -2.28072,
       53.58273
      ],
      [
       -2.280838,
       53.582766
      ],
      [
       -2.281075,
       53.582806
      ],
      [
       -2.281199,
       53.582794
      ],
      [
       -2.281439,
       53.582743
      ],
      [
       -2.281505,
       53.582872
      ],
      [
       -2.281751,
       53.58315
      ],
      [
       -2.282003,
       53.58336
      ],
      [
       -2.28225,
       53.583684
      ],
      [
       -2.282374,
       53.583888
      ],
      [
       -2.282444,
       53.584124
      ],
      [
       -2.282466,
       53.584326
      ],
      [
       -2.28242,
       53.585205
      ],
      [
       -2.282567,
       53.586102
      ],
      [
       -2.282583,
       53.586411
      ],
      [
       -2.282438,
       53.586723
      ],
      [
       -2.282284,
       53.586886
      ],
      [
       -2.282129,
       53.586957
      ],
      [
       -2.282028,
       53.58698
      ],
      [
       -2.281854,
       53.586947
      ],
      [
       -2.281539,
       53.586831
      ],
      [
       -2.281298,
       53.586708
      ],
      [
       -2.281064,
       53.586622
      ],
      [
       -2.280848,
       53.586505
      ],
      [
       -2.280485,
       53.586272
      ],
      [
       -2.28038,
       53.58617
      ],
      [
       -2.280295,
       53.586035
      ],
      [
       -2.280115,
       53.585852
      ],
      [
       -2.279886,
       53.585754
      ],
      [
       -2.278811,
       53.58549
      ],
      [
       -2.278582,
       53.585463
      ],
      [
       -2.27835,
       53.585506
      ],
      [
       -2.278228,
       53.585564
      ],
      [
       -2.278105,
       53.585702
      ],
      [
       -2.277989,
       53.585987
      ],
      [
       -2.277953,
       53.586161
      ],
      [
       -2.27795,
       53.586476
      ],
      [
       -2.278016,
       53.586805
      ],
      [
       -2.278057,
       53.587328
      ],
      [
       -2.278091,
       53.58744
      ],
      [
       -2.278727,
       53.588332
      ],
      [
       -2.278805,
       53.588538
      ],
      [
       -2.278749,
       53.588907
      ],
      [
       -2.27855,
       53.589505
      ],
      [
       -2.278432,
       53.589715
      ],
      [
       -2.277785,
       53.590389
      ],
      [
       -2.277648,
       53.590452
      ],
      [
       -2.277334,
       53.590844
      ],
      [
       -2.277166,
       53.591112
      ],
      [
       -2.276803,
       53.591446
      ],
      [
       -2.27664,
       53.591515
      ],
      [
       -2.276381,
       53.591598
      ],
      [
       -2.276122,
       53.591605
      ],
      [
       -2.275465,
       53.591543
      ]
     ]
    ],
    "type": "Polygon"
   }
  },
  {
   "type": "Feature",
   "properties": {
    "id": "middleton-mdc",
    "architects": null,
    "stated_area_ha": null,
    "homes": 1500,
    "jobs": null,
    "commercial": null,
    "investment": null,
    "images": [
     {
      "src": "assets/images/middleton-mdc/01.jpg",
      "caption": "Home",
      "credit": "Greater Manchester Combined Authority",
      "source_url": "https://www.greatermanchester-ca.gov.uk/what-we-do/planning-and-housing/mayoral-development-corporations/",
      "licence": "all rights reserved — research use with attribution",
      "px": [
       600,
       400
      ]
     },
     {
      "src": "assets/images/middleton-mdc/02.jpg",
      "caption": "Kirkway, Middleton - geograph.org.uk - 2329237",
      "credit": "michael ely",
      "source_url": "https://commons.wikimedia.org/wiki/File:Kirkway,_Middleton_-_geograph.org.uk_-_2329237.jpg",
      "licence": "CC BY-SA 2.0",
      "px": [
       640,
       456
      ]
     },
     {
      "src": "assets/images/middleton-mdc/03.jpg",
      "caption": "Kirkway, Middleton - geograph.org.uk - 5920075",
      "credit": "JThomas",
      "source_url": "https://commons.wikimedia.org/wiki/File:Kirkway,_Middleton_-_geograph.org.uk_-_5920075.jpg",
      "licence": "CC BY-SA 2.0",
      "px": [
       640,
       451
      ]
     }
    ],
    "name": "Middleton MDC (proposed)",
    "borough": "Rochdale",
    "category": "framework",
    "status": "proposed",
    "lead": "GMCA; Rochdale BC (approved Sep 2026, est. early 2027)",
    "milestone": "Approved by Mayor/GMCA Sep 2026; needs government order. Proposed chairs Steve Coogan and Rose Marley.",
    "milestone_date": "2026-09",
    "summary": "Proposed MDC boundary.",
    "links": [
     {
      "label": "GMCA MDCs",
      "url": "https://www.greatermanchester-ca.gov.uk/what-we-do/planning-and-housing/mayoral-development-corporations/"
     }
    ],
    "confidence": "proposed-boundary",
    "boundary_source": "MDC boundary (GMCA feature service, OGL)",
    "boundary_features": 1
   },
   "geometry": {
    "coordinates": [
     [
      [
       -2.17812,
       53.550892
      ],
      [
       -2.179455,
       53.55065
      ],
      [
       -2.181067,
       53.550516
      ],
      [
       -2.181961,
       53.550468
      ],
      [
       -2.182432,
       53.55041
      ],
      [
       -2.182502,
       53.550423
      ],
      [
       -2.182562,
       53.55047
      ],
      [
       -2.182529,
       53.550861
      ],
      [
       -2.183302,
       53.550855
      ],
      [
       -2.186509,
       53.550392
      ],
      [
       -2.186203,
       53.549754
      ],
      [
       -2.185951,
       53.549815
      ],
      [
       -2.185336,
       53.54991
      ],
      [
       -2.185289,
       53.54983
      ],
      [
       -2.184691,
       53.549905
      ],
      [
       -2.184565,
       53.549652
      ],
      [
       -2.184797,
       53.549597
      ],
      [
       -2.184823,
       53.54958
      ],
      [
       -2.184749,
       53.549337
      ],
      [
       -2.184638,
       53.549196
      ],
      [
       -2.184621,
       53.548895
      ],
      [
       -2.184494,
       53.548811
      ],
      [
       -2.184399,
       53.548783
      ],
      [
       -2.184288,
       53.54867
      ],
      [
       -2.184162,
       53.548595
      ],
      [
       -2.185251,
       53.54825
      ],
      [
       -2.185058,
       53.54808
      ],
      [
       -2.185049,
       53.548019
      ],
      [
       -2.185111,
       53.547788
      ],
      [
       -2.185321,
       53.547556
      ],
      [
       -2.184629,
       53.547237
      ],
      [
       -2.184163,
       53.546856
      ],
      [
       -2.183402,
       53.546528
      ],
      [
       -2.183073,
       53.546293
      ],
      [
       -2.182805,
       53.546148
      ],
      [
       -2.182725,
       53.546063
      ],
      [
       -2.183221,
       53.545735
      ],
      [
       -2.183438,
       53.545839
      ],
      [
       -2.183781,
       53.545966
      ],
      [
       -2.185289,
       53.546467
      ],
      [
       -2.18545,
       53.546502
      ],
      [
       -2.185759,
       53.546604
      ],
      [
       -2.186129,
       53.546214
      ],
      [
       -2.186409,
       53.546319
      ],
      [
       -2.186524,
       53.546315
      ],
      [
       -2.186823,
       53.54637
      ],
      [
       -2.18691,
       53.54641
      ],
      [
       -2.186997,
       53.546421
      ],
      [
       -2.187121,
       53.546529
      ],
      [
       -2.187223,
       53.546566
      ],
      [
       -2.187279,
       53.546575
      ],
      [
       -2.187365,
       53.546559
      ],
      [
       -2.187493,
       53.546492
      ],
      [
       -2.187644,
       53.546472
      ],
      [
       -2.187825,
       53.546481
      ],
      [
       -2.187946,
       53.54651
      ],
      [
       -2.188215,
       53.54663
      ],
      [
       -2.188917,
       53.547016
      ],
      [
       -2.189137,
       53.547
      ],
      [
       -2.189228,
       53.546968
      ],
      [
       -2.189747,
       53.546854
      ],
      [
       -2.190244,
       53.546691
      ],
      [
       -2.190586,
       53.546398
      ],
      [
       -2.190758,
       53.546341
      ],
      [
       -2.191837,
       53.546304
      ],
      [
       -2.191963,
       53.546314
      ],
      [
       -2.192054,
       53.546334
      ],
      [
       -2.192317,
       53.546592
      ],
      [
       -2.19315,
       53.546745
      ],
      [
       -2.193355,
       53.546754
      ],
      [
       -2.193893,
       53.546892
      ],
      [
       -2.194065,
       53.546913
      ],
      [
       -2.194293,
       53.546921
      ],
      [
       -2.194376,
       53.546946
      ],
      [
       -2.194614,
       53.547133
      ],
      [
       -2.194954,
       53.54719
      ],
      [
       -2.195255,
       53.547262
      ],
      [
       -2.195321,
       53.547293
      ],
      [
       -2.195368,
       53.547363
      ],
      [
       -2.195421,
       53.547394
      ],
      [
       -2.19562,
       53.547432
      ],
      [
       -2.197316,
       53.546867
      ],
      [
       -2.198021,
       53.546594
      ],
      [
       -2.19805,
       53.546623
      ],
      [
       -2.198207,
       53.546572
      ],
      [
       -2.198964,
       53.546561
      ],
      [
       -2.199235,
       53.546579
      ],
      [
       -2.199241,
       53.546566
      ],
      [
       -2.199745,
       53.546615
      ],
      [
       -2.199925,
       53.54662
      ],
      [
       -2.200055,
       53.546604
      ],
      [
       -2.20018,
       53.546568
      ],
      [
       -2.200324,
       53.546338
      ],
      [
       -2.200346,
       53.546246
      ],
      [
       -2.200436,
       53.546149
      ],
      [
       -2.200519,
       53.545932
      ],
      [
       -2.200559,
       53.545902
      ],
      [
       -2.20076,
       53.545885
      ],
      [
       -2.200971,
       53.545905
      ],
      [
       -2.201122,
       53.54595
      ],
      [
       -2.201595,
       53.545992
      ],
      [
       -2.201917,
       53.546153
      ],
      [
       -2.202245,
       53.545936
      ],
      [
       -2.202783,
       53.545683
      ],
      [
       -2.20309,
       53.545506
      ],
      [
       -2.203211,
       53.545481
      ],
      [
       -2.203577,
       53.545526
      ],
      [
       -2.20378,
       53.545536
      ],
      [
       -2.204018,
       53.545487
      ],
      [
       -2.204595,
       53.545134
      ],
      [
       -2.205585,
       53.546129
      ],
      [
       -2.207869,
       53.545355
      ],
      [
       -2.208457,
       53.545991
      ],
      [
       -2.209518,
       53.54577
      ],
      [
       -2.209945,
       53.546611
      ],
      [
       -2.210333,
       53.547065
      ],
      [
       -2.210503,
       53.547054
      ],
      [
       -2.211139,
       53.547801
      ],
      [
       -2.211241,
       53.548083
      ],
      [
       -2.209639,
       53.548583
      ],
      [
       -2.209519,
       53.54844
      ],
      [
       -2.208134,
       53.548765
      ],
      [
       -2.207899,
       53.548464
      ],
      [
       -2.20706,
       53.548654
      ],
      [
       -2.206856,
       53.548346
      ],
      [
       -2.204414,
       53.548918
      ],
      [
       -2.20403,
       53.54841
      ],
      [
       -2.202579,
       53.548845
      ],
      [
       -2.203017,
       53.54925
      ],
      [
       -2.201171,
       53.550011
      ],
      [
       -2.200291,
       53.550541
      ],
      [
       -2.200513,
       53.550792
      ],
      [
       -2.200451,
       53.550894
      ],
      [
       -2.200331,
       53.550951
      ],
      [
       -2.199605,
       53.550989
      ],
      [
       -2.199127,
       53.551064
      ],
      [
       -2.198724,
       53.551422
      ],
      [
       -2.198731,
       53.551547
      ],
      [
       -2.198921,
       53.551696
      ],
      [
       -2.198556,
       53.551847
      ],
      [
       -2.198386,
       53.552047
      ],
      [
       -2.197483,
       53.552044
      ],
      [
       -2.197487,
       53.552991
      ],
      [
       -2.198368,
       53.552996
      ],
      [
       -2.198369,
       53.553198
      ],
      [
       -2.197519,
       53.553268
      ],
      [
       -2.196984,
       53.553372
      ],
      [
       -2.196904,
       53.553372
      ],
      [
       -2.196775,
       53.553339
      ],
      [
       -2.196835,
       53.553805
      ],
      [
       -2.195258,
       53.55383
      ],
      [
       -2.194734,
       53.55388
      ],
      [
       -2.193304,
       53.553483
      ],
      [
       -2.193299,
       53.553619
      ],
      [
       -2.19278,
       53.553514
      ],
      [
       -2.19278,
       53.553498
      ],
      [
       -2.192572,
       53.553554
      ],
      [
       -2.192168,
       53.553378
      ],
      [
       -2.192062,
       53.553444
      ],
      [
       -2.191284,
       53.554235
      ],
      [
       -2.191052,
       53.554155
      ],
      [
       -2.191064,
       53.55409
      ],
      [
       -2.190976,
       53.553792
      ],
      [
       -2.191019,
       53.553745
      ],
      [
       -2.191316,
       53.553635
      ],
      [
       -2.191969,
       53.553281
      ],
      [
       -2.191874,
       53.552765
      ],
      [
       -2.191526,
       53.552667
      ],
      [
       -2.191281,
       53.552752
      ],
      [
       -2.191116,
       53.552776
      ],
      [
       -2.190942,
       53.552752
      ],
      [
       -2.190799,
       53.552649
      ],
      [
       -2.191485,
       53.552338
      ],
      [
       -2.191159,
       53.55135
      ],
      [
       -2.190942,
       53.551377
      ],
      [
       -2.190072,
       53.551555
      ],
      [
       -2.189121,
       53.551888
      ],
      [
       -2.188373,
       53.551445
      ],
      [
       -2.187847,
       53.551946
      ],
      [
       -2.187418,
       53.55239
      ],
      [
       -2.187329,
       53.552447
      ],
      [
       -2.186895,
       53.552472
      ],
      [
       -2.18657,
       53.552517
      ],
      [
       -2.186421,
       53.552555
      ],
      [
       -2.185739,
       53.552901
      ],
      [
       -2.185161,
       53.55322
      ],
      [
       -2.185013,
       53.55327
      ],
      [
       -2.184681,
       53.553288
      ],
      [
       -2.184481,
       53.55325
      ],
      [
       -2.183825,
       53.553205
      ],
      [
       -2.183631,
       53.553261
      ],
      [
       -2.183457,
       53.553356
      ],
      [
       -2.18328,
       53.553424
      ],
      [
       -2.182817,
       53.553438
      ],
      [
       -2.181616,
       53.553576
      ],
      [
       -2.181538,
       53.553604
      ],
      [
       -2.181503,
       53.553647
      ],
      [
       -2.181379,
       53.553718
      ],
      [
       -2.18125,
       53.553763
      ],
      [
       -2.181141,
       53.55378
      ],
      [
       -2.181004,
       53.55377
      ],
      [
       -2.180691,
       53.55372
      ],
      [
       -2.180522,
       53.553747
      ],
      [
       -2.180284,
       53.553839
      ],
      [
       -2.180213,
       53.553834
      ],
      [
       -2.18017,
       53.553815
      ],
      [
       -2.179892,
       53.553665
      ],
      [
       -2.179777,
       53.553652
      ],
      [
       -2.178944,
       53.553393
      ],
      [
       -2.178705,
       53.553163
      ],
      [
       -2.178506,
       53.553114
      ],
      [
       -2.177951,
       53.553158
      ],
      [
       -2.177766,
       53.553098
      ],
      [
       -2.177192,
       53.553088
      ],
      [
       -2.176226,
       53.552914
      ],
      [
       -2.175775,
       53.55274
      ],
      [
       -2.175568,
       53.552712
      ],
      [
       -2.175379,
       53.552775
      ],
      [
       -2.175176,
       53.552769
      ],
      [
       -2.174506,
       53.552631
      ],
      [
       -2.17385,
       53.552539
      ],
      [
       -2.173506,
       53.552541
      ],
      [
       -2.173315,
       53.552574
      ],
      [
       -2.173152,
       53.552652
      ],
      [
       -2.172956,
       53.552792
      ],
      [
       -2.172851,
       53.5528
      ],
      [
       -2.172703,
       53.552779
      ],
      [
       -2.172533,
       53.552722
      ],
      [
       -2.172263,
       53.552726
      ],
      [
       -2.172185,
       53.551869
      ],
      [
       -2.172026,
       53.551771
      ],
      [
       -2.171891,
       53.551642
      ],
      [
       -2.171748,
       53.551442
      ],
      [
       -2.171766,
       53.551317
      ],
      [
       -2.170091,
       53.551484
      ],
      [
       -2.170037,
       53.551468
      ],
      [
       -2.169945,
       53.551384
      ],
      [
       -2.16986,
       53.550017
      ],
      [
       -2.171682,
       53.549971
      ],
      [
       -2.171719,
       53.550877
      ],
      [
       -2.172232,
       53.550869
      ],
      [
       -2.172273,
       53.551268
      ],
      [
       -2.17238,
       53.55127
      ],
      [
       -2.173809,
       53.551126
      ],
      [
       -2.174377,
       53.551096
      ],
      [
       -2.175933,
       53.551059
      ],
      [
       -2.176838,
       53.551004
      ],
      [
       -2.176891,
       53.551013
      ],
      [
       -2.17781,
       53.550935
      ],
      [
       -2.17812,
       53.550892
      ]
     ]
    ],
    "type": "Polygon"
   }
  },
  {
   "type": "Feature",
   "properties": {
    "id": "trinity-islands",
    "name": "Trinity Islands",
    "borough": "Manchester",
    "category": "housing",
    "status": "on-site",
    "lead": "Renaker (Trinity Heights sold to Starlight Nov 2024)",
    "architects": "SimpsonHaugh",
    "stated_area_ha": 1.75,
    "homes": 1016,
    "jobs": null,
    "commercial": "Four towers incl. Trinity Heights (60 storeys); riverside public realm on the Irwell",
    "investment": "£741m",
    "milestone": "Trinity Heights topped out Jan 2026; Vista River Gardens due 2026; St John’s Waterside / West Gate started May 2026.",
    "milestone_date": "2026-05",
    "summary": "Four-tower cluster on the Irwell bank at Water Street, consented under the St John’s / Water Street frameworks (application 132429/FO/2021). Split out from the Water Street SRF record.",
    "links": [
     {
      "label": "Trinity Islands (Wikipedia)",
      "url": "https://en.wikipedia.org/wiki/Trinity_Islands,_Manchester"
     }
    ],
    "images": [
     {
      "src": "assets/images/trinity-islands/01.jpg",
      "caption": "Vista River Gardens Tower 1 and 2 Under Construction",
      "credit": "Valienne",
      "source_url": "https://commons.wikimedia.org/wiki/File:Vista_River_Gardens_Tower_1_and_2_Under_Construction.jpg",
      "licence": "CC0",
      "px": [
       1200,
       1600
      ]
     },
     {
      "src": "assets/images/trinity-islands/02.jpg",
      "caption": "Trinity Islands, 1 August 2025",
      "credit": "oatsy40",
      "source_url": "https://commons.wikimedia.org/wiki/File:Trinity_Islands,_1_August_2025.jpg",
      "licence": "CC BY 4.0",
      "px": [
       1600,
       900
      ]
     },
     {
      "src": "assets/images/trinity-islands/03.jpg",
      "caption": "Trinity Islands April 2023",
      "credit": "DanielT103",
      "source_url": "https://commons.wikimedia.org/wiki/File:Trinity_Islands_April_2023.png",
      "licence": "CC BY-SA 4.0",
      "px": [
       1600,
       1217
      ]
     }
    ],
    "confidence": "land-supply-site",
    "boundary_source": "GMCA 2025 housing land supply site 132429/FO/2021 (Trinity Islands, St John’s Masterplan), OGL v3",
    "boundary_features": 1
   },
   "geometry": {
    "coordinates": [
     [
      [
       -2.25952,
       53.477174
      ],
      [
       -2.260253,
       53.476692
      ],
      [
       -2.260521,
       53.476583
      ],
      [
       -2.260781,
       53.476513
      ],
      [
       -2.261131,
       53.476464
      ],
      [
       -2.261202,
       53.476496
      ],
      [
       -2.261236,
       53.476583
      ],
      [
       -2.26128,
       53.476896
      ],
      [
       -2.261729,
       53.476768
      ],
      [
       -2.261618,
       53.476207
      ],
      [
       -2.261539,
       53.47597
      ],
      [
       -2.261525,
       53.47588
      ],
      [
       -2.261536,
       53.475812
      ],
      [
       -2.261589,
       53.475739
      ],
      [
       -2.2617,
       53.475696
      ],
      [
       -2.263014,
       53.475774
      ],
      [
       -2.262859,
       53.476137
      ],
      [
       -2.262784,
       53.476261
      ],
      [
       -2.26257,
       53.476501
      ],
      [
       -2.262474,
       53.476583
      ],
      [
       -2.26207,
       53.476832
      ],
      [
       -2.261786,
       53.476934
      ],
      [
       -2.261762,
       53.476824
      ],
      [
       -2.261286,
       53.476975
      ],
      [
       -2.261297,
       53.477099
      ],
      [
       -2.260984,
       53.477263
      ],
      [
       -2.260929,
       53.477258
      ],
      [
       -2.260858,
       53.477293
      ],
      [
       -2.260552,
       53.477398
      ],
      [
       -2.260337,
       53.477449
      ],
      [
       -2.260068,
       53.477607
      ],
      [
       -2.25952,
       53.477174
      ]
     ]
    ],
    "type": "Polygon"
   }
  }
 ]
}